test_type,system_type,gf_exp,vec_len,tag_pos,num_tags,num_validation_messages,num_messages,message_pattern,rm_order,total_messages,false_positive_rate,false_positives,code_rate_bulk,code_rate_subsequently,theoretical_fp_rate,avg_execution_time_ms,min_execution_time_ms,max_execution_time_ms,std_execution_time_ms,throughput_msgs_per_sec,message_pdf,avg_hamming_distance,min_hamming_distance,max_hamming_distance,std_hamming_distance,message_length,collisions_avg_hamming_distance,collisions_min_hamming_distance,collisions_max_hamming_distance,collisions_std_hamming_distance,tag_size_bits,tag_pdf,total_analysis_time,analysis_timestamp,timestamp
execution_time,RMID,8,8,[2],1,1,1000000,random,1,1000000,0.003795003795003795,3795,0.010097509768442016,0.010097509768442016,0.00390625,0.0027891456494290407,0.0008950009942054749,10.060120999696665,0.01703073732369008,358532.72854528326,{},7.968490968490971,0,8,0.18198668970617832,8,7.961,5.0,8.0,0.23553980555311665,8.0,{},1.5095570087432861,1751474720.3267615,2025-07-02T16:45:20.326808
execution_time,RMID,8,8,"[2, 3]",2,1,1000000,random,1,1000000,0.003967003967003967,3967,0.005048754884221008,0.010058219847164032,1.52587890625e-05,0.004014881240903022,0.0013540011423174292,14.00659099999757,0.025242807348136647,249073.36979538685,{},7.968666968666972,0,8,0.18170915928138864,8,7.966,6.0,8.0,0.20209898564812243,8.0,{},1.722456932067871,1751474722.0530822,2025-07-02T16:45:22.053132
execution_time,RMID,8,8,"[2, 3, 4]",3,1,1000000,random,1,1000000,2.2000022000022e-05,22,0.003365836589480672,0.010058066970416548,5.960464477539063e-08,0.005219910788987007,0.0017749989638105035,13.779887000055169,0.02446603321233947,191574.15527288412,{},7.968496968496972,0,8,0.18214151517004265,8,7.954545454545454,7.0,8.0,0.20829889522526546,8.0,{},1.7246394157409668,1751474723.7794623,2025-07-02T16:45:23.779514
execution_time,RMID,8,16,[2],1,1,1000000,random,1,1000000,0.003884003884003884,3884,0.010966230164287516,0.010966230164287516,0.00390625,0.0028941453437841646,0.0009680006769485772,2.3711339999863412,0.00942674567622874,345525.1486065575,{},15.93681693681694,0,16,0.2657493466102546,16,15.941,14.0,16.0,0.2559667947215029,8.0,{},1.7792348861694336,1751474725.5598922,2025-07-02T16:45:25.559947
execution_time,RMID,8,16,"[2, 3]",2,1,1000000,random,1,1000000,1.2000012000012e-05,12,0.005483115082143758,0.010923560008006242,1.52587890625e-05,0.0043139282993964355,0.0014969991752877831,3.449800999078434,0.013771360898947876,231807.28343118515,{},15.937306937306953,0,16,0.2645570148873214,16,15.0,15.0,15.0,0.0,8.0,{},1.7969005107879639,1751474727.3579926,2025-07-02T16:45:27.358044
execution_time,RMID,8,16,"[2, 3, 4]",3,1,1000000,random,1,1000000,0.0,0,0.0036554100547625053,0.010923393978793286,5.960464477539063e-08,0.005743748090628117,0.0019929993868572637,3.3476739990874194,0.012371534222553944,174102.3429686387,{},15.936968936968936,0,16,0.26558219542471057,16,0.0,0.0,0.0,0.0,8.0,{},1.7457506656646729,1751474729.1192,2025-07-02T16:45:29.119245
execution_time,RMID,8,32,[2],1,1,1000000,random,1,1000000,0.003908003908003908,3908,0.01171875,0.01171875,0.00390625,0.003383446080604979,0.0010900002962443978,3.8577819996135077,0.014747655521325861,295556.65323952626,{},31.87385487385489,0,32,0.39649911658363457,32,31.881,30.0,32.0,0.35048395113043335,8.0,{},1.7981040477752686,1751474730.9185836,2025-07-02T16:45:30.918644
execution_time,RMID,8,32,"[2, 3]",2,1,1000000,random,1,1000000,1.4000014000014e-05,14,0.005859375,0.011673151750972763,1.52587890625e-05,0.005174597498844486,0.0017500005924375728,9.013797998704831,0.021630071492368105,193251.74571032918,{},31.873596873596867,0,32,0.39688081662753316,32,31.928571428571427,31.0,32.0,0.25753937681885636,8.0,{},1.7731962203979492,1751474732.693017,2025-07-02T16:45:32.693070
execution_time,RMID,8,32,"[2, 3, 4]",3,1,1000000,random,1,1000000,0.0,0,0.00390625,0.011672974328575988,5.960464477539063e-08,0.006735005968164273,0.0023480006348108873,4.69947800047521,0.023446297784498648,148477.96790780945,{},31.87412387412389,0,32,0.3958489094467532,32,0.0,0.0,0.0,0.0,8.0,{},1.792306661605835,1751474734.4864843,2025-07-02T16:45:34.486540
execution_time,RMID,8,64,[2],1,1,1000000,random,1,1000000,0.003942003942003942,3942,0.012382519536884032,0.012382519536884032,0.00390625,0.004059647374876925,0.0012719992810161784,6.85907099978067,0.023728060918976876,246326.81305979603,{},63.74819374819374,0,64,0.6157498852550366,64,63.764,62.0,64.0,0.47781167838385863,8.0,{},1.7672216892242432,1751474736.2549117,2025-07-02T16:45:36.254969
execution_time,RMID,8,64,"[2, 3]",2,1,1000000,random,1,1000000,1.8000018000018e-05,18,0.006191259768442016,0.012334338527012888,1.52587890625e-05,0.006174997406078045,0.0020589995983755216,3.1608690005668905,0.0205557005217008,161943.38786534563,{},63.74871574871574,0,64,0.6149980187868819,64,63.77777777777778,62.0,64.0,0.5328701692569688,8.0,{},1.7891273498535156,1751474738.0687885,2025-07-02T16:45:38.068842
execution_time,RMID,8,64,"[2, 3, 4]",3,1,1000000,random,1,1000000,1.000001000001e-06,1,0.004127506512294678,0.012334151055115771,5.960464477539063e-08,0.008158263222792153,0.0028779995773220435,10.684079001293867,0.02368968425208732,122575.10853612192,{},63.748358748358775,0,64,0.6148365839661553,64,64.0,64.0,64.0,0.0,8.0,{},1.8417637348175049,1751474739.911877,2025-07-02T16:45:39.911925
execution_time,RMID,8,128,[2],1,1,500000,random,1,500000,0.004000008000016,2000,0.012976281620653759,0.012976281620653759,0.00390625,0.0048350607885578175,0.0016009998944355175,4.90810300107114,0.018557395441910082,206822.632378584,{},127.49144298288606,0,128,1.2397737602650996,128,127.487,124.0,128.0,0.7360917062431828,8.0,{},0.911104679107666,1751474740.8241675,2025-07-02T16:45:40.824226
execution_time,RMID,8,128,"[2, 3]",2,1,500000,random,1,500000,1.6000032000064e-05,8,0.006488140810326879,0.012925790252480009,1.52587890625e-05,0.0077830550581594,0.0027170008252141997,9.207550001519849,0.035329502602525376,128484.25104633503,{},127.49193698387394,0,128,1.2404817926479597,128,127.375,126.0,128.0,0.6959705453537527,8.0,{},0.9657669067382812,1751474741.7915282,2025-07-02T16:45:41.791581
execution_time,RMID,8,128,"[2, 3, 4]",3,1,500000,random,1,500000,0.0,0,0.0043254272068845865,0.012925593790998505,5.960464477539063e-08,0.01072776172355726,0.003739000021596439,12.065992999851005,0.02757874940497724,93216.08978358313,{},127.49005898011796,0,128,1.2406454939136926,128,0.0,0.0,0.0,0.0,8.0,{},0.9265446662902832,1751474742.7192953,2025-07-02T16:45:42.719348
execution_time,RMID,8,256,[2],1,1,333333,random,1,333333,0.003876015504062016,1292,0.013513404760301943,0.013513404760301943,0.00390625,0.006646270949283244,0.002155999027309008,9.388893999130232,0.021537717574236975,150460.3118998396,{},254.9743888975556,0,256,2.6912191823536253,256,254.974,250.0,256.0,1.0066399554955088,8.0,{},0.6407923698425293,1751474743.385845,2025-07-02T16:45:43.385904
execution_time,RMID,8,256,"[2, 3]",2,1,333333,random,1,333333,9.000036000144001e-06,3,0.006756702380150971,0.013460823418822168,1.52587890625e-05,0.011525427973942251,0.003973000275436789,8.985362999737845,0.02597215181942601,86764.67392455119,{},254.97712490849977,0,256,2.6897576237629175,256,255.0,254.0,256.0,0.816496580927726,8.0,{},0.6624984741210938,1751474744.0497024,2025-07-02T16:45:44.049761
execution_time,RMID,8,256,"[2, 3, 4]",3,1,333333,random,1,333333,0.0,0,0.004504468253433981,0.013460618825272417,5.960464477539063e-08,0.016837481436480162,0.006252999810385518,6.587197000044398,0.02959835454514437,59391.30527166584,{},254.97379789519167,0,256,2.6907202223777844,256,0.0,0.0,0.0,0.0,8.0,{},0.7015113830566406,1751474744.752494,2025-07-02T16:45:44.752541
execution_time,RMID,8,512,[2],1,1,166666,random,1,166666,0.004008040080400804,668,0.014003759768442016,0.014003759768442016,0.00390625,0.010548262439740986,0.0033149990485981107,9.737702001075377,0.03801338268094589,94802.34358148517,{},509.9073230732305,0,512,7.20556089048318,512,509.9940119760479,505.0,512.0,1.4215914418008728,8.0,{},0.3948037624359131,1751474745.1485543,2025-07-02T16:45:45.148613
execution_time,RMID,8,512,"[2, 3]",2,1,166666,random,1,166666,1.2000120001200012e-05,2,0.007001879884221008,0.01394927043082162,1.52587890625e-05,0.019706529300380762,0.006149999535409734,7.744672999251634,0.040284179773016,50744.60270285536,{},509.9048630486303,0,512,7.205199974757501,512,511.0,510.0,512.0,1.0,8.0,{},0.4953439235687256,1751474745.6452794,2025-07-02T16:45:45.645333
execution_time,RMID,8,512,"[2, 3, 4]",3,1,166666,random,1,166666,0.0,0,0.004667919922814005,0.013949058413275211,5.960464477539063e-08,0.029863619878536193,0.00933699993765913,12.9548299992166,0.14591714227596594,33485.558819301994,{},509.90332703327044,0,512,7.205243642466515,512,0.0,0.0,0.0,0.0,8.0,{},0.6232180595397949,1751474746.303531,2025-07-02T16:45:46.303593
execution_time,RMID,8,1024,[2],1,1,100000,random,1,100000,0.003940039400394004,394,0.014454842648988641,0.014454842648988641,0.00390625,0.01819316801831321,0.005719000910175964,9.77431799947226,0.057574335026496185,54965.68816345794,{},1019.6622666226663,0,1024,18.349075161446265,1024,1020.0126903553299,1013.0,1024.0,2.037053054727589,8.0,{},0.40091538429260254,1751474746.7057846,2025-07-02T16:45:46.705861
execution_time,RMID,8,1024,"[2, 3]",2,1,100000,random,1,100000,0.0,0,0.007227421324494321,0.014398598125062615,1.52587890625e-05,0.03537895558974059,0.011160998838022351,4.403670000101556,0.03651506597701458,28265.39063493401,{},1019.6823868238679,0,1024,18.34937877870871,1024,0.0,0.0,0.0,0.0,8.0,{},0.5029120445251465,1751474747.2101524,2025-07-02T16:45:47.210208
execution_time,RMID,8,1024,"[2, 3, 4]",3,1,100000,random,1,100000,0.0,0,0.004818280882996214,0.014398379278101312,5.960464477539063e-08,0.05259858675724667,0.01583499943080824,2.46128700018744,0.024419317275893672,19011.91765123284,{},1019.6675066750666,0,1024,18.349256919869198,1024,0.0,0.0,0.0,0.0,8.0,{},0.6120505332946777,1751474747.823526,2025-07-02T16:45:47.823574
execution_time,RMID,8,2048,[2],1,1,100000,random,1,100000,0.003960039600396004,396,0.014872480164287516,0.014872480164287516,0.00390625,0.03441345710162055,0.010714000381994992,4.888768999080639,0.03180383007593235,29058.39994648226,{},2039.341773417734,0,2048,36.590267037297785,2048,2040.4772727272727,2032.0,2047.0,2.749102449737948,8.0,{},0.7019648551940918,1751474748.5268135,2025-07-02T16:45:48.526881
execution_time,RMID,8,2048,"[2, 3]",2,1,100000,random,1,100000,1.000010000100001e-05,1,0.007436240082143758,0.01481461059166383,1.52587890625e-05,0.06615322190171988,0.020372999642859213,10.02070300091873,0.09186736449104083,15116.421713905995,{},2039.343943439434,0,2048,36.590305586035065,2048,2038.0,2038.0,2038.0,0.0,8.0,{},0.917633056640625,1751474749.4778545,2025-07-02T16:45:49.477904
execution_time,RMID,8,2048,"[2, 3, 4]",3,1,100000,random,1,100000,0.0,0,0.004957493388095839,0.014814385421651949,5.960464477539063e-08,0.10088311550788191,0.030617999073001556,10.893001999647822,0.09455609708624414,9912.461515146912,{},2039.3354233542339,0,2048,36.58953195611985,2048,0.0,0.0,0.0,0.0,8.0,{},0.851001501083374,1751474750.3301117,2025-07-02T16:45:50.330158
execution_time,RMID,8,4096,[2],1,1,100000,random,1,100000,0.003810038100381004,381,0.015261291389095776,0.015261291389095776,0.00390625,0.06274092761728255,0.01877799877547659,13.869288000933011,0.14427139226787283,15938.559373874177,{},4078.6929969299704,0,4096,73.07122446324976,4096,4080.0734908136483,4066.0,4090.0,3.937817939409002,8.0,{},1.2856249809265137,1751474751.6168997,2025-07-02T16:45:51.616958
execution_time,RMID,8,4096,"[2, 3]",2,1,100000,random,1,100000,5.000050000500005e-05,5,0.007630645694547888,0.015201908932328867,1.52587890625e-05,0.12741174816783882,0.03705000017362181,10.896768000748125,0.0858253044046179,7848.56980914119,{},4078.6782367823685,0,4094,73.07000423626727,4096,4081.6,4075.0,4086.0,3.8262252939417984,8.0,{},1.6414520740509033,1751474753.2596714,2025-07-02T16:45:53.259726
execution_time,RMID,8,4096,"[2, 3, 4]",3,1,100000,random,1,100000,0.0,0,0.005087097129698592,0.01520167787569773,5.960464477539063e-08,0.19430650045590123,0.05590599903371185,11.788663001425448,0.16059342749463024,5146.508210758264,{},4078.686476864769,0,4094,73.07091386015692,4096,0.0,0.0,0.0,0.0,8.0,{},2.103835105895996,1751474755.3647416,2025-07-02T16:45:55.364790
execution_time,RMID,8,8192,[2],1,1,100000,random,1,100000,0.003820038200382004,382,0.015625,0.015625,0.00390625,0.12602469251835655,0.03687499884108547,7.309869000891922,0.06290789514890519,7934.952904997897,{},8157.379923799239,0,8180,146.03302950763896,8192,8160.039267015707,8141.0,8174.0,5.486874150589697,8.0,{},2.4907896518707275,1751474757.8873844,2025-07-02T16:45:57.887447
execution_time,RMID,8,8192,"[2, 3]",2,1,100000,random,1,100000,1.000010000100001e-05,1,0.0078125,0.01556420233463035,1.52587890625e-05,0.2581609334271356,0.07352600005106069,11.58541099903232,0.11966584676978964,3873.5527747161796,{},8157.3733937339375,0,8181,146.0334000936652,8192,8163.0,8163.0,8163.0,0.0,8.0,{},3.2777254581451416,1751474761.1663911,2025-07-02T16:46:01.166446
execution_time,RMID,8,8192,"[2, 3, 4]",3,1,100000,random,1,100000,0.0,0,0.005208333333333333,0.015563965771434651,5.960464477539063e-08,0.3991618738403636,0.11416500092309434,12.657653000132996,0.17864529119743147,2505.249287410473,{},8157.373383733838,0,8180,146.03399407740727,8192,0.0,0.0,0.0,0.0,8.0,{},4.322643756866455,1751474765.490251,2025-07-02T16:46:05.490318
execution_time,RMID,8,16384,[2],1,1,100000,random,1,100000,0.004050040500405004,405,0.015966651723634137,0.015966651723634137,0.00390625,0.2617274841746817,0.07706600081291981,8.689960999618052,0.1233122326841659,3820.768014308278,{},16314.835868358687,0,16356,291.9589633717675,16384,16320.08888888889,16295.0,16343.0,8.297969408011594,8.0,{},5.070525407791138,1751474770.5621815,2025-07-02T16:46:10.562248
execution_time,RMID,8,16384,"[2, 3]",2,1,100000,random,1,100000,1.000010000100001e-05,1,0.007983325861817069,0.015904524674125835,1.52587890625e-05,0.5162163989151946,0.14994100092735607,10.86987000053341,0.1592964796782999,1937.1720892661583,{},16314.78397783978,0,16353,291.9590808901505,16384,16324.0,16324.0,16324.0,0.0,8.0,{},6.468153238296509,1751474777.0320518,2025-07-02T16:46:17.032107
execution_time,RMID,8,16384,"[2, 3, 4]",3,1,100000,random,1,100000,0.0,0,0.005322217241211379,0.015904282938307826,5.960464477539063e-08,0.7705994029269629,0.22363500102073886,11.163875000420376,0.21136911783822265,1297.6911170728997,{},16314.832978329785,0,16351,291.95895682092663,16384,0.0,0.0,0.0,0.0,8.0,{},7.810971021652222,1751474784.8801012,2025-07-02T16:46:24.880155
execution_time,RMID,8,32768,[2],1,1,100000,random,1,100000,0.004110041100411004,411,0.016288769536884032,0.016288769536884032,0.00390625,0.5324122253652837,0.16984800095087849,12.029420000544633,0.22942932180577189,1878.243872619394,{},32629.52784527846,0,32690,583.8064194935451,32768,32640.311435523116,32612.0,32670.0,11.261343159858459,8.0,{},10.284912824630737,1751474795.1663396,2025-07-02T16:46:35.166440
execution_time,RMID,8,32768,"[2, 3]",2,1,100000,random,1,100000,0.0,0,0.008144384768442016,0.016225389110670476,1.52587890625e-05,1.0698950285899484,0.30523899840773083,40.14683900095406,0.3521847819273454,934.6711343429032,{},32629.603586035857,0,32686,583.808135301951,32768,0.0,0.0,0.0,0.0,8.0,{},13.468645811080933,1751474808.6371977,2025-07-02T16:46:48.637298
execution_time,RMID,8,32768,"[2, 3, 4]",3,1,100000,random,1,100000,0.0,0,0.005429589845628011,0.016225142497974434,5.960464477539063e-08,1.5596927389860529,0.4769279985339381,12.75891600016621,0.382414644072577,641.1519237116498,{},32629.49738497384,0,32685,583.8061550831748,32768,0.0,0.0,0.0,0.0,8.0,{},16.0943500995636,1751474824.7340262,2025-07-02T16:47:04.734076
execution_time,RMID,8,65536,[2],1,1,100000,random,1,100000,0.0037300373003730037,373,0.016593466849389005,0.016593466849389005,0.00390625,1.0241595739146234,0.30486200012092013,12.886858999991091,0.2728094649611953,976.4103421674039,{},65259.0444104441,0,65348,1167.5041017008004,65536,65280.764075067025,65237.0,65332.0,15.210871535991794,8.0,{},19.568196773529053,1751474844.3035564,2025-07-02T16:47:24.303620
execution_time,RMID,8,65536,"[2, 3]",2,1,100000,random,1,100000,5.000050000500005e-05,5,0.008296733424694502,0.016528900830519788,1.52587890625e-05,2.102438381813931,0.5819649995828513,12.6580889991601,0.5323488970074691,475.6381964151668,{},65258.99908999093,0,65344,1167.5042624326081,65536,65270.4,65251.0,65283.0,11.689311356961968,8.0,{},26.35632085800171,1751474870.6964142,2025-07-02T16:47:50.696471
execution_time,RMID,8,65536,"[2, 3, 4]",3,1,100000,random,1,100000,0.0,0,0.005531155616463002,0.016528649604692868,5.960464477539063e-08,3.1401727622751,0.9369109993713209,16.796279000118375,0.7258846661751946,318.4538163038793,{},65259.09450094499,0,65345,1167.5049069314193,65536,0.0,0.0,0.0,0.0,8.0,{},32.741575717926025,1751474903.4393275,2025-07-02T16:48:23.439380
execution_time,RMID,16,8,[2],1,1,1000000,random,1,1000000,1.4000014000014e-05,14,3.9443397532976625e-05,3.9443397532976625e-05,1.52587890625e-05,0.003057579220905524,0.0010280000424245372,4.02535600005649,0.015547039291980307,327056.1211178832,{},3.999813999813995,0,4,0.02387357817839776,4,3.0,3.0,3.0,0.0,16.0,{},1.801849603652954,1751474905.2596488,2025-07-02T16:48:25.259704
execution_time,RMID,16,8,"[2, 3]",2,1,1000000,random,1,1000000,2.000002000002e-05,20,1.9721698766488312e-05,3.944279568367725e-05,2.3283064365386963e-10,0.004348514341389166,0.0015080004232004285,3.536459000315517,0.011684829434971976,229963.59710303784,{},3.9998129998129928,0,4,0.02389450420254251,4,3.0,3.0,3.0,0.0,16.0,{},1.8171679973602295,1751474907.094433,2025-07-02T16:48:27.094483
execution_time,RMID,16,8,"[2, 3, 4]",3,1,1000000,random,1,1000000,1.7000017000017e-05,17,1.3147799177658874e-05,3.94427956744939e-05,3.552713678800501e-15,0.005624123533353869,0.0019929993868572637,7.6031489988963585,0.014338344703258628,177805.48276891487,{},3.999815999815993,0,4,0.02383167088217772,4,3.0,3.0,3.0,0.0,16.0,{},1.811692237854004,1751474908.9219842,2025-07-02T16:48:28.922043
execution_time,RMID,16,16,[2],1,1,1000000,random,1,1000000,1.5000015000015e-05,15,4.283683657924811e-05,4.283683657924811e-05,1.52587890625e-05,0.003177850881373156,0.0010619987733662128,3.4997600014321506,0.01597739373238005,314678.0756332713,{},7.999628999628992,0,8,0.04650586317925521,8,7.0,7.0,7.0,0.0,16.0,{},1.820329189300537,1751474910.7923956,2025-07-02T16:48:30.792445
execution_time,RMID,16,16,"[2, 3]",2,1,1000000,random,1,1000000,1.000001000001e-05,10,2.1418418289624055e-05,4.283618295096822e-05,2.3283064365386963e-10,0.00454028810370943,0.0015770001482451335,5.717727999581257,0.014109188571128035,220250.3403215749,{},7.999618999619003,0,8,0.04661316852919657,8,7.0,7.0,7.0,0.0,16.0,{},1.8607802391052246,1751474912.6712892,2025-07-02T16:48:32.671339
execution_time,RMID,16,16,"[2, 3, 4]",3,1,1000000,random,1,1000000,1.6000016000016e-05,16,1.4278945526416036e-05,4.283618294099479e-05,3.552713678800501e-15,0.00586516890427757,0.0020349998521851376,2.7286519998597214,0.011652761989068049,170498.07368218884,{},7.999632999632998,0,8,0.046462871047513385,8,7.0,7.0,7.0,0.0,16.0,{},1.8559050559997559,1751474914.5437853,2025-07-02T16:48:34.543834
execution_time,RMID,16,32,[2],1,1,1000000,random,1,1000000,9.000009000009e-06,9,4.57763671875e-05,4.57763671875e-05,1.52587890625e-05,0.003289056819561863,0.0011329993867548183,3.8341870003932854,0.014651197781850348,304038.52984613704,{},15.999247999247993,0,16,0.09182141972696371,16,16.0,16.0,16.0,0.0,16.0,{},1.8268239498138428,1751474916.3878756,2025-07-02T16:48:36.387930
execution_time,RMID,16,32,"[2, 3]",2,1,1000000,random,1,1000000,2.1000021000021e-05,21,2.288818359375e-05,4.577566870622702e-05,2.3283064365386963e-10,0.004784536121486871,0.0016809990484034643,11.30791299874545,0.02013894899645543,209006.67789069467,{},15.99924799924801,0,16,0.091821419726514,16,16.0,16.0,16.0,0.0,16.0,{},1.8675978183746338,1751474918.271703,2025-07-02T16:48:38.271754
execution_time,RMID,16,32,"[2, 3, 4]",3,1,1000000,random,1,1000000,0.0,0,1.52587890625e-05,4.57756686955692e-05,3.552713678800501e-15,0.006309160120207629,0.002234999556094408,3.823401999397902,0.016948667242112508,158499.70217067352,{},15.999272999273012,0,16,0.09168539070950844,16,0.0,0.0,0.0,0.0,16.0,{},1.908456563949585,1751474920.2313588,2025-07-02T16:48:40.231402
execution_time,RMID,16,64,[2],1,1,1000000,random,1,1000000,1.6000016000016e-05,16,4.836921694095325e-05,4.836921694095325e-05,1.52587890625e-05,0.0035045922513362994,0.0012149994290666655,3.331576999698882,0.014039767492017494,285339.8992760714,{},31.998480998480968,0,32,0.18237231575389456,32,32.0,32.0,32.0,0.0,16.0,{},1.8556344509124756,1751474922.1042528,2025-07-02T16:48:42.104307
execution_time,RMID,16,64,"[2, 3]",2,1,1000000,random,1,1000000,0.0,0,2.4184608470476625e-05,4.8368478896536496e-05,2.3283064365386963e-10,0.005394121850729513,0.0018669998098630458,6.441895000534714,0.02057587039838533,185386.98747874185,{},31.998470998471007,0,32,0.18239964573602044,32,0.0,0.0,0.0,0.0,16.0,{},1.863532304763794,1751474923.9858594,2025-07-02T16:48:43.985910
execution_time,RMID,16,64,"[2, 3, 4]",3,1,1000000,random,1,1000000,0.0,0,1.6123072313651084e-05,4.8368478885275003e-05,3.552713678800501e-15,0.006793197933475419,0.0023630000214325264,4.508029000135139,0.01215633031889784,147206.0743397767,{},31.998474998474993,0,32,0.18238871429937065,32,0.0,0.0,0.0,0.0,16.0,{},1.8644778728485107,1751474925.8675807,2025-07-02T16:48:45.867628
execution_time,RMID,16,128,[2],1,1,500000,random,1,500000,1.6000032000064e-05,8,5.0688600080678744e-05,5.0688600080678744e-05,1.52587890625e-05,0.003972158643494578,0.0014500001270789653,4.317488999731722,0.01416524367015484,251752.281253357,{},63.99496798993593,0,64,0.5128726639915465,64,64.0,64.0,64.0,0.0,16.0,{},0.9648013114929199,1751474926.8506384,2025-07-02T16:48:46.850687
execution_time,RMID,16,128,"[2, 3]",2,1,500000,random,1,500000,0.0,0,2.5344300040339372e-05,5.068782664582392e-05,2.3283064365386963e-10,0.006188974918295365,0.002368000423302874,4.4224520006537205,0.0190842645410491,161577.64625025025,{},63.994971989943984,0,64,0.5128688038427714,64,0.0,0.0,0.0,0.0,16.0,{},0.9852819442749023,1751474927.8848143,2025-07-02T16:48:47.884865
execution_time,RMID,16,128,"[2, 3, 4]",3,1,500000,random,1,500000,0.0,0,1.6896200026892916e-05,5.068782663402242e-05,3.552713678800501e-15,0.008315288251448002,0.0034390013752272353,3.923619000488543,0.019861340091698453,120260.4130801915,{},63.99495398990802,0,64,0.5128861740385161,64,0.0,0.0,0.0,0.0,16.0,{},0.7617907524108887,1751474928.6642642,2025-07-02T16:48:48.664323
execution_time,RMID,16,256,[2],1,1,333333,random,1,333333,2.1000084000336003e-05,7,5.278673734492946e-05,5.278673734492946e-05,1.52587890625e-05,0.005068787648777138,0.001865000740508549,6.562923999808845,0.029288360321893327,197285.83426477798,{},127.98565994263977,0,128,1.2548216956742968,128,128.0,128.0,128.0,0.0,16.0,{},0.6852371692657471,1751474929.3665743,2025-07-02T16:48:49.366632
execution_time,RMID,16,256,"[2, 3]",2,1,333333,random,1,333333,0.0,0,2.639336867246473e-05,5.27859318955292e-05,2.3283064365386963e-10,0.007702000249658637,0.0032509997254237533,3.4129739997297293,0.018632440872533695,129836.40191965994,{},127.98567194268774,0,128,1.2548122704748503,128,0.0,0.0,0.0,0.0,16.0,{},0.6795172691345215,1751474930.0636632,2025-07-02T16:48:50.063721
execution_time,RMID,16,256,"[2, 3, 4]",3,1,333333,random,1,333333,0.0,0,1.7595579114976487e-05,5.2785931883239205e-05,3.552713678800501e-15,0.010988284577929018,0.00451400046586059,4.472100999919348,0.03147396440925265,91006.01580783521,{},127.98571394285571,0,128,1.2547984057721393,128,0.0,0.0,0.0,0.0,16.0,{},0.6952948570251465,1751474930.776907,2025-07-02T16:48:50.776959
execution_time,RMID,16,512,[2],1,1,166666,random,1,166666,1.800018000180002e-05,3,5.4702186595476625e-05,5.4702186595476625e-05,1.52587890625e-05,0.006573642823604326,0.0028670001483988017,2.254732000437798,0.01791304822219076,152122.65509912514,{},255.94670146701455,0,256,3.547106273222109,256,256.0,256.0,256.0,0.0,16.0,{},0.4124011993408203,1751474931.2479296,2025-07-02T16:48:51.247988
execution_time,RMID,16,512,"[2, 3]",2,1,166666,random,1,166666,0.0,0,2.7351093297738312e-05,5.4701351919086256e-05,2.3283064365386963e-10,0.011665090703959031,0.005036999937146902,3.532135999193997,0.024765374769610767,85725.86578007565,{},255.94697146971464,0,256,3.547067193092326,256,0.0,0.0,0.0,0.0,16.0,{},0.44163966178894043,1751474931.7068677,2025-07-02T16:48:51.706921
execution_time,RMID,16,512,"[2, 3, 4]",3,1,166666,random,1,166666,0.0,0,1.8234062198492208e-05,5.47013519063503e-05,3.552713678800501e-15,0.017589022439103184,0.00691599962010514,6.804788999943412,0.055580484364892525,56853.64285947134,{},255.94688146881455,0,256,3.5470802221328634,256,0.0,0.0,0.0,0.0,16.0,{},0.508378267288208,1751474932.2317998,2025-07-02T16:48:52.231855
execution_time,RMID,16,1024,[2],1,1,100000,random,1,100000,1.000010000100001e-05,1,5.646422909761188e-05,5.646422909761188e-05,1.52587890625e-05,0.010532782297001253,0.004080999133293517,9.386798999912571,0.043198637135254576,94941.67559930542,{},511.8282782827829,0,512,9.156337332225247,512,512.0,512.0,512.0,0.0,16.0,{},0.3463261127471924,1751474932.5951283,2025-07-02T16:48:52.595186
execution_time,RMID,16,1024,"[2, 3]",2,1,100000,random,1,100000,0.0,0,2.823211454880594e-05,5.646336753499691e-05,2.3283064365386963e-10,0.01914310987303813,0.0072879993240348995,3.918047999832197,0.035156165708236556,52238.11630567076,{},511.8284582845827,0,512,9.15632978717028,512,0.0,0.0,0.0,0.0,16.0,{},0.4124326705932617,1751474933.023836,2025-07-02T16:48:53.023893
execution_time,RMID,16,1024,"[2, 3, 4]",3,1,100000,random,1,100000,0.0,0,1.882140969920396e-05,5.6463367521850706e-05,3.552713678800501e-15,0.028035599612974384,0.011755999366869219,3.2549390016356483,0.03639543848357805,35668.93570334831,{},511.8287882878828,0,512,9.156319038845377,512,0.0,0.0,0.0,0.0,16.0,{},0.4746561050415039,1751474933.552553,2025-07-02T16:48:53.552607
execution_time,RMID,16,2048,[2],1,1,100000,random,1,100000,1.000010000100001e-05,1,5.809562564174811e-05,5.809562564174811e-05,1.52587890625e-05,0.01812788057929978,0.007695000022067688,2.577450000899262,0.01992032880297767,55163.64671675406,{},1023.6575065750654,0,1024,18.312239621198806,1024,1024.0,1024.0,1024.0,0.0,16.0,{},0.5185036659240723,1751474934.0887299,2025-07-02T16:48:54.088792
execution_time,RMID,16,2048,"[2, 3]",2,1,100000,random,1,100000,0.0,0,2.9047812820874055e-05,5.8094739186377225e-05,2.3283064365386963e-10,0.03369556144769027,0.014741000995854847,1.1047290008718846,0.012657543619358051,29677.49926210376,{},1023.6566265662655,0,1024,18.312244437167116,1024,0.0,0.0,0.0,0.0,16.0,{},0.6187324523925781,1751474934.7245648,2025-07-02T16:48:54.724617
execution_time,RMID,16,2048,"[2, 3, 4]",3,1,100000,random,1,100000,0.0,0,1.936520854724937e-05,5.809473917285119e-05,3.552713678800501e-15,0.05076620761944992,0.019998000425403006,3.3581440002308227,0.03226903056515968,19698.14266009645,{},1023.6567065670654,0,1024,18.31224539070348,1024,0.0,0.0,0.0,0.0,16.0,{},0.7480068206787109,1751474935.4897003,2025-07-02T16:48:55.489765
execution_time,RMID,16,4096,[2],1,1,100000,random,1,100000,1.000010000100001e-05,1,5.9614419488655376e-05,5.9614419488655376e-05,1.52587890625e-05,0.03476185413785813,0.013253000361146405,4.089423000550596,0.05101420344969099,28767.16518152951,{},2047.314953149532,0,2048,36.624071685593755,2048,2048.0,2048.0,2048.0,0.0,16.0,{},0.8934156894683838,1751474936.4005775,2025-07-02T16:48:56.400631
execution_time,RMID,16,4096,"[2, 3]",2,1,100000,random,1,100000,0.0,0,2.9807209744327688e-05,5.9613509858683166e-05,2.3283064365386963e-10,0.06628196517201485,0.026637999326339923,4.295711998565821,0.058598158582168186,15087.060219243676,{},2047.3141731417318,0,2048,36.624068010431095,2048,0.0,0.0,0.0,0.0,16.0,{},1.1102285385131836,1751474937.5652544,2025-07-02T16:48:57.565314
execution_time,RMID,16,4096,"[2, 3, 4]",3,1,100000,random,1,100000,0.0,0,1.9871473162885124e-05,5.961350984480353e-05,3.552713678800501e-15,0.10102026246261829,0.03843000013148412,8.733709000807721,0.09808904983554774,9899.00417621704,{},2047.312323123231,0,2048,36.624060490667155,2048,0.0,0.0,0.0,0.0,16.0,{},1.3704373836517334,1751474938.9523578,2025-07-02T16:48:58.952413
execution_time,RMID,16,8192,[2],1,1,100000,random,1,100000,0.0,0,6.103515625e-05,6.103515625e-05,1.52587890625e-05,0.06804435967557464,0.026544999855104834,7.5959030000376515,0.0936127985196013,14696.295251624835,{},4094.6250862508614,0,4096,73.24768212945034,4096,0.0,0.0,0.0,0.0,16.0,{},1.6448190212249756,1751474940.6148071,2025-07-02T16:49:00.614860
execution_time,RMID,16,8192,"[2, 3]",2,1,100000,random,1,100000,0.0,0,3.0517578125e-05,6.103422494163602e-05,2.3283064365386963e-10,0.1325336423843771,0.05478400089486968,9.135667000009562,0.11514242063462991,7545.254035196416,{},4094.6272562725635,0,4096,73.24770841843578,4096,0.0,0.0,0.0,0.0,16.0,{},2.0643832683563232,1751474942.696482,2025-07-02T16:49:02.696538
execution_time,RMID,16,8192,"[2, 3, 4]",3,1,100000,random,1,100000,0.0,0,2.0345052083333332e-05,6.10342249274256e-05,3.552713678800501e-15,0.19533158870731362,0.0756110002839705,7.02916800037201,0.14000052818482153,5119.499649892306,{},4094.6275862758625,0,4096,73.24771152955581,4096,0.0,0.0,0.0,0.0,16.0,{},2.4864678382873535,1751474945.2006125,2025-07-02T16:49:05.200670
execution_time,RMID,16,16384,[2],1,1,100000,random,1,100000,2.000020000200002e-05,2,6.236973329544585e-05,6.236973329544585e-05,1.52587890625e-05,0.13461235423507537,0.05177400089451112,9.882186999675469,0.10173519159805335,7428.738659853512,{},8189.25271252713,0,8192,146.49496649420612,8192,8192.0,8192.0,8192.0,0.0,16.0,{},3.043555498123169,1751474948.3005612,2025-07-02T16:49:08.300613
execution_time,RMID,16,16384,"[2, 3]",2,1,100000,random,1,100000,0.0,0,3.1184866647722924e-05,6.236878162336297e-05,2.3283064365386963e-10,0.2512505202105281,0.10099399878527038,6.394293000994367,0.07945331331326788,3980.091261749742,{},8189.255392553926,0,8192,146.49500470306987,8192,0.0,0.0,0.0,0.0,16.0,{},3.710353136062622,1751474952.0271797,2025-07-02T16:49:12.027232
execution_time,RMID,16,16384,"[2, 3, 4]",3,1,100000,random,1,100000,0.0,0,2.0789911098481948e-05,6.236878160884183e-05,3.552713678800501e-15,0.3846210159497179,0.13311099974089302,8.2208610001544,0.17883792486334593,2599.9619327372675,{},8189.253632536326,0,8192,146.49498216959034,8192,0.0,0.0,0.0,0.0,16.0,{},4.764693975448608,1751474956.8079019,2025-07-02T16:49:16.807958
execution_time,RMID,16,32768,[2],1,1,100000,random,1,100000,1.000010000100001e-05,1,6.362800600345325e-05,6.362800600345325e-05,1.52587890625e-05,0.27544896687528253,0.09310499990533572,8.446946998446947,0.13960876056314017,3630.436560877641,{},16378.508555085551,0,16384,292.98955782916363,16384,16384.0,16384.0,16384.0,0.0,16.0,{},6.0201780796051025,1751474962.844337,2025-07-02T16:49:22.844390
execution_time,RMID,16,32768,"[2, 3]",2,1,100000,random,1,100000,0.0,0,3.1814003001726625e-05,6.36270351319455e-05,2.3283064365386963e-10,0.5318888000448199,0.17669699991529342,9.148062999884132,0.25262355056000313,1880.0922296459985,{},16378.507325073251,0,16384,292.98953694676834,16384,0.0,0.0,0.0,0.0,16.0,{},8.056296110153198,1751474970.9156818,2025-07-02T16:49:30.915734
execution_time,RMID,16,32768,"[2, 3, 4]",3,1,100000,random,1,100000,0.0,0,2.1209335334484416e-05,6.36270351171314e-05,3.552713678800501e-15,0.7638505325427506,0.27590699937718455,11.383999000827316,0.21423662435066892,1309.156644391071,{},16378.502635026352,0,16384,292.98945878850657,16384,0.0,0.0,0.0,0.0,16.0,{},9.238075494766235,1751474980.2049086,2025-07-02T16:49:40.204954
execution_time,RMID,16,65536,[2],1,1,100000,random,1,100000,0.0,0,6.48182298804258e-05,6.48182298804258e-05,1.52587890625e-05,1.0025175191275533,0.17218300126842223,15.369270999144646,0.7637042990885934,997.4888028592816,{},32757.015300153013,0,32768,585.9786586920053,32768,0.0,0.0,0.0,0.0,16.0,{},22.591225624084473,1751475002.8134956,2025-07-02T16:50:02.813547
execution_time,RMID,16,65536,"[2, 3]",2,1,100000,random,1,100000,0.0,0,3.24091149402129e-05,6.48172408478201e-05,2.3283064365386963e-10,1.5594908856588534,0.3480139985185815,19.86033100001805,1.0389444374301546,641.2349114676102,{},32757.01600016,0,32768,585.9786692847048,32768,0.0,0.0,0.0,0.0,16.0,{},25.197782278060913,1751475028.0273025,2025-07-02T16:50:28.027358
execution_time,RMID,16,65536,"[2, 3, 4]",3,1,100000,random,1,100000,0.0,0,2.16060766268086e-05,6.481724083272888e-05,3.552713678800501e-15,2.039420996592232,0.5102810009702807,27.62136300043494,1.113377085594846,490.33524793112787,{},32757.014020140203,0,32768,585.9786393947252,32768,0.0,0.0,0.0,0.0,16.0,{},27.390320301055908,1751475055.433175,2025-07-02T16:50:55.433225
execution_time,RMID,32,8,[2],1,1,1000000,random,1,1000000,0.0,0,6.018584828640232e-10,6.018584828640232e-10,2.3283064365386963e-10,0.0032302153790272946,0.000993999492493458,11.339261000102852,0.02012777944368899,309576.8803816193,{},1.9999359999360016,0,2,0.011313352116622835,2,0.0,0.0,0.0,0.0,32.0,{},1.763019323348999,1751475057.1974175,2025-07-02T16:50:57.197470
execution_time,RMID,32,8,"[2, 3]",2,1,1000000,random,1,1000000,0.0,0,3.009292414320116e-10,6.018584827238921e-10,0.0,0.004717025806833338,0.00159599949256517,8.903301000827923,0.02423758532300365,211997.99215669886,{},1.9999359999360016,0,2,0.011313352116622835,2,0.0,0.0,0.0,0.0,32.0,{},1.7811198234558105,1751475059.0200214,2025-07-02T16:50:59.020073
execution_time,RMID,32,8,"[2, 3, 4]",3,1,1000000,random,1,1000000,0.0,0,2.0061949428800773e-10,6.018584827238921e-10,0.0,0.006389365248778072,0.0020630013750633225,5.646834000799572,0.027004792881655904,156510.06963348103,{},1.9999359999360016,0,2,0.011313352116622835,2,0.0,0.0,0.0,0.0,32.0,{},1.798619270324707,1751475060.8198986,2025-07-02T16:51:00.819951
execution_time,RMID,32,16,[2],1,1,1000000,random,1,1000000,0.0,0,6.53638253467531e-10,6.53638253467531e-10,2.3283064365386963e-10,0.003522413386665427,0.0010759995348053053,23.17204400060291,0.03651924063846165,283896.26379051234,{},3.999871999872003,0,4,0.02262670423324567,4,0.0,0.0,0.0,0.0,32.0,{},1.7738125324249268,1751475062.594917,2025-07-02T16:51:02.594982
execution_time,RMID,32,16,"[2, 3]",2,1,1000000,random,1,1000000,0.0,0,3.268191267337655e-10,6.53638253315344e-10,0.0,0.0049140868051323035,0.0016539997886866331,7.150217999878805,0.021807481095282945,203496.60876067425,{},3.999871999872003,0,4,0.02262670423324567,4,0.0,0.0,0.0,0.0,32.0,{},1.778841257095337,1751475064.3751142,2025-07-02T16:51:04.375164
execution_time,RMID,32,16,"[2, 3, 4]",3,1,1000000,random,1,1000000,0.0,0,2.1787941782251032e-10,6.53638253315344e-10,0.0,0.006671568048701961,0.0021710002329200506,9.936966000168468,0.02991841685551556,149889.79992410672,{},3.999871999872003,0,4,0.02262670423324567,4,0.0,0.0,0.0,0.0,32.0,{},1.8164253234863281,1751475066.1927373,2025-07-02T16:51:06.192787
execution_time,RMID,32,32,[2],1,1,1000000,random,1,1000000,0.0,0,6.984919309616089e-10,6.984919309616089e-10,2.3283064365386963e-10,0.003591180474619877,0.0010929998097708449,6.143251001049066,0.025171382319260614,278459.9679875039,{},7.999743999744006,0,8,0.04525340846649134,8,0.0,0.0,0.0,0.0,32.0,{},1.7901685237884521,1751475068.020346,2025-07-02T16:51:08.020397
execution_time,RMID,32,32,"[2, 3]",2,1,1000000,random,1,1000000,0.0,0,3.4924596548080444e-10,6.984919307989786e-10,0.0,0.005373905899350596,0.0017500005924375728,4.782185998919886,0.021310096136218114,186084.3897770603,{},7.999743999744006,0,8,0.04525340846649134,8,0.0,0.0,0.0,0.0,32.0,{},1.789672613143921,1751475069.8112347,2025-07-02T16:51:09.811331
execution_time,RMID,32,32,"[2, 3, 4]",3,1,1000000,random,1,1000000,0.0,0,2.3283064365386963e-10,6.984919307989786e-10,0.0,0.006923233304350579,0.002333999873371795,6.339547999232309,0.026782198589438064,144441.18174835987,{},7.999743999744006,0,8,0.04525340846649134,8,0.0,0.0,0.0,0.0,32.0,{},1.8013312816619873,1751475071.6146967,2025-07-02T16:51:11.614776
execution_time,RMID,32,64,[2],1,1,1000000,random,1,1000000,0.0,0,7.380556784203071e-10,7.380556784203071e-10,2.3283064365386963e-10,0.003747168638712073,0.0012309992598602548,9.215948999553802,0.02583576245134572,266868.16004729015,{},15.999487999488013,0,16,0.09050681693298268,16,0.0,0.0,0.0,0.0,32.0,{},1.7851591110229492,1751475073.4014692,2025-07-02T16:51:13.401530
execution_time,RMID,32,64,"[2, 3]",2,1,1000000,random,1,1000000,0.0,0,3.690278392101536e-10,7.380556782484651e-10,0.0,0.0051666017927388995,0.0018749997252598405,2.7769119988079183,0.010975694485495653,193550.8173680797,{},15.999487999488013,0,16,0.09050681693298268,16,0.0,0.0,0.0,0.0,32.0,{},1.7716259956359863,1751475075.1744404,2025-07-02T16:51:15.174490
execution_time,RMID,32,64,"[2, 3, 4]",3,1,1000000,random,1,1000000,0.0,0,2.4601855947343573e-10,7.380556782484651e-10,0.0,0.006911834325084973,0.002380000296398066,6.091146000471781,0.019917723926764528,144679.39377116162,{},15.999487999488013,0,16,0.09050681693298268,16,0.0,0.0,0.0,0.0,32.0,{},1.8075950145721436,1751475077.0191052,2025-07-02T16:51:17.019152
execution_time,RMID,32,128,[2],1,1,500000,random,1,500000,0.0,0,7.734466565044974e-10,7.734466565044974e-10,2.3283064365386963e-10,0.003819304310086407,0.0012800010154023767,3.0213289992389036,0.012325541148224832,261827.78820716075,{},31.997951995903996,0,32,0.2559838719502574,32,0.0,0.0,0.0,0.0,32.0,{},0.6653494834899902,1751475077.6856365,2025-07-02T16:51:17.685693
execution_time,RMID,32,128,"[2, 3]",2,1,500000,random,1,500000,0.0,0,3.867233282522487e-10,7.734466563244154e-10,0.0,0.00583610840792072,0.0021790001483168453,4.6588579989474965,0.025752373922354636,171347.05699483032,{},31.997951995903996,0,32,0.2559838719502574,32,0.0,0.0,0.0,0.0,32.0,{},0.9057230949401855,1751475078.5926745,2025-07-02T16:51:18.592725
execution_time,RMID,32,128,"[2, 3, 4]",3,1,500000,random,1,500000,0.0,0,2.5781555216816583e-10,7.734466563244154e-10,0.0,0.007532126191884036,0.0026859997888095677,9.422839999388088,0.03865759365342122,132764.6370393413,{},31.997951995903996,0,32,0.2559838719502574,32,0.0,0.0,0.0,0.0,32.0,{},0.885897159576416,1751475079.479808,2025-07-02T16:51:19.479864
execution_time,RMID,32,256,[2],1,1,333333,random,1,333333,0.0,0,8.0546169044387e-10,8.0546169044387e-10,2.3283064365386963e-10,0.004496685066506023,0.0015589994291076437,9.837698999035638,0.03152331993311511,222386.04332079936,{},63.99385597542391,0,64,0.6270104292705393,64,0.0,0.0,0.0,0.0,32.0,{},0.6149957180023193,1751475080.0961025,2025-07-02T16:51:20.096154
execution_time,RMID,32,256,"[2, 3]",2,1,333333,random,1,333333,0.0,0,4.02730845221935e-10,8.054616902563339e-10,0.0,0.006581519748449834,0.0025469998945482075,10.576016999038984,0.048177909470959124,151940.59096085414,{},63.99385597542391,0,64,0.6270104292705393,64,0.0,0.0,0.0,0.0,32.0,{},0.6284985542297363,1751475080.7605016,2025-07-02T16:51:20.760553
execution_time,RMID,32,256,"[2, 3, 4]",3,1,333333,random,1,333333,0.0,0,2.6848723014795664e-10,8.054616902563339e-10,0.0,0.009030887029889703,0.0033630003599682823,8.431206000750535,0.04181175177804486,110731.09393244324,{},63.99385597542391,0,64,0.6270104292705393,64,0.0,0.0,0.0,0.0,32.0,{},0.6202869415283203,1751475081.3821194,2025-07-02T16:51:21.382247
execution_time,RMID,32,512,[2],1,1,166666,random,1,166666,0.0,0,8.346891265178928e-10,8.346891265178928e-10,2.3283064365386963e-10,0.0054080719510893145,0.001999998858082108,5.86462799947185,0.027720821104579556,184908.78247257345,{},127.97542375423757,0,128,1.7732883549485507,128,0.0,0.0,0.0,0.0,32.0,{},0.3454148769378662,1751475081.7289407,2025-07-02T16:51:21.729001
execution_time,RMID,32,512,"[2, 3]",2,1,166666,random,1,166666,0.0,0,4.173445632589464e-10,8.346891263235516e-10,0.0,0.009093039281768344,0.0034880013117799535,11.908881000636029,0.08922365416164127,109974.23072888427,{},127.97542375423757,0,128,1.7732883549485507,128,0.0,0.0,0.0,0.0,32.0,{},0.34629321098327637,1751475082.0766468,2025-07-02T16:51:22.076825
execution_time,RMID,32,512,"[2, 3, 4]",3,1,166666,random,1,166666,0.0,0,2.782297088392976e-10,8.346891263235516e-10,0.0,0.011879083256842643,0.005899000825593248,2.432804998534266,0.020688559724608615,84181.58020939668,{},127.97542375423757,0,128,1.7732883549485507,128,0.0,0.0,0.0,0.0,32.0,{},0.3484988212585449,1751475082.426673,2025-07-02T16:51:22.426731
execution_time,RMID,32,1024,[2],1,1,100000,random,1,100000,0.0,0,8.615757613771344e-10,8.615757613771344e-10,2.3283064365386963e-10,0.007734890041006471,0.0029919992812210694,12.57893799993326,0.07534759587510258,129284.32010002808,{},255.91807918079178,0,256,4.578024661774514,256,0.0,0.0,0.0,0.0,32.0,{},0.2370433807373047,1751475082.7080555,2025-07-02T16:51:22.708104
execution_time,RMID,32,1024,"[2, 3]",2,1,100000,random,1,100000,0.0,0,4.307878806885672e-10,8.615757611765332e-10,0.0,0.013620911187829115,0.005734000296797603,4.650700000638608,0.043732075226936055,73416.5274415374,{},255.91807918079178,0,256,4.578024661774514,256,0.0,0.0,0.0,0.0,32.0,{},0.2550058364868164,1751475082.964447,2025-07-02T16:51:22.964495
execution_time,RMID,32,1024,"[2, 3, 4]",3,1,100000,random,1,100000,0.0,0,2.871919204590448e-10,8.615757611765332e-10,0.0,0.019535175318691596,0.008254999556811526,4.053526999996393,0.04610295258881822,51189.712080197336,{},255.91807918079178,0,256,4.578024661774514,256,0.0,0.0,0.0,0.0,32.0,{},0.29923200607299805,1751475083.26503,2025-07-02T16:51:23.265119
execution_time,RMID,32,2048,[2],1,1,100000,random,1,100000,0.0,0,8.864688971214006e-10,8.864688971214006e-10,2.3283064365386963e-10,0.013323658409165958,0.004872001227340661,11.401345998820034,0.08373348218562465,75054.46096637046,{},511.83615836158356,0,512,9.156049323549029,512,0.0,0.0,0.0,0.0,32.0,{},0.3381924629211426,1751475083.604661,2025-07-02T16:51:23.604723
execution_time,RMID,32,2048,"[2, 3]",2,1,100000,random,1,100000,0.0,0,4.432344485607003e-10,8.864688969150035e-10,0.0,0.022717454324494457,0.008992001312435605,11.451274000137346,0.08258660493479389,44019.01664315346,{},511.83615836158356,0,512,9.156049323549029,512,0.0,0.0,0.0,0.0,32.0,{},0.41172075271606445,1751475084.0178604,2025-07-02T16:51:24.017920
execution_time,RMID,32,2048,"[2, 3, 4]",3,1,100000,random,1,100000,0.0,0,2.954896323738002e-10,8.864688969150035e-10,0.0,0.03260923952979316,0.013458000466926023,8.781511000051978,0.05214361395616003,30666.15518851209,{},511.83615836158356,0,512,9.156049323549029,512,0.0,0.0,0.0,0.0,32.0,{},0.46030664443969727,1751475084.51667,2025-07-02T16:51:24.516727
execution_time,RMID,32,4096,[2],1,1,100000,random,1,100000,0.0,0,9.096438520607815e-10,9.096438520607815e-10,2.3283064365386963e-10,0.02211122601633278,0.00959799945121631,9.644417999879806,0.07765697179231183,45225.895627014776,{},1023.6723167231671,0,1024,18.312098647098058,1024,0.0,0.0,0.0,0.0,32.0,{},0.5543923377990723,1751475085.0725222,2025-07-02T16:51:25.072578
execution_time,RMID,32,4096,"[2, 3]",2,1,100000,random,1,100000,0.0,0,4.5482192603039074e-10,9.096438518489885e-10,0.0,0.041680683517553746,0.01633099964237772,4.101249000086682,0.0611011670884791,23991.929009006097,{},1023.6723167231671,0,1024,18.312098647098058,1024,0.0,0.0,0.0,0.0,32.0,{},0.6593623161315918,1751475085.733277,2025-07-02T16:51:25.733333
execution_time,RMID,32,4096,"[2, 3, 4]",3,1,100000,random,1,100000,0.0,0,3.032146173535938e-10,9.096438518489885e-10,0.0,0.061207079484334785,0.026378000256954692,9.621097000490408,0.0963986240193101,16337.97933874525,{},1023.6723167231671,0,1024,18.312098647098058,1024,0.0,0.0,0.0,0.0,32.0,{},0.8180046081542969,1751475086.5526235,2025-07-02T16:51:26.552682
execution_time,RMID,32,8192,[2],1,1,100000,random,1,100000,0.0,0,9.313225746154785e-10,9.313225746154785e-10,2.3283064365386963e-10,0.04303582951816649,0.01788700137694832,5.602041999736684,0.08052477716058831,23236.452304884126,{},2047.3446334463342,0,2048,36.624197294196115,2048,0.0,0.0,0.0,0.0,32.0,{},1.0066015720367432,1751475087.5606909,2025-07-02T16:51:27.560747
execution_time,RMID,32,8192,"[2, 3]",2,1,100000,random,1,100000,0.0,0,4.656612873077393e-10,9.313225743986381e-10,0.0,0.07809410429079187,0.03168400144204497,7.32820900157094,0.08198827664839685,12805.063955614261,{},2047.3446334463342,0,2048,36.624197294196115,2048,0.0,0.0,0.0,0.0,32.0,{},1.246277093887329,1751475088.8506413,2025-07-02T16:51:28.850693
execution_time,RMID,32,8192,"[2, 3, 4]",3,1,100000,random,1,100000,0.0,0,3.104408582051595e-10,9.313225743986381e-10,0.0,0.120056410715111,0.04781300049216952,7.217798998681246,0.12110634894981147,8329.417763229316,{},2047.3446334463342,0,2048,36.624197294196115,2048,0.0,0.0,0.0,0.0,32.0,{},1.5310766696929932,1751475090.3830147,2025-07-02T16:51:30.383069
execution_time,RMID,32,16384,[2],1,1,100000,random,1,100000,0.0,0,9.516866042395912e-10,9.516866042395912e-10,2.3283064365386963e-10,0.07926333567712603,0.03679899964481592,8.998563998829923,0.09885872384069108,12616.17356192823,{},4094.6892668926685,0,4096,73.24839458839223,4096,0.0,0.0,0.0,0.0,32.0,{},1.838270664215088,1751475092.2225823,2025-07-02T16:51:32.222634
execution_time,RMID,32,16384,"[2, 3]",2,1,100000,random,1,100000,0.0,0,4.758433021197956e-10,9.516866040180094e-10,0.0,0.14926184912856752,0.06912499884492718,8.322526000483776,0.08195489731554607,6699.635612437338,{},4094.6892668926685,0,4096,73.24839458839223,4096,0.0,0.0,0.0,0.0,32.0,{},2.212104082107544,1751475094.436055,2025-07-02T16:51:34.436107
execution_time,RMID,32,16384,"[2, 3, 4]",3,1,100000,random,1,100000,0.0,0,3.172288680798637e-10,9.516866040180094e-10,0.0,0.22070587853986373,0.09809999937715475,9.3905680005264,0.09236859668580827,4530.91692262914,{},4094.6892668926685,0,4096,73.24839458839223,4096,0.0,0.0,0.0,0.0,32.0,{},2.6674747467041016,1751475097.1049173,2025-07-02T16:51:37.104970
execution_time,RS2ID,8,8,[2],1,1,1000000,random,,1000000,0.003898003898003898,3898,0.010097509768442016,0.010097509768442016,0.00390625,0.0015722989971536934,0.0005189995135879144,3.0743240004085237,0.008994368501195808,636011.3450496905,{},7.968299968299978,0,8,0.18263098045252302,8,7.972,7.0,8.0,0.16497272501841026,8.0,{},1.8306384086608887,1751475098.990769,2025-07-02T16:51:38.990820
execution_time,RS2ID,8,16,[2],1,1,1000000,random,,1000000,0.003852003852003852,3852,0.010966230164287516,0.010966230164287516,0.00390625,0.0018406543013450636,0.0006549998943228275,5.201449001106084,0.014218259077565378,543285.0694827633,{},15.936874936874927,0,16,0.26555233816108,16,15.939,14.0,16.0,0.2515531752930183,8.0,{},1.8128702640533447,1751475100.8209004,2025-07-02T16:51:40.820960
execution_time,RS2ID,8,32,[2],1,1,1000000,random,,1000000,0.003797003797003797,3797,0.01171875,0.01171875,0.00390625,0.0022792395972086885,0.0008420010999543592,5.053787999713677,0.01770963329502571,438742.8163430768,{},31.87405087405087,0,32,0.396079499923094,32,31.883,30.0,32.0,0.3482972868111378,8.0,{},1.8469316959381104,1751475102.684927,2025-07-02T16:51:42.684996
execution_time,RS2ID,8,64,[2],1,1,1000000,random,,1000000,0.003847003847003847,3847,0.012382519536884032,0.012382519536884032,0.00390625,0.0031053131977150485,0.0011989995982730761,7.024719001492485,0.020924870514697897,322028.708967527,{},63.748997748997766,0,64,0.6142949088386939,64,63.744,61.0,64.0,0.5064227483042206,8.0,{},1.8532378673553467,1751475104.5560246,2025-07-02T16:51:44.556094
execution_time,RS2ID,8,128,[2],1,1,500000,random,,500000,0.003924007848015696,1962,0.012976281620653759,0.012976281620653759,0.00390625,0.004502083470970548,0.002052000127150677,8.022044001336326,0.01925014186982511,222119.38238106956,{},127.49079298158598,0,128,1.2403206626708227,128,127.494,123.0,128.0,0.7169128259418993,8.0,{},1.0121402740478516,1751475105.5840185,2025-07-02T16:51:45.584140
execution_time,RS2ID,8,256,[2],1,1,333333,random,,333333,0.003882015528062112,1294,0.013513404760301943,0.013513404760301943,0.00390625,0.007671523332361564,0.00393899972550571,4.1377929992449936,0.02227040311843034,130352.20733561464,{},254.9746288985156,0,256,2.6911222519906857,256,255.021,249.0,256.0,0.973939936546397,8.0,{},0.7162775993347168,1751475106.3564215,2025-07-02T16:51:46.356491
execution_time,RS2ID,8,512,[2],1,1,166666,random,,166666,0.003930039300393004,655,0.014003759768442016,0.014003759768442016,0.00390625,0.014210136429776293,0.00772400017012842,3.3615120009926613,0.02247898103180331,70372.30113460233,{},509.89789097890963,0,512,7.2050687592764575,512,509.9541984732824,505.0,512.0,1.3662373550107159,8.0,{},0.29972219467163086,1751475106.674207,2025-07-02T16:51:46.674302
execution_time,RS2ID,8,1024,[2],1,1,100000,random,,100000,0.004160041600416004,416,0.014454842648988641,0.014454842648988641,0.00390625,0.026594855030928972,0.01365799835184589,3.5996829992654966,0.034667439616025156,37601.2577935481,{},1019.6694366943669,0,1024,18.349724075668846,1024,1020.0552884615385,1012.0,1024.0,2.0284801324043507,8.0,{},0.5583944320678711,1751475107.2508545,2025-07-02T16:51:47.250927
execution_time,RS2ID,8,2048,[2],1,1,100000,random,,100000,0.0035300353003530037,353,0.014872480164287516,0.014872480164287516,0.00390625,0.04862740909427637,0.026560999685898423,2.3875260012573563,0.015538981140381282,20564.53384265755,{},2039.3282132821332,0,2048,36.5903545323992,2048,2039.9688385269121,2031.0,2046.0,2.8287562326550515,8.0,{},0.8835337162017822,1751475108.150553,2025-07-02T16:51:48.150617
execution_time,RS2ID,8,4096,[2],1,1,100000,random,,100000,0.003640036400364004,364,0.015261291389095776,0.015261291389095776,0.00390625,0.09859653296173246,0.05067899837740697,11.49720899957174,0.09234463735683618,10142.344461423634,{},4078.673166731668,0,4094,73.0709995568825,4096,4080.0934065934066,4062.0,4089.0,3.9885909323833384,8.0,{},1.6358249187469482,1751475109.802901,2025-07-02T16:51:49.802969
execution_time,RS2ID,8,8192,[2],1,1,100000,random,,100000,0.004100041000410004,410,0.015625,0.015625,0.00390625,0.20179341735437256,0.103674999991199,7.6826139993499964,0.12474991410873397,4955.563036250506,{},8157.41477414774,0,8181,146.03413992687297,8192,8159.865853658536,8143.0,8174.0,5.6485745992218614,8.0,{},3.1964616775512695,1751475113.050581,2025-07-02T16:51:53.050644
execution_time,RS2ID,8,16384,[2],1,1,100000,random,,100000,0.0037700377003770037,377,0.015966651723634137,0.015966651723634137,0.00390625,0.3972053559842199,0.20054900051036384,10.275653999997303,0.14552290566773887,2517.589415485444,{},16314.816518165178,0,16357,291.9592084393749,16384,16319.936339522546,16295.0,16342.0,8.195954256613541,8.0,{},6.239681720733643,1751475119.3060215,2025-07-02T16:51:59.306087
execution_time,RS2ID,8,32768,[2],1,1,100000,random,,100000,0.0035500355003550035,355,0.016288769536884032,0.016288769536884032,0.00390625,0.7993943423850454,0.3764850007428322,11.030245999791077,0.18688588068741072,1250.9470570137319,{},32629.564685646852,0,32688,583.8067558950731,32768,32639.828169014083,32604.0,32676.0,11.946891670687927,8.0,{},12.256786346435547,1751475131.5803838,2025-07-02T16:52:11.580479
execution_time,RS2ID,8,65536,[2],1,1,100000,random,,100000,0.0036500365003650035,365,0.016593466849389005,0.016593466849389005,0.00390625,1.629258255225161,0.7942640004330315,13.911807000113185,0.43600867963285017,613.7762363903453,{},65259.12800128001,0,65342,1167.5061174881243,65536,65279.68219178082,65234.0,65320.0,15.04779001173238,8.0,{},24.64081573486328,1751475156.2368724,2025-07-02T16:52:36.237023
execution_time,RS2ID,16,8,[2],1,1,1000000,random,,1000000,2.1000021000021e-05,21,3.9443397532976625e-05,3.9443397532976625e-05,1.52587890625e-05,0.0015815541630065056,0.0004369994712760672,4.1088860016316175,0.014608189631266083,632289.4424930842,{},3.999816999816994,0,4,0.023810689513917058,4,4.0,4.0,4.0,0.0,16.0,{},1.7708842754364014,1751475158.0111115,2025-07-02T16:52:38.011166
execution_time,RS2ID,16,16,[2],1,1,1000000,random,,1000000,0.026957026957026956,26957,4.283683657924811e-05,4.283683657924811e-05,1.52587890625e-05,0.001685312833721634,0.0004770008672494441,3.0688320002809633,0.008154516180203365,593361.6477551679,{},7.999620999620995,0,8,0.046591727401651385,8,8.0,8.0,8.0,0.0,16.0,{},1.781562089920044,1751475159.8313797,2025-07-02T16:52:39.831430
execution_time,RS2ID,16,32,[2],1,1,1000000,random,,1000000,0.049379049379049376,49379,4.57763671875e-05,4.57763671875e-05,1.52587890625e-05,0.0018240875038258496,0.0005570000212173909,3.3384870002919342,0.01097702747822859,548219.3139871828,{},15.999257999258019,0,16,0.09176703313376915,16,15.999,15.0,16.0,0.03160696125855822,16.0,{},1.7558703422546387,1751475161.5884783,2025-07-02T16:52:41.588536
execution_time,RS2ID,16,64,[2],1,1,1000000,random,,1000000,1.000001000001e-06,1,4.836921694095325e-05,4.836921694095325e-05,1.52587890625e-05,0.0021605629137794007,0.000712001565261744,4.015404001620482,0.009142010808655154,462842.34243877366,{},31.998530998530985,0,32,0.18223559613649098,32,32.0,32.0,32.0,0.0,16.0,{},1.7731964588165283,1751475163.3630064,2025-07-02T16:52:43.363064
execution_time,RS2ID,16,128,[2],1,1,500000,random,,500000,0.0021000042000084,1050,5.0688600080678744e-05,5.0688600080678744e-05,1.52587890625e-05,0.0028678987542698955,0.0009320010576630011,4.407125999932759,0.015072694612967624,348687.3441787795,{},63.994941989883955,0,64,0.5128977534876616,64,64.0,64.0,64.0,0.0,16.0,{},0.9077157974243164,1751475164.2719312,2025-07-02T16:52:44.272008
execution_time,RS2ID,16,256,[2],1,1,333333,random,,333333,0.04883719534878139,16279,5.278673734492946e-05,5.278673734492946e-05,1.52587890625e-05,0.004493171703670792,0.0015929999790387228,11.332490999848233,0.021905913203080697,222559.934485261,{},127.9857259429037,0,128,1.254791370494614,128,127.998,127.0,128.0,0.044676615807377355,16.0,{},0.6426181793212891,1751475164.9160178,2025-07-02T16:52:44.916093
execution_time,RS2ID,16,512,[2],1,1,166666,random,,166666,0.00014400144001440015,24,5.4702186595476625e-05,5.4702186595476625e-05,1.52587890625e-05,0.00882364343332078,0.0028640006348723546,11.822906000816147,0.060519790955289275,113331.86880871611,{},255.94684546845477,0,256,3.5470847566042205,256,256.0,256.0,256.0,0.0,16.0,{},0.3747386932373047,1751475165.3331697,2025-07-02T16:52:45.333259
execution_time,RS2ID,16,1024,[2],1,1,100000,random,,100000,0.03024030240302403,3024,5.646422909761188e-05,5.646422909761188e-05,1.52587890625e-05,0.014580201103987285,0.005672000042977743,10.548942000241368,0.06163342169799739,68586.15960561253,{},511.8282182821826,0,512,9.156339482518021,512,511.992,511.0,512.0,0.08908422980528036,16.0,{},0.3706233501434326,1751475165.705755,2025-07-02T16:52:45.705890
execution_time,RS2ID,16,2048,[2],1,1,100000,random,,100000,1.000010000100001e-05,1,5.809562564174811e-05,5.809562564174811e-05,1.52587890625e-05,0.030525168693965668,0.01268599953618832,4.406678999657743,0.03182041566429701,32759.85171533823,{},1023.6564265642655,0,1024,18.312243962521382,1024,1024.0,1024.0,1024.0,0.0,16.0,{},0.5504846572875977,1751475166.257934,2025-07-02T16:52:46.258012
execution_time,RS2ID,16,4096,[2],1,1,100000,random,,100000,0.3137231372313723,31372,5.9614419488655376e-05,5.9614419488655376e-05,1.52587890625e-05,0.07102200135334275,0.029079001251375303,3.429029000471928,0.043319553178459515,14080.143912375594,{},2047.3123531235312,0,2048,36.62406037137439,2048,2047.963,2046.0,2048.0,0.1990753626142622,16.0,{},1.046525239944458,1751475167.3061428,2025-07-02T16:52:47.306242
execution_time,RS2ID,16,8192,[2],1,1,100000,random,,100000,0.0017700177001770017,177,6.103515625e-05,6.103515625e-05,1.52587890625e-05,0.14387706656825378,0.06500500057882164,16.931160000240197,0.14521289392027656,6950.378012646029,{},4094.626376263763,0,4096,73.24769861364697,4096,4095.9265536723165,4095.0,4096.0,0.2608677148161626,16.0,{},2.020268201828003,1751475169.3278332,2025-07-02T16:52:49.327995
execution_time,RS2ID,16,16384,[2],1,1,100000,random,,100000,0.3065530655306553,30655,6.236973329544585e-05,6.236973329544585e-05,1.52587890625e-05,0.3252242524085992,0.14341099995363038,13.4120160000748,0.1379752402729083,3074.8014411411073,{},8189.255402554027,0,8192,146.4950069033817,8192,8191.86,8190.0,8192.0,0.3693237062523877,16.0,{},4.9830732345581055,1751475174.3475785,2025-07-02T16:52:54.347648
execution_time,RS2ID,16,32768,[2],1,1,100000,random,,100000,0.3181231812318123,31812,6.362800600345325e-05,6.362800600345325e-05,1.52587890625e-05,0.758424626308528,0.31094299993128516,13.771968000583001,0.3700820540898112,1318.5225865717061,{},16378.506155061554,0,16384,292.9895152731615,16384,16383.755,16381.0,16384.0,0.49696579359147036,16.0,{},11.37145471572876,1751475185.7204375,2025-07-02T16:53:05.720626
execution_time,RS2ID,16,65536,[2],1,1,100000,random,,100000,0.33094330943309436,33094,6.48182298804258e-05,6.48182298804258e-05,1.52587890625e-05,1.9935092975378639,0.6674659998679999,23.236393000843236,0.9675471456094009,501.6279589139997,{},32757.01296012961,0,32768,585.9786151937014,32768,32767.476,32763.0,32768.0,0.7398810715243362,16.0,{},29.21973967552185,1751475214.9433396,2025-07-02T16:53:34.943489
execution_time,RS2ID,32,8,[2],1,1,1000000,random,,1000000,0.0,0,6.018584828640232e-10,6.018584828640232e-10,2.3283064365386963e-10,0.0017312671832863987,0.0004360008460935205,9.716345999549958,0.023662671658890654,577611.5955145282,{},1.9999359999360016,0,2,0.011313352116622835,2,0.0,0.0,0.0,0.0,32.0,{},1.7908825874328613,1751475216.7364593,2025-07-02T16:53:36.736686
execution_time,RS2ID,32,16,[2],1,1,1000000,random,,1000000,0.0,0,6.53638253467531e-10,6.53638253467531e-10,2.3283064365386963e-10,0.0019235016067453968,0.00046800050768069923,9.984855001675896,0.026098301454868935,519885.1908899728,{},3.999871999872003,0,4,0.02262670423324567,4,0.0,0.0,0.0,0.0,32.0,{},1.7702767848968506,1751475218.5083864,2025-07-02T16:53:38.508592
execution_time,RS2ID,32,32,[2],1,1,1000000,random,,1000000,0.0,0,6.984919309616089e-10,6.984919309616089e-10,2.3283064365386963e-10,0.0020055490818490724,0.0005450001481221989,6.488190001618932,0.024607055215303143,498616.5679266358,{},7.999743999744006,0,8,0.04525340846649134,8,0.0,0.0,0.0,0.0,32.0,{},1.7587435245513916,1751475220.3118584,2025-07-02T16:53:40.311992
execution_time,RS2ID,32,64,[2],1,1,1000000,random,,1000000,0.0,0,7.380556784203071e-10,7.380556784203071e-10,2.3283064365386963e-10,0.002106310046653005,0.0006279988156165928,6.514258000606787,0.02088418549591594,474763.9131233469,{},15.999487999488013,0,16,0.09050681693298268,16,0.0,0.0,0.0,0.0,32.0,{},1.777259349822998,1751475222.0906513,2025-07-02T16:53:42.090713
execution_time,RS2ID,32,128,[2],1,1,500000,random,,500000,0.0,0,7.734466565044974e-10,7.734466565044974e-10,2.3283064365386963e-10,0.0027851071279795577,0.0008520000847056508,6.902867999087903,0.02965264358044681,359052.61594926333,{},31.997951995903996,0,32,0.2559838719502574,32,0.0,0.0,0.0,0.0,32.0,{},0.9216451644897461,1751475223.0138438,2025-07-02T16:53:43.013911
execution_time,RS2ID,32,256,[2],1,1,333333,random,,333333,0.0,0,8.0546169044387e-10,8.0546169044387e-10,2.3283064365386963e-10,0.003543031053136803,0.0012629989214474335,4.601185000865371,0.02578616045567766,282244.2098311996,{},63.99385597542391,0,64,0.6270104292705393,64,0.0,0.0,0.0,0.0,32.0,{},0.6310694217681885,1751475223.646425,2025-07-02T16:53:43.646489
execution_time,RS2ID,32,512,[2],1,1,166666,random,,166666,0.0,0,8.346891265178928e-10,8.346891265178928e-10,2.3283064365386963e-10,0.0059157686859585504,0.0022460008040070534,10.66343999991659,0.04908837884933983,169039.739902874,{},127.97542375423757,0,128,1.7732883549485507,128,0.0,0.0,0.0,0.0,32.0,{},0.3528432846069336,1751475224.00094,2025-07-02T16:53:44.001007
execution_time,RS2ID,32,1024,[2],1,1,100000,random,,100000,0.0,0,8.615757613771344e-10,8.615757613771344e-10,2.3283064365386963e-10,0.01057068684565002,0.003827000909950584,7.16454400026123,0.07016643584156462,94601.23212443035,{},255.91807918079178,0,256,4.578024661774514,256,0.0,0.0,0.0,0.0,32.0,{},0.2863340377807617,1751475224.337155,2025-07-02T16:53:44.337229
execution_time,RS2ID,32,2048,[2],1,1,100000,random,,100000,0.0,0,8.864688971214006e-10,8.864688971214006e-10,2.3283064365386963e-10,0.023407867509781757,0.009385999874211848,10.966632999043213,0.1254358565904425,42720.6792580365,{},511.83615836158356,0,512,9.156049323549029,512,0.0,0.0,0.0,0.0,32.0,{},0.4890310764312744,1751475224.8287835,2025-07-02T16:53:44.828876
execution_time,RS2ID,32,4096,[2],1,1,100000,random,,100000,0.0,0,9.096438520607815e-10,9.096438520607815e-10,2.3283064365386963e-10,0.050970449826165866,0.021349000235204585,6.117987000834546,0.08519068964445159,19619.210805682284,{},1023.6723167231671,0,1024,18.312098647098058,1024,0.0,0.0,0.0,0.0,32.0,{},0.7881760597229004,1751475225.6187146,2025-07-02T16:53:45.618793
execution_time,RS2ID,32,8192,[2],1,1,100000,random,,100000,0.0,0,9.313225746154785e-10,9.313225746154785e-10,2.3283064365386963e-10,0.08169108705975403,0.03972200101998169,5.5367980003211414,0.08348772071709643,12241.237520422965,{},2047.3446334463342,0,2048,36.624197294196115,2048,0.0,0.0,0.0,0.0,32.0,{},0.9903390407562256,1751475226.6107106,2025-07-02T16:53:46.610765
execution_time,RS2ID,32,16384,[2],1,1,100000,random,,100000,0.0,0,9.516866042395912e-10,9.516866042395912e-10,2.3283064365386963e-10,0.18673401357647187,0.0901100011105882,36.215823000020464,0.21060951661482638,5355.210766625958,{},4094.6892668926685,0,4096,73.24839458839223,4096,0.0,0.0,0.0,0.0,32.0,{},2.56807541847229,1751475229.1801777,2025-07-02T16:53:49.180240
execution_time,RSID,8,8,[2],1,1,1000000,random,,1000000,0.00393000393000393,3930,0.010097509768442016,0.010097509768442016,0.00390625,0.0024929707522863553,0.0007379985618172213,8.191368000552757,0.02071147416010221,401127.85081127775,{},7.968356968356978,0,8,0.18232029261742055,8,7.977,7.0,8.0,0.14990330216509576,8.0,{},1.676454782485962,1751475230.8992333,2025-07-02T16:53:50.899282
execution_time,RSID,8,8,"[2, 3]",2,1,1000000,random,,1000000,1.9000019000019e-05,19,0.005048754884221008,0.010058219847164032,1.52587890625e-05,0.003340324553629841,0.001019998308038339,10.405406999780098,0.028370942982337215,299372.10709460155,{},7.9684489684489686,0,8,0.18212222594156063,8,7.947368421052632,7.0,8.0,0.22329687826943606,8.0,{},1.748723030090332,1751475232.6493015,2025-07-02T16:53:52.649363
execution_time,RSID,8,8,"[2, 3, 4]",3,1,1000000,random,,1000000,0.0,0,0.003365836589480672,0.010058066970416548,5.960464477539063e-08,0.003870950143071871,0.0012540003808680922,4.5147649998398265,0.021900094116209964,258334.50781839047,{},7.968381968381973,0,8,0.18245895170363544,8,0.0,0.0,0.0,0.0,8.0,{},1.7638332843780518,1751475234.4145055,2025-07-02T16:53:54.414561
execution_time,RSID,8,16,[2],1,1,1000000,random,,1000000,0.003807003807003807,3807,0.010966230164287516,0.010966230164287516,0.00390625,0.0026137315366779297,0.0008400002116104588,7.841143000405282,0.01726944117539997,382594.7638337052,{},15.936899936899954,0,16,0.26528890718528464,16,15.936,14.0,16.0,0.2488051446413438,8.0,{},1.7575736045837402,1751475236.1735406,2025-07-02T16:53:56.173592
execution_time,RSID,8,16,"[2, 3]",2,1,1000000,random,,1000000,1.7000017000017e-05,17,0.005483115082143758,0.010923560008006242,1.52587890625e-05,0.0034985457269137506,0.0012309992598602548,5.3427009988809,0.01864059662505258,285833.05123244796,{},15.936903936903942,0,16,0.26521823133562555,16,15.941176470588236,15.0,16.0,0.23529411764705882,8.0,{},1.7755136489868164,1751475237.9503884,2025-07-02T16:53:57.950445
execution_time,RSID,8,16,"[2, 3, 4]",3,1,1000000,random,,1000000,1.000001000001e-06,1,0.0036554100547625053,0.010923393978793286,5.960464477539063e-08,0.004489153077922318,0.0015020013961475343,5.5987619998632,0.02911108830012909,222759.16696135982,{},15.937135937135954,0,16,0.2649036393222374,16,16.0,16.0,16.0,0.0,8.0,{},1.7933218479156494,1751475239.7833178,2025-07-02T16:53:59.783375
execution_time,RSID,8,32,[2],1,1,1000000,random,,1000000,0.003916003916003916,3916,0.01171875,0.01171875,0.00390625,0.0030902226050672534,0.001104999682866037,5.989306000628858,0.021037216981437658,323601.28307916404,{},31.874055874055948,0,32,0.3962691321523297,32,31.878,30.0,32.0,0.35087889648709286,8.0,{},1.7875828742980957,1751475241.572406,2025-07-02T16:54:01.572464
execution_time,RSID,8,32,"[2, 3]",2,1,1000000,random,,1000000,1.9000019000019e-05,19,0.005859375,0.011673151750972763,1.52587890625e-05,0.0042428867233696,0.0015320001693908125,11.272842000835226,0.025970121629429,235688.5925075614,{},31.874109874109877,0,32,0.3957433979833299,32,31.842105263157894,31.0,32.0,0.3646422752776584,8.0,{},1.7885758876800537,1751475243.3624878,2025-07-02T16:54:03.362549
execution_time,RSID,8,32,"[2, 3, 4]",3,1,1000000,random,,1000000,0.0,0,0.00390625,0.011672974328575988,5.960464477539063e-08,0.0050853986370593095,0.0020739989849971607,2.269380998768611,0.008762137249844683,196641.4181796103,{},31.874066874066898,0,32,0.3958421480606864,32,0.0,0.0,0.0,0.0,8.0,{},1.8340075016021729,1751475245.1980066,2025-07-02T16:54:05.198059
execution_time,RSID,8,64,[2],1,1,1000000,random,,1000000,0.003938003938003938,3938,0.012382519536884032,0.012382519536884032,0.00390625,0.0035807278475857894,0.0013209992175688967,3.7032190011814237,0.013486994058987185,279272.83015217795,{},63.74764274764278,0,64,0.6157557364471422,64,63.781,61.0,64.0,0.47438275685357706,8.0,{},1.8161680698394775,1751475247.015692,2025-07-02T16:54:07.015782
execution_time,RSID,8,64,"[2, 3]",2,1,1000000,random,,1000000,1.9000019000019e-05,19,0.006191259768442016,0.012334338527012888,1.52587890625e-05,0.00526464013800164,0.0021119994926266372,9.982477000448853,0.021841656653157647,189946.50608343034,{},63.749481749481774,0,64,0.6144501320436475,64,63.73684210526316,62.0,64.0,0.5469634129164875,8.0,{},1.828277826309204,1751475248.8867505,2025-07-02T16:54:08.886797
execution_time,RSID,8,64,"[2, 3, 4]",3,1,1000000,random,,1000000,0.0,0,0.004127506512294678,0.012334151055115771,5.960464477539063e-08,0.0069967678308326745,0.0029439997888403013,3.010542000993155,0.013642637285011874,142923.13596476612,{},63.747879747879715,0,64,0.6164508589173106,64,0.0,0.0,0.0,0.0,8.0,{},1.8027839660644531,1751475250.6908984,2025-07-02T16:54:10.690947
execution_time,RSID,8,128,[2],1,1,500000,random,,500000,0.00393000786001572,1965,0.012976281620653759,0.012976281620653759,0.00390625,0.004920878474369786,0.0019780000002356246,11.624513999777264,0.0328226827564899,203215.74800281355,{},127.49296098592193,0,128,1.2398220211416682,128,127.485,124.0,128.0,0.6926579242310017,8.0,{},0.9187746047973633,1751475251.6110544,2025-07-02T16:54:11.611134
execution_time,RSID,8,128,"[2, 3]",2,1,500000,random,,500000,1.6000032000064e-05,8,0.006488140810326879,0.012925790252480009,1.52587890625e-05,0.007655835983093645,0.003312001354061067,9.434393999981694,0.020067794122605294,130619.30822555452,{},127.49043298086605,0,128,1.241425155478149,128,127.75,127.0,128.0,0.4330127018922193,8.0,{},0.9653394222259521,1751475252.578222,2025-07-02T16:54:12.578279
execution_time,RSID,8,128,"[2, 3, 4]",3,1,500000,random,,500000,0.0,0,0.0043254272068845865,0.012925593790998505,5.960464477539063e-08,0.011218953358016131,0.004699000783148222,7.586036001157481,0.038655904774983936,89134.87453671274,{},127.49058698117388,0,128,1.2410895984043016,128,0.0,0.0,0.0,0.0,8.0,{},0.9408013820648193,1751475253.520377,2025-07-02T16:54:13.520462
execution_time,RSID,8,256,[2],1,1,333333,random,,333333,0.0038460153840615364,1282,0.013513404760301943,0.013513404760301943,0.00390625,0.007676205798079653,0.0034139993658754975,4.369330999907106,0.023555657839991057,130272.69282568854,{},254.97706490825982,0,256,2.6901150805925824,256,255.012,250.0,256.0,0.992902814982413,8.0,{},0.6550061702728271,1751475254.2255564,2025-07-02T16:54:14.225631
execution_time,RSID,8,256,"[2, 3]",2,1,333333,random,,333333,1.5000060000240001e-05,5,0.006756702380150971,0.013460823418822168,1.52587890625e-05,0.013614432288468767,0.006058000508346595,8.411494998654234,0.0357213814787785,73451.46524008834,{},254.97481189924764,0,256,2.6906819661132153,256,255.6,255.0,256.0,0.4898979485566356,8.0,{},0.6917719841003418,1751475254.9191206,2025-07-02T16:54:14.919179
execution_time,RSID,8,256,"[2, 3, 4]",3,1,333333,random,,333333,0.0,0,0.004504468253433981,0.013460618825272417,5.960464477539063e-08,0.020102459673934057,0.008655999408802018,6.908456000019214,0.04009869397910552,49745.156374901446,{},254.97508490033957,0,256,2.689776304969723,256,0.0,0.0,0.0,0.0,8.0,{},0.5461809635162354,1751475255.4667366,2025-07-02T16:54:15.466789
execution_time,RSID,8,512,[2],1,1,166666,random,,166666,0.004122041220412204,687,0.014003759768442016,0.014003759768442016,0.00390625,0.013052217358817455,0.005803000021842308,4.823773999305558,0.026230145941360652,76615.33458331873,{},509.90423904239043,0,512,7.2052108599853355,512,510.0174672489083,505.0,512.0,1.3881335279543552,8.0,{},0.4337196350097656,1751475255.9019144,2025-07-02T16:54:15.902031
execution_time,RSID,8,512,"[2, 3]",2,1,166666,random,,166666,0.0,0,0.007001879884221008,0.01394927043082162,1.52587890625e-05,0.0233117186629291,0.011609001376200467,4.578781999953208,0.026248119773369043,42896.88008247226,{},509.90059100591026,0,512,7.20485922539115,512,0.0,0.0,0.0,0.0,8.0,{},0.5297534465789795,1751475256.43365,2025-07-02T16:54:16.433705
execution_time,RSID,8,512,"[2, 3, 4]",3,1,166666,random,,166666,0.0,0,0.004667919922814005,0.013949058413275211,5.960464477539063e-08,0.034390376930104306,0.014967999959480949,11.570284999834257,0.10334757934940081,29077.901705829514,{},509.9039690396902,0,512,7.205260136145422,512,0.0,0.0,0.0,0.0,8.0,{},0.6507058143615723,1751475257.1215835,2025-07-02T16:54:17.121630
execution_time,RSID,8,1024,[2],1,1,100000,random,,100000,0.004120041200412004,412,0.014454842648988641,0.014454842648988641,0.00390625,0.02336377250726892,0.01030999919748865,10.878623999815318,0.06262152763650815,42801.307010196266,{},1019.6854768547686,0,1024,18.34913861312641,1024,1019.9247572815534,1014.0,1024.0,2.1285549793958944,8.0,{},0.4402003288269043,1751475257.5632675,2025-07-02T16:54:17.563330
execution_time,RSID,8,1024,"[2, 3]",2,1,100000,random,,100000,1.000010000100001e-05,1,0.007227421324494321,0.014398598125062615,1.52587890625e-05,0.04442216170152571,0.020576000679284334,2.9129220001777867,0.037747595278686256,22511.2862971199,{},1019.6710167101671,0,1024,18.348795229124004,1024,1023.0,1023.0,1023.0,0.0,8.0,{},0.5666694641113281,1751475258.1315823,2025-07-02T16:54:18.131635
execution_time,RSID,8,1024,"[2, 3, 4]",3,1,100000,random,,100000,0.0,0,0.004818280882996214,0.014398379278101312,5.960464477539063e-08,0.06584763915759063,0.03149700023641344,3.00652199985052,0.04097530266753817,15186.573319762281,{},1019.6844668446686,0,1024,18.348770132765708,1024,0.0,0.0,0.0,0.0,8.0,{},0.7005209922790527,1751475258.8334446,2025-07-02T16:54:18.833498
execution_time,RSID,8,2048,[2],1,1,100000,random,,100000,0.0036600366003660036,366,0.014872480164287516,0.014872480164287516,0.00390625,0.045230173034644196,0.020790001144632697,4.066340999997919,0.04155605227770774,22109.134962496093,{},2039.3390733907333,0,2048,36.58894928651557,2048,2040.1174863387978,2030.0,2047.0,2.967928794931001,8.0,{},0.7986984252929688,1751475259.6335735,2025-07-02T16:54:19.633652
execution_time,RSID,8,2048,"[2, 3]",2,1,100000,random,,100000,2.000020000200002e-05,2,0.007436240082143758,0.01481461059166383,1.52587890625e-05,0.08669311016254752,0.038112999391159974,12.130196000725846,0.11226573981394807,11534.94202855364,{},2039.3335033350334,0,2048,36.58977380979218,2048,2038.5,2035.0,2042.0,3.5,8.0,{},1.0470430850982666,1751475260.7224345,2025-07-02T16:54:20.722485
execution_time,RSID,8,2048,"[2, 3, 4]",3,1,100000,random,,100000,0.0,0,0.004957493388095839,0.014814385421651949,5.960464477539063e-08,0.1311095171971162,0.06162799945741426,10.894893999648048,0.12424112256531841,7627.211367856333,{},2039.3499534995353,0,2048,36.59002580963801,2048,0.0,0.0,0.0,0.0,8.0,{},1.3407824039459229,1751475262.0645792,2025-07-02T16:54:22.064634
execution_time,RSID,8,4096,[2],1,1,100000,random,,100000,0.004050040500405004,405,0.015261291389095776,0.015261291389095776,0.00390625,0.08673388937058812,0.03975099934905302,2.714583999477327,0.039193694676273344,11529.518706664903,{},4078.6951969519696,0,4094,73.07096196400141,4096,4080.162962962963,4067.0,4091.0,3.916172370525242,8.0,{},1.4800004959106445,1751475263.545964,2025-07-02T16:54:23.546032
execution_time,RSID,8,4096,"[2, 3]",2,1,100000,random,,100000,4.000040000400004e-05,4,0.007630645694547888,0.015201908932328867,1.52587890625e-05,0.17205266392644786,0.07774400000926107,10.14424599998165,0.09142538789532659,5812.173884314269,{},4078.6983569835693,0,4094,73.07190086873388,4096,4079.25,4074.0,4086.0,4.437059837324712,8.0,{},2.0127735137939453,1751475265.5602908,2025-07-02T16:54:25.560340
execution_time,RSID,8,4096,"[2, 3, 4]",3,1,100000,random,,100000,0.0,0,0.005087097129698592,0.01520167787569773,5.960464477539063e-08,0.25513473396846753,0.12156699995102827,9.596350000720122,0.10579402250020271,3919.497688321777,{},4078.6957569575698,0,4094,73.07092530819463,4096,0.0,0.0,0.0,0.0,8.0,{},2.5302953720092773,1751475268.0920694,2025-07-02T16:54:28.092125
execution_time,RSID,8,8192,[2],1,1,100000,random,,100000,0.0038400384003840038,384,0.015625,0.015625,0.00390625,0.1731001442065583,0.07668400030524936,9.832741001446266,0.09238102063300108,5777.002697390662,{},8157.400234002343,0,8182,146.03354014237232,8192,8159.8046875,8143.0,8172.0,5.569717125732426,8.0,{},2.9197208881378174,1751475271.0487201,2025-07-02T16:54:31.048783
execution_time,RSID,8,8192,"[2, 3]",2,1,100000,random,,100000,1.000010000100001e-05,1,0.0078125,0.01556420233463035,1.52587890625e-05,0.3404490705410874,0.15379199976450764,6.962782999835326,0.09734858348486769,2937.2969014445116,{},8157.389583895838,0,8181,146.03330691711764,8192,8163.0,8163.0,8163.0,0.0,8.0,{},3.917524576187134,1751475274.9681063,2025-07-02T16:54:34.968156
execution_time,RSID,8,8192,"[2, 3, 4]",3,1,100000,random,,100000,0.0,0,0.005208333333333333,0.015563965771434651,5.960464477539063e-08,0.5160689551814627,0.2329620001546573,10.742211001343094,0.14374919971666061,1937.7255499672037,{},8157.409084090842,0,8182,146.03433049259493,8192,0.0,0.0,0.0,0.0,8.0,{},5.059646368026733,1751475280.0291214,2025-07-02T16:54:40.029182
execution_time,RSID,8,16384,[2],1,1,100000,random,,100000,0.0038700387003870037,387,0.015966651723634137,0.015966651723634137,0.00390625,0.34890949918880687,0.16348099961760454,26.484576999791898,0.15212601993803596,2866.0727275265895,{},16314.774707747078,0,16351,291.95815224957613,16384,16319.60465116279,16295.0,16339.0,8.091292992738136,8.0,{},5.614690065383911,1751475285.6452684,2025-07-02T16:54:45.645338
execution_time,RSID,8,16384,"[2, 3]",2,1,100000,random,,100000,1.000010000100001e-05,1,0.007983325861817069,0.015904524674125835,1.52587890625e-05,0.6649330532805268,0.30814700039627496,11.568648000320536,0.156152188725713,1503.9107998412478,{},16314.756907569074,0,16352,291.9575205085543,16384,16329.0,16329.0,16329.0,0.0,8.0,{},7.5461132526397705,1751475293.192749,2025-07-02T16:54:53.192800
execution_time,RSID,8,16384,"[2, 3, 4]",3,1,100000,random,,100000,0.0,0,0.005322217241211379,0.015904282938307826,5.960464477539063e-08,1.0184265413763776,0.4743610006698873,11.20427499881771,0.18250592492558207,981.9068527500525,{},16314.72969729697,0,16351,291.95728298188294,16384,0.0,0.0,0.0,0.0,8.0,{},9.801199913024902,1751475303.0319982,2025-07-02T16:55:03.032045
execution_time,RSID,8,32768,[2],1,1,100000,random,,100000,0.004010040100401004,401,0.016288769536884032,0.016288769536884032,0.00390625,0.686561677302119,0.31316100103140343,11.1988789994939,0.17723782212677833,1456.5333793892396,{},32629.50836508365,0,32685,583.8066362106914,32768,32639.935162094764,32597.0,32670.0,11.3177099776551,8.0,{},11.388575553894043,1751475314.42199,2025-07-02T16:55:14.422096
execution_time,RSID,8,32768,"[2, 3]",2,1,100000,random,,100000,2.000020000200002e-05,2,0.008144384768442016,0.016225389110670476,1.52587890625e-05,1.3437512526693642,0.6155210012366297,11.559130000023288,0.22844068260733352,744.1853527678566,{},32629.55735557356,0,32684,583.8071988966784,32768,32638.5,32623.0,32654.0,15.5,8.0,{},14.816731929779053,1751475329.2402976,2025-07-02T16:55:29.240344
execution_time,RSID,8,32768,"[2, 3, 4]",3,1,100000,random,,100000,0.0,0,0.005429589845628011,0.016225142497974434,5.960464477539063e-08,2.0499450634390235,0.9491049986536382,12.460325000574812,0.3137009221970359,487.8179507515107,{},32629.55950559506,0,32684,583.8076163785471,32768,0.0,0.0,0.0,0.0,8.0,{},19.30416750907898,1751475348.5458088,2025-07-02T16:55:48.545858
execution_time,RSID,8,65536,[2],1,1,100000,random,,100000,0.003710037100371004,371,0.016593466849389005,0.016593466849389005,0.00390625,1.381500693445598,0.6148739994387142,11.650161000943626,0.27208520484212917,723.8505233796894,{},65259.1777117771,0,65352,1167.506865947605,65536,65280.41509433962,65228.0,65319.0,16.986126848535843,8.0,{},22.693935871124268,1751475371.2410436,2025-07-02T16:56:11.241115
execution_time,RSID,8,65536,"[2, 3]",2,1,100000,random,,100000,2.000020000200002e-05,2,0.008296733424694502,0.016528900830519788,1.52587890625e-05,2.762154306990999,1.2567060002766084,16.911733999222633,0.43314274529380453,362.0362546252412,{},65259.154641546425,0,65345,1167.505681129027,65536,65288.0,65270.0,65306.0,18.0,8.0,{},30.12513494491577,1751475401.3996487,2025-07-02T16:56:41.399700
execution_time,RSID,8,65536,"[2, 3, 4]",3,1,100000,random,,100000,0.0,0,0.005531155616463002,0.016528649604692868,5.960464477539063e-08,4.106745700728499,1.8322790001548128,22.28214100068726,0.5558787878621286,243.50180723939374,{},65259.14841148411,0,65343,1167.5068834148767,65536,0.0,0.0,0.0,0.0,8.0,{},39.11807179450989,1751475440.5193706,2025-07-02T16:57:20.519422
execution_time,RSID,16,8,[2],1,1,1000000,random,,1000000,1.6000016000016e-05,16,3.9443397532976625e-05,3.9443397532976625e-05,1.52587890625e-05,0.002480638240311773,0.0007620001269970089,4.922303000057582,0.02008512956582698,403122.0609879486,{},3.9998039998039943,0,4,0.024082018295326905,4,4.0,4.0,4.0,0.0,16.0,{},1.7803666591644287,1751475442.316928,2025-07-02T16:57:22.316991
execution_time,RSID,16,8,"[2, 3]",2,1,1000000,random,,1000000,0.0,0,1.9721698766488312e-05,3.944279568367725e-05,2.3283064365386963e-10,0.0030083767136431356,0.000993999492493458,3.1513280009676237,0.014665607003965807,332405.17900067207,{},3.999805999805991,0,4,0.024040475186428583,4,0.0,0.0,0.0,0.0,16.0,{},1.8158953189849854,1751475444.1481266,2025-07-02T16:57:24.148177
execution_time,RSID,16,8,"[2, 3, 4]",3,1,1000000,random,,1000000,0.0,0,1.3147799177658874e-05,3.94427956744939e-05,3.552713678800501e-15,0.0036122424484606877,0.0012580003385664895,5.047345999628305,0.01862053262975742,276836.34591751656,{},3.9998119998119965,0,4,0.02391541187329278,4,0.0,0.0,0.0,0.0,16.0,{},1.8469884395599365,1751475446.010145,2025-07-02T16:57:26.010203
execution_time,RSID,16,16,[2],1,1,1000000,random,,1000000,1.6000016000016e-05,16,4.283683657924811e-05,4.283683657924811e-05,1.52587890625e-05,0.0023442528309290047,0.0008169990906026214,8.160352999766474,0.012774263452120415,426575.14872391545,{},7.999596999596992,0,8,0.0468483676432569,8,8.0,8.0,8.0,0.0,16.0,{},1.804748296737671,1751475447.8691943,2025-07-02T16:57:27.869249
execution_time,RSID,16,16,"[2, 3]",2,1,1000000,random,,1000000,0.0,0,2.1418418289624055e-05,4.283618295096822e-05,2.3283064365386963e-10,0.0033097145607604438,0.0011109987099189311,5.451202001495403,0.019293936662172304,302140.85886918264,{},7.999638999639004,0,8,0.04639830751106618,8,0.0,0.0,0.0,0.0,16.0,{},1.8683886528015137,1751475449.7528045,2025-07-02T16:57:29.752858
execution_time,RSID,16,16,"[2, 3, 4]",3,1,1000000,random,,1000000,0.0,0,1.4278945526416036e-05,4.283618294099479e-05,3.552713678800501e-15,0.0037437404950071192,0.0014900015230523422,8.389589998841984,0.016016335663701187,267112.53125948797,{},7.999620999621004,0,8,0.04659172740159724,8,0.0,0.0,0.0,0.0,16.0,{},1.86025071144104,1751475451.6276894,2025-07-02T16:57:31.627747
execution_time,RSID,16,32,[2],1,1,1000000,random,,1000000,1.5000015000015e-05,15,4.57763671875e-05,4.57763671875e-05,1.52587890625e-05,0.002550034704355138,0.0009349987522000447,6.4991950002877275,0.011209894856757644,392151.52573889523,{},15.999249999250017,0,16,0.09181054507359315,16,16.0,16.0,16.0,0.0,16.0,{},1.837301254272461,1751475453.4819286,2025-07-02T16:57:33.481992
execution_time,RSID,16,32,"[2, 3]",2,1,1000000,random,,1000000,0.0,0,2.288818359375e-05,4.577566870622702e-05,2.3283064365386963e-10,0.0035363863503097602,0.0013040007615927607,4.5769739990646485,0.012965991914248036,282774.53336296463,{},15.999273999274006,0,16,0.09167994520828456,16,0.0,0.0,0.0,0.0,16.0,{},1.8742637634277344,1751475455.370407,2025-07-02T16:57:35.370462
execution_time,RSID,16,32,"[2, 3, 4]",3,1,1000000,random,,1000000,0.0,0,1.52587890625e-05,4.57756686955692e-05,3.552713678800501e-15,0.004351153816975253,0.0017900001694215462,3.915104000043357,0.012910040463866238,229824.09771373234,{},15.999251999252015,0,16,0.09179966908682928,16,0.0,0.0,0.0,0.0,16.0,{},1.8578004837036133,1751475457.2820394,2025-07-02T16:57:37.282090
execution_time,RSID,16,64,[2],1,1,1000000,random,,1000000,1.5000015000015e-05,15,4.836921694095325e-05,4.836921694095325e-05,1.52587890625e-05,0.002975806791806617,0.0011200008884770796,7.285411998964264,0.01416765789126988,336043.322017186,{},31.998469998469975,0,32,0.1824078606106422,32,32.0,32.0,32.0,0.0,16.0,{},1.8565971851348877,1751475459.1544266,2025-07-02T16:57:39.154488
execution_time,RSID,16,64,"[2, 3]",2,1,1000000,random,,1000000,0.0,0,2.4184608470476625e-05,4.8368478896536496e-05,2.3283064365386963e-10,0.004502963271470868,0.0017669990484137088,6.161520001114695,0.022222294155841735,222075.9841270825,{},31.998512998513025,0,32,0.18228482859138112,32,0.0,0.0,0.0,0.0,16.0,{},1.87101411819458,1751475461.040721,2025-07-02T16:57:41.040774
execution_time,RSID,16,64,"[2, 3, 4]",3,1,1000000,random,,1000000,0.0,0,1.6123072313651084e-05,4.8368478885275003e-05,3.552713678800501e-15,0.005714598295407335,0.00242300120589789,4.9560619991098065,0.019937740663109674,174990.42772676994,{},31.998484998484987,0,32,0.18236138246091058,32,0.0,0.0,0.0,0.0,16.0,{},1.8580853939056396,1751475462.9133203,2025-07-02T16:57:42.913373
execution_time,RSID,16,128,[2],1,1,500000,random,,500000,1.2000024000048e-05,6,5.0688600080678744e-05,5.0688600080678744e-05,1.52587890625e-05,0.0038768626777338677,0.001664999217609875,4.01178599895502,0.016680285486995516,257940.52643219422,{},63.99494598989199,0,64,0.5128977929172089,64,64.0,64.0,64.0,0.0,16.0,{},0.7499699592590332,1751475463.6770492,2025-07-02T16:57:43.677106
execution_time,RSID,16,128,"[2, 3]",2,1,500000,random,,500000,0.0,0,2.5344300040339372e-05,5.068782664582392e-05,2.3283064365386963e-10,0.005459255550102091,0.002426999344606884,4.529428000751068,0.011220621784165222,183175.15837508274,{},63.99497798995598,0,64,0.5128630135073671,64,0.0,0.0,0.0,0.0,16.0,{},0.9595129489898682,1751475464.6852438,2025-07-02T16:57:44.685285
execution_time,RSID,16,128,"[2, 3, 4]",3,1,500000,random,,500000,0.0,0,1.6896200026892916e-05,5.068782663402242e-05,3.552713678800501e-15,0.007858822176262699,0.0035079992812825367,11.280308999630506,0.04774144824816822,127245.53089144395,{},63.99491598983197,0,64,0.512922840442985,64,0.0,0.0,0.0,0.0,16.0,{},0.9487745761871338,1751475465.6488552,2025-07-02T16:57:45.648907
execution_time,RSID,16,256,[2],1,1,333333,random,,333333,3.000012000048e-06,1,5.278673734492946e-05,5.278673734492946e-05,1.52587890625e-05,0.00521432155445902,0.002270999175379984,11.976899999353918,0.04020623499707861,191779.50372946434,{},127.98579194316771,0,128,1.2547658224525176,128,128.0,128.0,128.0,0.0,16.0,{},0.6976134777069092,1751475466.361977,2025-07-02T16:57:46.362021
execution_time,RSID,16,256,"[2, 3]",2,1,333333,random,,333333,0.0,0,2.639336867246473e-05,5.27859318955292e-05,2.3283064365386963e-10,0.008341796274049556,0.00453000029665418,2.6412089991936227,0.008165953158567668,119878.25728984704,{},127.98574694298766,0,128,1.2547856326346323,128,0.0,0.0,0.0,0.0,16.0,{},0.6973750591278076,1751475467.0746238,2025-07-02T16:57:47.074673
execution_time,RSID,16,256,"[2, 3, 4]",3,1,333333,random,,333333,0.0,0,1.7595579114976487e-05,5.2785931883239205e-05,3.552713678800501e-15,0.011866662474110392,0.006361999112414196,15.439016999152955,0.03143390884091115,84269.69269427772,{},127.98579194316777,0,128,1.2547682131122766,128,0.0,0.0,0.0,0.0,16.0,{},0.7054018974304199,1751475467.7938302,2025-07-02T16:57:47.793883
execution_time,RSID,16,512,[2],1,1,166666,random,,166666,6.000060000600006e-06,1,5.4702186595476625e-05,5.4702186595476625e-05,1.52587890625e-05,0.00795698353549523,0.0043479994928929955,3.8489060007123044,0.015659513150238086,125675.76589031631,{},255.94702547025466,0,256,3.547062080518258,256,256.0,256.0,256.0,0.0,16.0,{},0.41585493087768555,1751475468.2614572,2025-07-02T16:57:48.261503
execution_time,RSID,16,512,"[2, 3]",2,1,166666,random,,166666,0.0,0,2.7351093297738312e-05,5.4701351919086256e-05,2.3283064365386963e-10,0.014920836310919366,0.008128999979817308,4.565737999655539,0.014013976892341112,67020.3719926999,{},255.94706747067463,0,256,3.5470550968645322,256,0.0,0.0,0.0,0.0,16.0,{},0.45647692680358887,1751475468.7319815,2025-07-02T16:57:48.732033
execution_time,RSID,16,512,"[2, 3, 4]",3,1,166666,random,,166666,0.0,0,1.8234062198492208e-05,5.47013519063503e-05,3.552713678800501e-15,0.02212091880699377,0.011809999705292284,7.1688099997118115,0.04641978629548026,45206.07885798302,{},255.9468994689946,0,256,3.547083028432526,256,0.0,0.0,0.0,0.0,16.0,{},0.5464158058166504,1751475469.2926064,2025-07-02T16:57:49.292656
execution_time,RSID,16,1024,[2],1,1,100000,random,,100000,2.000020000200002e-05,2,5.646422909761188e-05,5.646422909761188e-05,1.52587890625e-05,0.014771142053800247,0.008715998774277978,3.9879739997559227,0.028029338462756532,67699.57233893943,{},511.82811828118287,0,512,9.156344157242073,512,512.0,512.0,512.0,0.0,16.0,{},0.4036717414855957,1751475469.7112598,2025-07-02T16:57:49.711312
execution_time,RSID,16,1024,"[2, 3]",2,1,100000,random,,100000,0.0,0,2.823211454880594e-05,5.646336753499691e-05,2.3283064365386963e-10,0.029080991698961226,0.016525000319234096,4.5452309987012995,0.048755944610259144,34386.72278963994,{},511.828178281783,0,512,9.156340915808432,512,0.0,0.0,0.0,0.0,16.0,{},0.5005924701690674,1751475470.2261324,2025-07-02T16:57:50.226203
execution_time,RSID,16,1024,"[2, 3, 4]",3,1,100000,random,,100000,0.0,0,1.882140969920396e-05,5.6463367521850706e-05,3.552713678800501e-15,0.04060506775242302,0.021383000785135664,2.947095999843441,0.040979307905777626,24627.46783473418,{},511.82847828478265,0,512,9.156329069933856,512,0.0,0.0,0.0,0.0,16.0,{},0.5582597255706787,1751475470.8389997,2025-07-02T16:57:50.839047
execution_time,RSID,16,2048,[2],1,1,100000,random,,100000,1.000010000100001e-05,1,5.809562564174811e-05,5.809562564174811e-05,1.52587890625e-05,0.03092052082591349,0.014726998415426351,4.539321998890955,0.06128842573184649,32340.98175868798,{},1023.6575165751653,0,1024,18.312238443399146,1024,1024.0,1024.0,1024.0,0.0,16.0,{},0.6519668102264404,1751475471.5052998,2025-07-02T16:57:51.505356
execution_time,RSID,16,2048,"[2, 3]",2,1,100000,random,,100000,0.0,0,2.9047812820874055e-05,5.8094739186377225e-05,2.3283064365386963e-10,0.05553184134735851,0.02742200013017282,4.121560999919893,0.07193277779642895,18007.68668456133,{},1023.6567265672657,0,1024,18.312246311423944,1024,0.0,0.0,0.0,0.0,16.0,{},0.8089663982391357,1751475472.3284411,2025-07-02T16:57:52.328499
execution_time,RSID,16,2048,"[2, 3, 4]",3,1,100000,random,,100000,0.0,0,1.936520854724937e-05,5.809473917285119e-05,3.552713678800501e-15,0.08253586735932796,0.04358300066087395,5.064466999101569,0.07744346869433705,12115.94464315014,{},1023.6563765637659,0,1024,18.312246027176897,1024,0.0,0.0,0.0,0.0,16.0,{},1.00020432472229,1751475473.3433077,2025-07-02T16:57:53.343361
execution_time,RSID,16,4096,[2],1,1,100000,random,,100000,1.000010000100001e-05,1,5.9614419488655376e-05,5.9614419488655376e-05,1.52587890625e-05,0.053913710278514805,0.027766000130213797,4.034468000099878,0.04650936255438806,18548.15769187584,{},2047.312733127331,0,2048,36.62406531827881,2048,2048.0,2048.0,2048.0,0.0,16.0,{},1.00980544090271,1751475474.368725,2025-07-02T16:57:54.368782
execution_time,RSID,16,4096,"[2, 3]",2,1,100000,random,,100000,0.0,0,2.9807209744327688e-05,5.9613509858683166e-05,2.3283064365386963e-10,0.10734630007590687,0.0562899986107368,9.048570000231848,0.09370409133576066,9315.644780424464,{},2047.313443134432,0,2048,36.62406457330896,2048,0.0,0.0,0.0,0.0,16.0,{},1.3838465213775635,1751475475.8082395,2025-07-02T16:57:55.808285
execution_time,RSID,16,4096,"[2, 3, 4]",3,1,100000,random,,100000,0.0,0,1.9871473162885124e-05,5.961350984480353e-05,3.552713678800501e-15,0.15645489386824038,0.08086300113063771,4.660102000343613,0.07650860693518631,6391.618537942042,{},2047.3141131411317,0,2048,36.624068797872106,2048,0.0,0.0,0.0,0.0,16.0,{},1.707170009613037,1751475477.5304978,2025-07-02T16:57:57.530548
execution_time,RSID,16,8192,[2],1,1,100000,random,,100000,1.000010000100001e-05,1,6.103515625e-05,6.103515625e-05,1.52587890625e-05,0.1057192465318698,0.0585409998166142,4.979406001439202,0.05719804697212803,9459.015579519317,{},4094.6269162691647,0,4096,73.24770259358476,4096,4096.0,4096.0,4096.0,0.0,16.0,{},1.804567813873291,1751475479.350232,2025-07-02T16:57:59.350288
execution_time,RSID,16,8192,"[2, 3]",2,1,100000,random,,100000,0.0,0,3.0517578125e-05,6.103422494163602e-05,2.3283064365386963e-10,0.20531968208988355,0.11125299897685181,7.134166999094305,0.09106215037175296,4870.453674101377,{},4094.6268862688626,0,4096,73.24770578462548,4096,0.0,0.0,0.0,0.0,16.0,{},2.482217788696289,1751475481.846717,2025-07-02T16:58:01.846772
execution_time,RSID,16,8192,"[2, 3, 4]",3,1,100000,random,,100000,0.0,0,2.0345052083333332e-05,6.10342249274256e-05,3.552713678800501e-15,0.30007498867759985,0.1543179987493204,5.793465001261211,0.08148869330393703,3332.5003340228354,{},4094.624836248361,0,4096,73.24768228283692,4096,0.0,0.0,0.0,0.0,16.0,{},3.103325605392456,1751475484.965777,2025-07-02T16:58:04.965828
execution_time,RSID,16,16384,[2],1,1,100000,random,,100000,0.0,0,6.236973329544585e-05,6.236973329544585e-05,1.52587890625e-05,0.20557889895226092,0.1090280002244981,4.255780000676168,0.05515590226477009,4864.312461524652,{},8189.2540625406255,0,8192,146.49498514384325,8192,0.0,0.0,0.0,0.0,16.0,{},3.3946444988250732,1751475488.4152894,2025-07-02T16:58:08.415335
execution_time,RSID,16,16384,"[2, 3]",2,1,100000,random,,100000,0.0,0,3.1184866647722924e-05,6.236878162336297e-05,2.3283064365386963e-10,0.4064629808490436,0.2019420007854933,11.449663999883342,0.11549094525609042,2460.2486502242878,{},8189.253522535227,0,8192,146.4949804150626,8192,0.0,0.0,0.0,0.0,16.0,{},4.742191791534424,1751475493.171581,2025-07-02T16:58:13.171630
execution_time,RSID,16,16384,"[2, 3, 4]",3,1,100000,random,,100000,0.0,0,2.0789911098481948e-05,6.236878160884183e-05,3.552713678800501e-15,0.5857988607402415,0.30103900098765735,7.246178998684627,0.11071055388027676,1707.07057834895,{},8189.251182511825,0,8192,146.49494295448454,8192,0.0,0.0,0.0,0.0,16.0,{},5.642076253890991,1751475498.8314416,2025-07-02T16:58:18.831494
execution_time,RSID,16,32768,[2],1,1,100000,random,,100000,0.0,0,6.362800600345325e-05,6.362800600345325e-05,1.52587890625e-05,0.42548666991298006,0.19676800002343953,9.14964100047655,0.16377663822999583,2350.249891975508,{},16378.504925049252,0,16384,292.9894979631922,16384,0.0,0.0,0.0,0.0,16.0,{},7.2024664878845215,1751475506.049606,2025-07-02T16:58:26.049659
execution_time,RSID,16,32768,"[2, 3]",2,1,100000,random,,100000,0.0,0,3.1814003001726625e-05,6.36270351319455e-05,2.3283064365386963e-10,0.8236838059100247,0.38824799958092626,12.926842999149812,0.1846606997827225,1214.0581043658824,{},16378.507785077845,0,16384,292.9895424282315,16384,0.0,0.0,0.0,0.0,16.0,{},9.625258207321167,1751475515.689692,2025-07-02T16:58:35.689750
execution_time,RSID,16,32768,"[2, 3, 4]",3,1,100000,random,,100000,0.0,0,2.1209335334484416e-05,6.36270351171314e-05,3.552713678800501e-15,1.2127893588803285,0.595986000917037,18.253886000820785,0.25468459383776787,824.5454931458338,{},16378.511115111149,0,16384,292.98959896062996,16384,0.0,0.0,0.0,0.0,16.0,{},11.80972170829773,1751475527.5533543,2025-07-02T16:58:47.553401
execution_time,RSID,16,65536,[2],1,1,100000,random,,100000,2.000020000200002e-05,2,6.48182298804258e-05,6.48182298804258e-05,1.52587890625e-05,1.2450026585913632,0.4005639984825393,15.255382999384892,0.7427599639406165,803.2111362167152,{},32757.014990149903,0,32768,585.9786517990951,32768,32768.0,32768.0,32768.0,0.0,16.0,{},24.40743613243103,1751475551.9779553,2025-07-02T16:59:11.978008
execution_time,RSID,16,65536,"[2, 3]",2,1,100000,random,,100000,0.0,0,3.24091149402129e-05,6.48172408478201e-05,2.3283064365386963e-10,2.0675639565582733,0.7656909983779769,16.763170000558603,0.809309322013117,483.6609754334414,{},32757.012780127796,0,32768,585.97861436173,32768,0.0,0.0,0.0,0.0,16.0,{},27.504185438156128,1751475579.4971461,2025-07-02T16:59:39.497198
execution_time,RSID,16,65536,"[2, 3, 4]",3,1,100000,random,,100000,0.0,0,2.16060766268086e-05,6.481724083272888e-05,3.552713678800501e-15,2.821823661715532,1.1600240013649454,18.196172000898514,0.8401568101006534,354.3807551007806,{},32757.0123601236,0,32768,585.9786063353969,32768,0.0,0.0,0.0,0.0,16.0,{},30.65668034553528,1751475610.169402,2025-07-02T17:00:10.169465
execution_time,RSID,32,8,[2],1,1,1000000,random,,1000000,0.0,0,6.018584828640232e-10,6.018584828640232e-10,2.3283064365386963e-10,0.002421665106598942,0.0007159997039707378,5.540002999623539,0.01725444418788783,412939.0134395708,{},1.9999359999360016,0,2,0.011313352116622835,2,0.0,0.0,0.0,0.0,32.0,{},1.7722365856170654,1751475611.94313,2025-07-02T17:00:11.943185
execution_time,RSID,32,8,"[2, 3]",2,1,1000000,random,,1000000,0.0,0,3.009292414320116e-10,6.018584827238921e-10,0.0,0.0030101041220245706,0.0009300001693191007,6.089537000661949,0.01882137762553451,332214.42164844734,{},1.9999359999360016,0,2,0.011313352116622835,2,0.0,0.0,0.0,0.0,32.0,{},1.5067384243011475,1751475613.4932098,2025-07-02T17:00:13.493254
execution_time,RSID,32,8,"[2, 3, 4]",3,1,1000000,random,,1000000,0.0,0,2.0061949428800773e-10,6.018584827238921e-10,0.0,0.003387059585119821,0.0011259999155299738,2.8863389998150524,0.012405481401374386,295241.336879116,{},1.9999359999360016,0,2,0.011313352116622835,2,0.0,0.0,0.0,0.0,32.0,{},1.7312037944793701,1751475615.2256522,2025-07-02T17:00:15.225703
execution_time,RSID,32,16,[2],1,1,1000000,random,,1000000,0.0,0,6.53638253467531e-10,6.53638253467531e-10,2.3283064365386963e-10,0.002266398687220962,0.0007190010364865884,10.094747000039206,0.015951089621712145,441228.6353846203,{},3.999871999872003,0,4,0.02262670423324567,4,0.0,0.0,0.0,0.0,32.0,{},1.7220852375030518,1751475616.9490256,2025-07-02T17:00:16.949078
execution_time,RSID,32,16,"[2, 3]",2,1,1000000,random,,1000000,0.0,0,3.268191267337655e-10,6.53638253315344e-10,0.0,0.0029970988534960626,0.0009569994290359318,13.499364999006502,0.020926852560496492,333655.99497444596,{},3.999871999872003,0,4,0.02262670423324567,4,0.0,0.0,0.0,0.0,32.0,{},1.7412736415863037,1751475618.6916387,2025-07-02T17:00:18.691741
execution_time,RSID,32,16,"[2, 3, 4]",3,1,1000000,random,,1000000,0.0,0,2.1787941782251032e-10,6.53638253315344e-10,0.0,0.003715962392730816,0.0012440013961168006,7.3088010012725135,0.015586872363262597,269109.28968393354,{},3.999871999872003,0,4,0.02262670423324567,4,0.0,0.0,0.0,0.0,32.0,{},1.765744924545288,1751475620.45876,2025-07-02T17:00:20.458810
execution_time,RSID,32,32,[2],1,1,1000000,random,,1000000,0.0,0,6.984919309616089e-10,6.984919309616089e-10,2.3283064365386963e-10,0.002441038462670052,0.0007910002750577405,4.0567470005044015,0.01145121417409182,409661.71377167973,{},7.999743999744006,0,8,0.04525340846649134,8,0.0,0.0,0.0,0.0,32.0,{},1.7324450016021729,1751475622.234925,2025-07-02T17:00:22.234984
execution_time,RSID,32,32,"[2, 3]",2,1,1000000,random,,1000000,0.0,0,3.4924596548080444e-10,6.984919307989786e-10,0.0,0.0032494659301206177,0.0010980002116411924,8.173584001269774,0.015832592384571926,307742.8788314395,{},7.999743999744006,0,8,0.04525340846649134,8,0.0,0.0,0.0,0.0,32.0,{},1.7694134712219238,1751475624.0056736,2025-07-02T17:00:24.005724
execution_time,RSID,32,32,"[2, 3, 4]",3,1,1000000,random,,1000000,0.0,0,2.3283064365386963e-10,6.984919307989786e-10,0.0,0.004131365693247625,0.0013919998309575021,5.678094001268619,0.01629507438868796,242050.71016453888,{},7.999743999744006,0,8,0.04525340846649134,8,0.0,0.0,0.0,0.0,32.0,{},1.819648265838623,1751475625.8266356,2025-07-02T17:00:25.826689
execution_time,RSID,32,64,[2],1,1,1000000,random,,1000000,0.0,0,7.380556784203071e-10,7.380556784203071e-10,2.3283064365386963e-10,0.002694765586185982,0.0008950009942054749,5.212800000663265,0.009698867568086961,371089.7916784454,{},15.999487999488013,0,16,0.09050681693298268,16,0.0,0.0,0.0,0.0,32.0,{},1.8047077655792236,1751475627.6326413,2025-07-02T17:00:27.632691
execution_time,RSID,32,64,"[2, 3]",2,1,1000000,random,,1000000,0.0,0,3.690278392101536e-10,7.380556782484651e-10,0.0,0.003768147757941074,0.00132000059238635,4.258520999428583,0.01129777776262638,265382.37464085076,{},15.999487999488013,0,16,0.09050681693298268,16,0.0,0.0,0.0,0.0,32.0,{},1.7931427955627441,1751475629.4270263,2025-07-02T17:00:29.427080
execution_time,RSID,32,64,"[2, 3, 4]",3,1,1000000,random,,1000000,0.0,0,2.4601855947343573e-10,7.380556782484651e-10,0.0,0.004784406103606801,0.001720000000204891,9.396000999913667,0.01584537348977073,209012.3577189934,{},15.999487999488013,0,16,0.09050681693298268,16,0.0,0.0,0.0,0.0,32.0,{},1.772749662399292,1751475631.2434785,2025-07-02T17:00:31.243531
execution_time,RSID,32,128,[2],1,1,500000,random,,500000,0.0,0,7.734466565044974e-10,7.734466565044974e-10,2.3283064365386963e-10,0.0031877299640658053,0.0010929998097708449,2.2673170005873544,0.01021742483487863,313702.8579185375,{},31.997951995903996,0,32,0.2559838719502574,32,0.0,0.0,0.0,0.0,32.0,{},0.9445512294769287,1751475632.1893728,2025-07-02T17:00:32.189426
execution_time,RSID,32,128,"[2, 3]",2,1,500000,random,,500000,0.0,0,3.867233282522487e-10,7.734466563244154e-10,0.0,0.004861059915012265,0.001755999619490467,10.59034799982328,0.02740557146640846,205716.45227242113,{},31.997951995903996,0,32,0.2559838719502574,32,0.0,0.0,0.0,0.0,32.0,{},0.9380683898925781,1751475633.1288188,2025-07-02T17:00:33.128867
execution_time,RSID,32,128,"[2, 3, 4]",3,1,500000,random,,500000,0.0,0,2.5781555216816583e-10,7.734466563244154e-10,0.0,0.006484423378102117,0.002484999640728347,8.42280100005155,0.019932939964465494,154215.71690969434,{},31.997951995903996,0,32,0.2559838719502574,32,0.0,0.0,0.0,0.0,32.0,{},0.9349963665008545,1751475634.0651402,2025-07-02T17:00:34.065193
execution_time,RSID,32,256,[2],1,1,333333,random,,333333,0.0,0,8.0546169044387e-10,8.0546169044387e-10,2.3283064365386963e-10,0.004182434911014997,0.0016269987099803984,1.3001140014239354,0.005095245963392756,239095.17333225376,{},63.99385597542391,0,64,0.6270104292705393,64,0.0,0.0,0.0,0.0,32.0,{},0.6660964488983154,1751475634.7325459,2025-07-02T17:00:34.732604
execution_time,RSID,32,256,"[2, 3]",2,1,333333,random,,333333,0.0,0,4.02730845221935e-10,8.054616902563339e-10,0.0,0.007343104524049734,0.002901000698329881,11.227737999433884,0.041859815701206136,136182.18244406773,{},63.99385597542391,0,64,0.6270104292705393,64,0.0,0.0,0.0,0.0,32.0,{},0.6664319038391113,1751475635.4386199,2025-07-02T17:00:35.438666
execution_time,RSID,32,256,"[2, 3, 4]",3,1,333333,random,,333333,0.0,0,2.6848723014795664e-10,8.054616902563339e-10,0.0,0.010740491875080641,0.004260000423528254,11.740391000785166,0.05861230055091111,93105.6055561228,{},63.99385597542391,0,64,0.6270104292705393,64,0.0,0.0,0.0,0.0,32.0,{},0.6559500694274902,1751475636.0960405,2025-07-02T17:00:36.096086
execution_time,RSID,32,512,[2],1,1,166666,random,,166666,0.0,0,8.346891265178928e-10,8.346891265178928e-10,2.3283064365386963e-10,0.007137720554069756,0.0028430004022084177,5.766155998571776,0.017794283535336384,140100.74959152387,{},127.97542375423757,0,128,1.7732883549485507,128,0.0,0.0,0.0,0.0,32.0,{},0.34783339500427246,1751475636.4452524,2025-07-02T17:00:36.445306
execution_time,RSID,32,512,"[2, 3]",2,1,166666,random,,166666,0.0,0,4.173445632589464e-10,8.346891263235516e-10,0.0,0.013844435598271232,0.006303000191110186,4.031959999338142,0.024540828217756057,72231.18580037102,{},127.97542375423757,0,128,1.7732883549485507,128,0.0,0.0,0.0,0.0,32.0,{},0.35850095748901367,1751475636.8052337,2025-07-02T17:00:36.805284
execution_time,RSID,32,512,"[2, 3, 4]",3,1,166666,random,,166666,0.0,0,2.782297088392976e-10,8.346891263235516e-10,0.0,0.021736305077809246,0.010154999472433701,10.972044001391623,0.0476921123359318,46005.97923245508,{},127.97542375423757,0,128,1.7732883549485507,128,0.0,0.0,0.0,0.0,32.0,{},0.43712592124938965,1751475637.2437873,2025-07-02T17:00:37.243837
execution_time,RSID,32,1024,[2],1,1,100000,random,,100000,0.0,0,8.615757613771344e-10,8.615757613771344e-10,2.3283064365386963e-10,0.01396151846603875,0.005828000212204643,9.603911001249799,0.0650351594745448,71625.44693347573,{},255.91807918079178,0,256,4.578024661774514,256,0.0,0.0,0.0,0.0,32.0,{},0.2766382694244385,1751475637.567036,2025-07-02T17:00:37.567086
execution_time,RSID,32,1024,"[2, 3]",2,1,100000,random,,100000,0.0,0,4.307878806885672e-10,8.615757611765332e-10,0.0,0.028203296525848343,0.013478998880600557,3.0311030004668282,0.016407800688770405,35456.84807034877,{},255.91807918079178,0,256,4.578024661774514,256,0.0,0.0,0.0,0.0,32.0,{},0.3465309143066406,1751475637.914971,2025-07-02T17:00:37.915023
execution_time,RSID,32,1024,"[2, 3, 4]",3,1,100000,random,,100000,0.0,0,2.871919204590448e-10,8.615757611765332e-10,0.0,0.043666052001680465,0.0211669994314434,4.073788000823697,0.04270397047859705,22901.085721271884,{},255.91807918079178,0,256,4.578024661774514,256,0.0,0.0,0.0,0.0,32.0,{},0.4609532356262207,1751475638.3773873,2025-07-02T17:00:38.377437
execution_time,RSID,32,2048,[2],1,1,100000,random,,100000,0.0,0,8.864688971214006e-10,8.864688971214006e-10,2.3283064365386963e-10,0.02946130772427216,0.011734999134205282,15.101938000952941,0.11053975692617736,33942.82458059845,{},511.83615836158356,0,512,9.156049323549029,512,0.0,0.0,0.0,0.0,32.0,{},0.43886399269104004,1751475638.81763,2025-07-02T17:00:38.817689
execution_time,RSID,32,2048,"[2, 3]",2,1,100000,random,,100000,0.0,0,4.432344485607003e-10,8.864688969150035e-10,0.0,0.058034607669323536,0.028606000341824256,4.511973998887697,0.03340563684587022,17231.097790785774,{},511.83615836158356,0,512,9.156049323549029,512,0.0,0.0,0.0,0.0,32.0,{},0.6171040534973145,1751475639.436181,2025-07-02T17:00:39.436234
execution_time,RSID,32,2048,"[2, 3, 4]",3,1,100000,random,,100000,0.0,0,2.954896323738002e-10,8.864688969150035e-10,0.0,0.08920693949135283,0.044283999159233645,11.71025700023165,0.08924968614269393,11209.890236139463,{},511.83615836158356,0,512,9.156049323549029,512,0.0,0.0,0.0,0.0,32.0,{},0.8465452194213867,1751475640.3286672,2025-07-02T17:00:40.328716
execution_time,RSID,32,4096,[2],1,1,100000,random,,100000,0.0,0,9.096438520607815e-10,9.096438520607815e-10,2.3283064365386963e-10,0.06090884854667103,0.02886199945351109,11.277659001279972,0.11927814529062997,16417.975776274216,{},1023.6723167231671,0,1024,18.312098647098058,1024,0.0,0.0,0.0,0.0,32.0,{},0.8039264678955078,1751475641.133983,2025-07-02T17:00:41.134036
execution_time,RSID,32,4096,"[2, 3]",2,1,100000,random,,100000,0.0,0,4.5482192603039074e-10,9.096438518489885e-10,0.0,0.12146002112863735,0.06686599954264238,3.942917001040769,0.03675170476694852,8233.161749090326,{},1023.6723167231671,0,1024,18.312098647098058,1024,0.0,0.0,0.0,0.0,32.0,{},0.9207828044891357,1751475642.0561557,2025-07-02T17:00:42.056207
execution_time,RSID,32,4096,"[2, 3, 4]",3,1,100000,random,,100000,0.0,0,3.032146173535938e-10,9.096438518489885e-10,0.0,0.18460333464633522,0.11010299931513146,8.81021600071108,0.08548134665866514,5417.020239183703,{},1023.6723167231671,0,1024,18.312098647098058,1024,0.0,0.0,0.0,0.0,32.0,{},1.6105015277862549,1751475643.668022,2025-07-02T17:00:43.668072
execution_time,RSID,32,8192,[2],1,1,100000,random,,100000,0.0,0,9.313225746154785e-10,9.313225746154785e-10,2.3283064365386963e-10,0.11965598494215353,0.06112700066296384,11.756357998820022,0.09939326558531104,8357.291952286714,{},2047.3446334463342,0,2048,36.624197294196115,2048,0.0,0.0,0.0,0.0,32.0,{},1.450413465499878,1751475645.119814,2025-07-02T17:00:45.119866
execution_time,RSID,32,8192,"[2, 3]",2,1,100000,random,,100000,0.0,0,4.656612873077393e-10,9.313225743986381e-10,0.0,0.2457934410650385,0.1398110016452847,10.496203998627607,0.0893685836748037,4068.4568134403294,{},2047.3446234462342,0,2048,36.624197251786114,2048,0.0,0.0,0.0,0.0,32.0,{},2.3046624660491943,1751475647.4641685,2025-07-02T17:00:47.464212
execution_time,RSID,32,8192,"[2, 3, 4]",3,1,100000,random,,100000,0.0,0,3.104408582051595e-10,9.313225743986381e-10,0.0,0.3757265759858197,0.2190609993704129,9.58295600139536,0.10541227727247603,2661.509895530363,{},2047.3446334463342,0,2048,36.624197294196115,2048,0.0,0.0,0.0,0.0,32.0,{},3.182520627975464,1751475650.6479495,2025-07-02T17:00:50.648004
execution_time,RSID,32,16384,[2],1,1,100000,random,,100000,0.0,0,9.516866042395912e-10,9.516866042395912e-10,2.3283064365386963e-10,0.2555437105570596,0.14320099944598041,11.80899399878399,0.09893981761668753,3913.224856209924,{},4094.6892668926685,0,4096,73.24839458839223,4096,0.0,0.0,0.0,0.0,32.0,{},2.892970323562622,1751475653.5422456,2025-07-02T17:00:53.542302
execution_time,RSID,32,16384,"[2, 3]",2,1,100000,random,,100000,0.0,0,4.758433021197956e-10,9.516866040180094e-10,0.0,0.527917334531556,0.3087820005021058,12.506087001384003,0.1740415695296744,1894.2359619377596,{},4094.689256892568,0,4096,73.24839447774318,4096,0.0,0.0,0.0,0.0,32.0,{},4.662950277328491,1751475658.2065666,2025-07-02T17:00:58.206633
execution_time,RSID,32,16384,"[2, 3, 4]",3,1,100000,random,,100000,0.0,0,3.172288680798637e-10,9.516866040180094e-10,0.0,0.7931253535805676,0.45766499897581525,12.08520500040322,0.19340810617005166,1260.8347412997152,{},4094.6892668926685,0,4096,73.24839458839223,4096,0.0,0.0,0.0,0.0,32.0,{},6.540122985839844,1751475664.7480478,2025-07-02T17:01:04.748096
execution_time,RSID,64,8,[2],1,1,1000000,random,,1000000,0.0,0,1.4013109795377199e-19,1.4013109795377199e-19,0.0,0.0022047386797565327,0.000664998879074119,11.861678000059328,0.015639805609743897,453568.49280225317,{},0.9999679999680008,0,1,0.0056566760583114176,1,0.0,0.0,0.0,0.0,64.0,{},1.7537739276885986,1751475666.5423048,2025-07-02T17:01:06.542355
execution_time,RSID,64,8,"[2, 3]",2,1,1000000,random,,1000000,0.0,0,7.006554897688599e-20,1.4013109795377199e-19,0.0,0.0028636218137212217,0.0008810002327663824,9.994911999456235,0.01946839365983758,349208.1235058477,{},0.9999679999680008,0,1,0.0056566760583114176,1,0.0,0.0,0.0,0.0,64.0,{},1.7596678733825684,1751475668.3032808,2025-07-02T17:01:08.303329
execution_time,RSID,64,8,"[2, 3, 4]",3,1,1000000,random,,1000000,0.0,0,4.671036598459066e-20,1.4013109795377199e-19,0.0,0.0033836062314825496,0.0010929998097708449,5.0775029994838405,0.01340209958202631,295542.66412431904,{},0.9999679999680008,0,1,0.0056566760583114176,1,0.0,0.0,0.0,0.0,64.0,{},1.7830514907836914,1751475670.0876942,2025-07-02T17:01:10.087743
execution_time,RSID,64,16,[2],1,1,1000000,random,,1000000,0.0,0,1.5218701527163642e-19,1.5218701527163642e-19,0.0,0.0023537783076541187,0.0006989994290051982,8.017430000109016,0.014339989509678729,424848.84695731814,{},1.9999359999360016,0,2,0.011313352116622835,2,0.0,0.0,0.0,0.0,64.0,{},1.7655918598175049,1751475671.8546617,2025-07-02T17:01:11.854722
execution_time,RSID,64,16,"[2, 3]",2,1,1000000,random,,1000000,0.0,0,7.609350763581821e-20,1.5218701527163642e-19,0.0,0.0029958220918171945,0.000950998582993634,4.445717000635341,0.019728615977716846,333798.1927336092,{},1.9999359999360016,0,2,0.011313352116622835,2,0.0,0.0,0.0,0.0,64.0,{},1.480520486831665,1751475673.33657,2025-07-02T17:01:13.336622
execution_time,RSID,64,16,"[2, 3, 4]",3,1,1000000,random,,1000000,0.0,0,5.072900509054547e-20,1.5218701527163642e-19,0.0,0.003542776494983583,0.0011320007615722716,4.727314000774641,0.021197576868379937,282264.489847428,{},1.9999359999360016,0,2,0.011313352116622835,2,0.0,0.0,0.0,0.0,64.0,{},1.749769687652588,1751475675.129208,2025-07-02T17:01:15.129257
execution_time,RSID,64,32,[2],1,1,1000000,random,,1000000,0.0,0,1.6263032587282567e-19,1.6263032587282567e-19,0.0,0.0023906004671998844,0.0008030001481529325,4.01918200077489,0.014686047807359489,418304.94627623924,{},3.999871999872003,0,4,0.02262670423324567,4,0.0,0.0,0.0,0.0,64.0,{},1.7169814109802246,1751475676.8476765,2025-07-02T17:01:16.847724
execution_time,RSID,64,32,"[2, 3]",2,1,1000000,random,,1000000,0.0,0,8.131516293641283e-20,1.6263032587282567e-19,0.0,0.002980588394125877,0.0009680006769485772,3.62122699880274,0.010884024227662025,335504.2252633047,{},3.999871999872003,0,4,0.02262670423324567,4,0.0,0.0,0.0,0.0,64.0,{},1.7635324001312256,1751475678.6125088,2025-07-02T17:01:18.612558
execution_time,RSID,64,32,"[2, 3, 4]",3,1,1000000,random,,1000000,0.0,0,5.421010862427522e-20,1.6263032587282567e-19,0.0,0.0037660677740598736,0.0012690015864791349,4.583449999699951,0.012681883029208486,265528.94424467196,{},3.999871999872003,0,4,0.02262670423324567,4,0.0,0.0,0.0,0.0,64.0,{},1.7933268547058105,1751475680.4072475,2025-07-02T17:01:20.407298
execution_time,RSID,64,64,[2],1,1,1000000,random,,1000000,0.0,0,1.7184197865899353e-19,1.7184197865899353e-19,0.0,0.002488267720603555,0.000784000803832896,4.054025999721489,0.012629373139913282,401886.01560825604,{},7.999743999744006,0,8,0.04525340846649134,8,0.0,0.0,0.0,0.0,64.0,{},1.7299118041992188,1751475682.1384969,2025-07-02T17:01:22.138550
execution_time,RSID,64,64,"[2, 3]",2,1,1000000,random,,1000000,0.0,0,8.592098932949677e-20,1.7184197865899353e-19,0.0,0.003388343785752469,0.0011180000001331791,2.598154000224895,0.009514185842655155,295129.43881458126,{},7.999743999744006,0,8,0.04525340846649134,8,0.0,0.0,0.0,0.0,64.0,{},1.7967300415039062,1751475683.9766543,2025-07-02T17:01:23.976701
execution_time,RSID,64,64,"[2, 3, 4]",3,1,1000000,random,,1000000,0.0,0,5.728065955299785e-20,1.7184197865899353e-19,0.0,0.0041569421029836835,0.0014599991118302569,4.026462000183528,0.012436247176982825,240561.44522249678,{},7.999743999744006,0,8,0.04525340846649134,8,0.0,0.0,0.0,0.0,64.0,{},1.808030366897583,1751475685.7859838,2025-07-02T17:01:25.786030
execution_time,RSID,64,128,[2],1,1,500000,random,,500000,0.0,0,1.8008208286587555e-19,1.8008208286587555e-19,0.0,0.0029025153100580305,0.0009279992809752002,11.349248001351953,0.02407519833734832,344528.7597742273,{},15.998975997951998,0,16,0.1279919359751287,16,0.0,0.0,0.0,0.0,64.0,{},0.9326035976409912,1751475686.7198741,2025-07-02T17:01:26.719926
execution_time,RSID,64,128,"[2, 3]",2,1,500000,random,,500000,0.0,0,9.004104143293777e-20,1.8008208286587555e-19,0.0,0.004129517438298427,0.001448999682907015,6.200564001119346,0.017384110763281262,242159.04520118728,{},15.998975997951998,0,16,0.1279919359751287,16,0.0,0.0,0.0,0.0,64.0,{},0.9435186386108398,1751475687.6648235,2025-07-02T17:01:27.664875
execution_time,RSID,64,128,"[2, 3, 4]",3,1,500000,random,,500000,0.0,0,6.002736095529185e-20,1.8008208286587555e-19,0.0,0.0054770911842305274,0.0019390008674236014,11.351765000654268,0.026836995572569446,182578.66563901096,{},15.998975997951998,0,16,0.1279919359751287,16,0.0,0.0,0.0,0.0,64.0,{},0.9112412929534912,1751475688.5773335,2025-07-02T17:01:28.577384
execution_time,RSID,64,256,[2],1,1,333333,random,,333333,0.0,0,1.8753616382458014e-19,1.8753616382458014e-19,0.0,0.0035300024465713654,0.0012640011846087873,4.503501999352011,0.016560252591415258,283285.92264044576,{},31.996927987711956,0,32,0.31350521463526965,32,0.0,0.0,0.0,0.0,64.0,{},0.6360230445861816,1751475689.2554173,2025-07-02T17:01:29.255465
execution_time,RSID,64,256,"[2, 3]",2,1,333333,random,,333333,0.0,0,9.376808191229007e-20,1.8753616382458014e-19,0.0,0.00565727106664897,0.002075999873341061,13.103465000313008,0.039989666347176794,176763.6707201906,{},31.996927987711956,0,32,0.31350521463526965,32,0.0,0.0,0.0,0.0,64.0,{},0.6465573310852051,1751475689.9033904,2025-07-02T17:01:29.903444
execution_time,RSID,64,256,"[2, 3, 4]",3,1,333333,random,,333333,0.0,0,6.251205460819338e-20,1.8753616382458014e-19,0.0,0.008260059971886167,0.0030039991543162614,9.875734000161174,0.04021793969491338,121064.49631159907,{},31.996927987711956,0,32,0.31350521463526965,32,0.0,0.0,0.0,0.0,64.0,{},0.6449553966522217,1751475690.5497699,2025-07-02T17:01:30.549822
execution_time,RSID,64,512,[2],1,1,166666,random,,166666,0.0,0,1.943412065780472e-19,1.943412065780472e-19,0.0,0.005023888452784108,0.001877000613603741,8.350965999852633,0.02683738478457966,199049.00544633434,{},63.987711877118784,0,64,0.8866441774742754,64,0.0,0.0,0.0,0.0,64.0,{},0.33569836616516113,1751475690.8868117,2025-07-02T17:01:30.886866
execution_time,RSID,64,512,"[2, 3]",2,1,166666,random,,166666,0.0,0,9.71706032890236e-20,1.943412065780472e-19,0.0,0.009522514447447616,0.0036450001061894,10.311314001228311,0.06388542367981279,105014.28015874911,{},63.987711877118784,0,64,0.8866441774742754,64,0.0,0.0,0.0,0.0,64.0,{},0.36004066467285156,1751475691.24823,2025-07-02T17:01:31.248277
execution_time,RSID,64,512,"[2, 3, 4]",3,1,166666,random,,166666,0.0,0,6.47804021926824e-20,1.943412065780472e-19,0.0,0.014176130473681884,0.005667998266289942,8.716725000340375,0.04133925292078031,70541.11147301509,{},63.987711877118784,0,64,0.8866441774742754,64,0.0,0.0,0.0,0.0,64.0,{},0.363269567489624,1751475691.653879,2025-07-02T17:01:31.653927
execution_time,RSID,64,1024,[2],1,1,100000,random,,100000,0.0,0,2.00601239078011e-19,2.00601239078011e-19,0.0,0.008973638925311587,0.0036050005292054266,4.019781999886618,0.022209935933018805,111437.5125100409,{},127.95903959039589,0,128,2.289012330887257,128,0.0,0.0,0.0,0.0,64.0,{},0.2302253246307373,1751475691.8854496,2025-07-02T17:01:31.885503
execution_time,RSID,64,1024,"[2, 3]",2,1,100000,random,,100000,0.0,0,1.003006195390055e-19,2.00601239078011e-19,0.0,0.01975954126145895,0.00825400093162898,29.16750099939236,0.19608674950854565,50608.462350819005,{},127.95903959039589,0,128,2.289012330887257,128,0.0,0.0,0.0,0.0,64.0,{},0.31206345558166504,1751475692.198839,2025-07-02T17:01:32.198885
execution_time,RSID,64,1024,"[2, 3, 4]",3,1,100000,random,,100000,0.0,0,6.686707969267033e-20,2.00601239078011e-19,0.0,0.034047282835994085,0.013715000022784807,11.713903000782011,0.18672561306330918,29370.919401028405,{},127.95903959039589,0,128,2.289012330887257,128,0.0,0.0,0.0,0.0,64.0,{},0.35637879371643066,1751475692.556582,2025-07-02T17:01:32.556636
execution_time,RSID,64,2048,[2],1,1,100000,random,,100000,0.0,0,2.0639712389591164e-19,2.0639712389591164e-19,0.0,0.019711525700474422,0.007945000106701627,15.234184000291862,0.09171731386559769,50731.74016032314,{},255.91807918079178,0,256,4.578024661774514,256,0.0,0.0,0.0,0.0,64.0,{},0.29166746139526367,1751475692.84967,2025-07-02T17:01:32.849721
execution_time,RSID,64,2048,"[2, 3]",2,1,100000,random,,100000,0.0,0,1.0319856194795582e-19,2.0639712389591164e-19,0.0,0.04121600426888057,0.020356999812065624,9.614606000468484,0.07596249315276078,24262.419847307534,{},255.91807918079178,0,256,4.578024661774514,256,0.0,0.0,0.0,0.0,64.0,{},0.46051454544067383,1751475693.3552988,2025-07-02T17:01:33.355345
execution_time,RSID,64,2048,"[2, 3, 4]",3,1,100000,random,,100000,0.0,0,6.879904129863721e-20,2.0639712389591164e-19,0.0,0.06367534037323952,0.03538100099831354,8.607816000221646,0.05985338648782317,15704.666738150087,{},255.91807918079178,0,256,4.578024661774514,256,0.0,0.0,0.0,0.0,64.0,{},0.5945570468902588,1751475693.9512098,2025-07-02T17:01:33.951261
execution_time,RSID,64,4096,[2],1,1,100000,random,,100000,0.0,0,2.1179296357109712e-19,2.1179296357109712e-19,0.0,0.04293106409046377,0.021177998860366642,4.311099999540602,0.029888413006981168,23293.15662646547,{},511.83615836158356,0,512,9.156049323549029,512,0.0,0.0,0.0,0.0,64.0,{},0.5202233791351318,1751475694.4728382,2025-07-02T17:01:34.472893
execution_time,RSID,64,4096,"[2, 3]",2,1,100000,random,,100000,0.0,0,1.0589648178554856e-19,2.1179296357109712e-19,0.0,0.09022329718429638,0.05160000000614673,10.644595000485424,0.0733608093424931,11083.611785516223,{},511.83615836158356,0,512,9.156049323549029,512,0.0,0.0,0.0,0.0,64.0,{},0.8499691486358643,1751475695.3242128,2025-07-02T17:01:35.324264
execution_time,RSID,64,4096,"[2, 3, 4]",3,1,100000,random,,100000,0.0,0,7.059765452369904e-20,2.1179296357109712e-19,0.0,0.13445006298932285,0.07737200030533131,6.2658000006194925,0.058870587081685355,7437.705701033502,{},511.83615836158356,0,512,9.156049323549029,512,0.0,0.0,0.0,0.0,64.0,{},1.176347017288208,1751475696.5019083,2025-07-02T17:01:36.501970
execution_time,RSID,64,8192,[2],1,1,100000,random,,100000,0.0,0,2.168404344971009e-19,2.168404344971009e-19,0.0,0.10028232691411633,0.05367999983718619,27.97771199948329,0.23096598500455545,9971.846792669847,{},1023.6723167231671,0,1024,18.312098647098058,1024,0.0,0.0,0.0,0.0,64.0,{},1.1039128303527832,1751475697.650075,2025-07-02T17:01:37.650125
execution_time,RSID,64,8192,"[2, 3]",2,1,100000,random,,100000,0.0,0,1.0842021724855044e-19,2.168404344971009e-19,0.0,0.18667078826593084,0.10342600035073701,13.073367999822949,0.12402631180011275,5357.024574061379,{},1023.6723167231671,0,1024,18.312098647098058,1024,0.0,0.0,0.0,0.0,64.0,{},1.67415452003479,1751475699.3255095,2025-07-02T17:01:39.325560
execution_time,RSID,64,8192,"[2, 3, 4]",3,1,100000,random,,100000,0.0,0,7.228014483236696e-20,2.168404344971009e-19,0.0,0.28179131972223914,0.1595659996382892,6.272008000451024,0.09059193289171,3548.7253510352875,{},1023.6723167231671,0,1024,18.312098647098058,1024,0.0,0.0,0.0,0.0,64.0,{},2.3185439109802246,1751475701.6453438,2025-07-02T17:01:41.645390
execution_time,RSID,64,16384,[2],1,1,100000,random,,100000,0.0,0,2.215818046218695e-19,2.215818046218695e-19,0.0,0.17175845051351196,0.1023679997160798,8.726508000108879,0.07502423958952617,5822.129839959936,{},2047.3446334463342,0,2048,36.624197294196115,2048,0.0,0.0,0.0,0.0,64.0,{},1.5646650791168213,1751475703.2112777,2025-07-02T17:01:43.211328
execution_time,RSID,64,16384,"[2, 3]",2,1,100000,random,,100000,0.0,0,1.1079090231093475e-19,2.215818046218695e-19,0.0,0.3579523675713457,0.20393900013004895,10.894087999986368,0.11770721143668039,2793.6677910104445,{},2047.3446334463342,0,2048,36.624197294196115,2048,0.0,0.0,0.0,0.0,64.0,{},3.0913026332855225,1751475706.3038952,2025-07-02T17:01:46.303942
execution_time,RSID,64,16384,"[2, 3, 4]",3,1,100000,random,,100000,0.0,0,7.386060154062317e-20,2.215818046218695e-19,0.0,0.5528612455313487,0.31315500018536113,12.267113999769208,0.16127700321453994,1808.7721070752775,{},2047.3446334463342,0,2048,36.624197294196115,2048,0.0,0.0,0.0,0.0,64.0,{},4.512773752212524,1751475710.8604422,2025-07-02T17:01:50.860489
execution_time,SHA1ID,8,8,[2],1,1,1000000,random,,1000000,0.003965003965003965,3965,0.010097509768442016,0.010097509768442016,0.00390625,0.0027014160829370616,0.0008899987733457237,5.051608000940178,0.013132527399478152,370176.22213634325,{},7.968644968644968,0,8,0.1815897595057693,8,7.972,7.0,8.0,0.16497272501841026,8.0,{},1.7825634479522705,1751475712.6443424,2025-07-02T17:01:52.644394
execution_time,SHA1ID,8,16,[2],1,1,1000000,random,,1000000,0.003903003903003903,3903,0.010966230164287516,0.010966230164287516,0.00390625,0.002768632215623542,0.0009350005711894482,8.020843999474891,0.011175489662527002,361189.1801146233,{},15.936840936840952,0,16,0.2655856737799117,16,15.933,14.0,16.0,0.2539901572896084,8.0,{},1.788670301437378,1751475714.4342625,2025-07-02T17:01:54.434312
execution_time,SHA1ID,8,32,[2],1,1,1000000,random,,1000000,0.003951003951003951,3951,0.01171875,0.01171875,0.00390625,0.0030639006864952817,0.0010040002962341532,7.915752999906545,0.018167651798731622,326381.33618615253,{},31.873413873413863,0,32,0.39677838666822335,32,31.865,29.0,32.0,0.3671171475156125,8.0,{},1.7814676761627197,1751475716.2170367,2025-07-02T17:01:56.217098
execution_time,SHA1ID,8,64,[2],1,1,1000000,random,,1000000,0.003953003953003953,3953,0.012382519536884032,0.012382519536884032,0.00390625,0.0038599856177234594,0.0013460012269206345,4.00837500092166,0.012549802995328629,259068.32279592264,{},63.74747774747774,0,64,0.616068835332193,64,63.755,61.0,64.0,0.4908920451586071,8.0,{},1.7930645942687988,1751475718.0113783,2025-07-02T17:01:58.011434
execution_time,SHA1ID,8,128,[2],1,1,500000,random,,500000,0.003988007976015952,1994,0.012976281620653759,0.012976281620653759,0.00390625,0.004771183145304069,0.0018539994925959036,4.418941000039922,0.011709038810279853,209591.6190063313,{},127.4922709845421,0,128,1.2396630503336659,128,127.497,124.0,128.0,0.6985635261019574,8.0,{},0.9543435573577881,1751475719.0083134,2025-07-02T17:01:59.008492
execution_time,SHA1ID,8,256,[2],1,1,333333,random,,333333,0.0036540146160584644,1218,0.013513404760301943,0.013513404760301943,0.00390625,0.007395459721546855,0.0027370006137061864,8.038681000471115,0.038075732380171284,135218.09835384204,{},254.97277189108766,0,256,2.690577366605338,256,255.035,251.0,256.0,0.9683878355287203,8.0,{},0.6449401378631592,1751475719.6558049,2025-07-02T17:01:59.655879
execution_time,SHA1ID,8,512,[2],1,1,166666,random,,166666,0.0040920409204092045,682,0.014003759768442016,0.014003759768442016,0.00390625,0.012825563040919372,0.0048719994083512574,13.92538800064358,0.09702377247149759,77969.28655759952,{},509.9056850568503,0,512,7.204714962114465,512,509.9941348973607,503.0,512.0,1.4750995490982688,8.0,{},0.46267271041870117,1751475720.1201723,2025-07-02T17:02:00.120250
execution_time,SHA1ID,8,1024,[2],1,1,100000,random,,100000,0.004040040400404004,404,0.014454842648988641,0.014454842648988641,0.00390625,0.024826814099713223,0.009422999937669374,9.028513999510324,0.07354253564680555,40279.03040573986,{},1019.6693066930673,0,1024,18.349258377719508,1024,1019.8663366336634,1014.0,1024.0,1.9196625749149934,8.0,{},0.4995424747467041,1751475720.6213064,2025-07-02T17:02:00.621374
execution_time,SHA1ID,8,2048,[2],1,1,100000,random,,100000,0.0039200392003920035,392,0.014872480164287516,0.014872480164287516,0.00390625,0.04282921444922336,0.016470001355628483,6.972555000174907,0.04419241789148444,23348.548715166395,{},2039.3453434534335,0,2048,36.59004432773698,2048,2040.0816326530612,2031.0,2046.0,2.88795340777243,8.0,{},0.7746217250823975,1751475721.3977802,2025-07-02T17:02:01.397854
execution_time,SHA1ID,8,4096,[2],1,1,100000,random,,100000,0.0039200392003920035,392,0.015261291389095776,0.015261291389095776,0.00390625,0.0845283709803768,0.03127300078631379,12.842809001085698,0.08619804678666537,11830.347472710071,{},4078.6885368853696,0,4094,73.07103512794977,4096,4080.311224489796,4064.0,4090.0,4.0241714232226595,8.0,{},1.474167823791504,1751475722.9157617,2025-07-02T17:02:02.915825
execution_time,SHA1ID,8,8192,[2],1,1,100000,random,,100000,0.004170041700417004,417,0.015625,0.015625,0.00390625,0.1651133041642045,0.06204999954206869,12.036404999889783,0.07885723953588154,6056.447147381316,{},8157.423454234542,0,8182,146.0332802629879,8192,8160.124700239809,8144.0,8174.0,5.451225983051638,8.0,{},2.7773687839508057,1751475725.694539,2025-07-02T17:02:05.694605
execution_time,SHA1ID,8,16384,[2],1,1,100000,random,,100000,0.0036600366003660036,366,0.015966651723634137,0.015966651723634137,0.00390625,0.32618715129836057,0.12146600056439638,7.921600001282059,0.10189753935449775,3065.724679894913,{},16314.780857808579,0,16351,291.9577777921158,16384,16320.396174863388,16301.0,16339.0,7.542512417295129,8.0,{},5.487374305725098,1751475731.1833518,2025-07-02T17:02:11.183416
execution_time,SHA1ID,8,32768,[2],1,1,100000,random,,100000,0.003910039100391004,391,0.016288769536884032,0.016288769536884032,0.00390625,0.6430317609846155,0.2504129988665227,10.987767000187887,0.171708046875692,1555.1331375433026,{},32629.64817648178,0,32686,583.8089304686762,32768,32640.365728900255,32607.0,32669.0,10.943788106775159,8.0,{},10.447664976119995,1751475741.6323695,2025-07-02T17:02:21.632438
execution_time,SHA1ID,8,65536,[2],1,1,100000,random,,100000,0.003950039500395004,395,0.016593466849389005,0.016593466849389005,0.00390625,1.2989153267454754,0.5031340006098617,7.865812000090955,0.22497645346604375,769.8731236820271,{},65259.24006240063,0,65353,1167.5080503796585,65536,65279.97721518987,65221.0,65337.0,16.457909101452344,8.0,{},21.451428413391113,1751475763.085193,2025-07-02T17:02:43.085298
execution_time,SHA1ID,16,8,[2],1,1,1000000,random,,1000000,9.000009000009e-06,9,3.9443397532976625e-05,3.9443397532976625e-05,1.52587890625e-05,0.0026391112187697874,0.0008799997885944322,4.240587000822416,0.010284944336651827,378915.4442934567,{},3.9998139998139965,0,4,0.02387357818105226,4,4.0,4.0,4.0,0.0,16.0,{},1.73374342918396,1751475764.869663,2025-07-02T17:02:44.869710
execution_time,SHA1ID,16,16,[2],1,1,1000000,random,,1000000,1.5000015000015e-05,15,4.283683657924811e-05,4.283683657924811e-05,1.52587890625e-05,0.0029425851466117676,0.0008989991329144686,2.605580999443191,0.010663384789198876,339837.2350079479,{},7.999621999621996,0,8,0.04658100310383989,8,8.0,8.0,8.0,0.0,16.0,{},1.7698907852172852,1751475766.6408243,2025-07-02T17:02:46.640891
execution_time,SHA1ID,16,32,[2],1,1,1000000,random,,1000000,1.2000012000012e-05,12,4.57763671875e-05,4.57763671875e-05,1.52587890625e-05,0.003205641931139851,0.0010450003173900768,3.252044998589554,0.013144048661330596,311949.9998692691,{},15.999234999235012,0,16,0.09189207254809113,16,16.0,16.0,16.0,0.0,16.0,{},1.7931804656982422,1751475768.4358394,2025-07-02T17:02:48.435937
execution_time,SHA1ID,16,64,[2],1,1,1000000,random,,1000000,1.2000012000012e-05,12,4.836921694095325e-05,4.836921694095325e-05,1.52587890625e-05,0.0038742164971809754,0.001312999302172102,7.08499199936341,0.016564477810026193,258116.70584946332,{},31.99844099844097,0,32,0.18249256717327933,32,32.0,32.0,32.0,0.0,16.0,{},1.7779319286346436,1751475770.216313,2025-07-02T17:02:50.216395
execution_time,SHA1ID,16,128,[2],1,1,500000,random,,500000,1.4000028000056e-05,7,5.0688600080678744e-05,5.0688600080678744e-05,1.52587890625e-05,0.004783992427178056,0.0017820002540247515,10.063966999950935,0.02390131141375726,209030.43121869492,{},63.99497998995995,0,64,0.5128610833673277,64,64.0,64.0,64.0,0.0,16.0,{},0.9342901706695557,1751475771.152522,2025-07-02T17:02:51.152599
execution_time,SHA1ID,16,256,[2],1,1,333333,random,,333333,1.5000060000240001e-05,5,5.278673734492946e-05,5.278673734492946e-05,1.52587890625e-05,0.0063292879402531465,0.002470000254106708,4.7148119992925785,0.017404019756882248,157995.6559789574,{},127.98585794343175,0,128,1.2547402704126303,128,128.0,128.0,128.0,0.0,16.0,{},0.6566779613494873,1751475771.861811,2025-07-02T17:02:51.861876
execution_time,SHA1ID,16,512,[2],1,1,166666,random,,166666,6.000060000600006e-06,1,5.4702186595476625e-05,5.4702186595476625e-05,1.52587890625e-05,0.011254413725072977,0.004182000338914804,18.886802999986685,0.1033070429524525,88854.02868851044,{},255.9468034680346,0,256,3.5470968112455132,256,256.0,256.0,256.0,0.0,16.0,{},0.38874220848083496,1751475772.2523615,2025-07-02T17:02:52.252446
execution_time,SHA1ID,16,1024,[2],1,1,100000,random,,100000,1.000010000100001e-05,1,5.646422909761188e-05,5.646422909761188e-05,1.52587890625e-05,0.018356437414207734,0.007546999768237583,3.8099820012575947,0.029514770224579802,54476.8016492137,{},511.82902829028274,0,512,9.15631042038063,512,512.0,512.0,512.0,0.0,16.0,{},0.3354337215423584,1751475772.5896945,2025-07-02T17:02:52.589764
execution_time,SHA1ID,16,2048,[2],1,1,100000,random,,100000,2.000020000200002e-05,2,5.809562564174811e-05,5.809562564174811e-05,1.52587890625e-05,0.034027406024038885,0.014048000593902543,11.451422000391176,0.0695347211131115,29388.07616700325,{},1023.6572665726659,0,1024,18.312237315978614,1024,1024.0,1024.0,1024.0,0.0,16.0,{},0.5830581188201904,1751475773.174555,2025-07-02T17:02:53.174637
execution_time,SHA1ID,16,4096,[2],1,1,100000,random,,100000,0.0,0,5.9614419488655376e-05,5.9614419488655376e-05,1.52587890625e-05,0.06409332911309887,0.028311000278335996,4.560592000416364,0.06331668493986958,15602.247750860366,{},2047.3132431324314,0,2048,36.62406437318933,2048,0.0,0.0,0.0,0.0,16.0,{},1.016967535018921,1751475774.1935337,2025-07-02T17:02:54.193595
execution_time,SHA1ID,16,8192,[2],1,1,100000,random,,100000,0.0,0,6.103515625e-05,6.103515625e-05,1.52587890625e-05,0.12480445900317019,0.04915300087304786,8.127893999699154,0.09989005729800751,8012.5342314459995,{},4094.6276262762626,0,4096,73.24770982212308,4096,0.0,0.0,0.0,0.0,16.0,{},1.9286155700683594,1751475776.1704402,2025-07-02T17:02:56.170537
execution_time,SHA1ID,16,16384,[2],1,1,100000,random,,100000,0.0,0,6.236973329544585e-05,6.236973329544585e-05,1.52587890625e-05,0.24342036887012009,0.10605100032989867,8.737132999158348,0.12241999395140593,4108.119647676494,{},8189.252122521227,0,8192,146.49495962868804,8192,0.0,0.0,0.0,0.0,16.0,{},3.62392258644104,1751475779.796646,2025-07-02T17:02:59.796744
execution_time,SHA1ID,16,32768,[2],1,1,100000,random,,100000,1.000010000100001e-05,1,6.362800600345325e-05,6.362800600345325e-05,1.52587890625e-05,0.4756182815618646,0.22503099899040535,12.010260001261486,0.14469075959369798,2102.5264140733584,{},16378.506485064858,0,16384,292.9895282316563,16384,16382.0,16382.0,16382.0,0.0,16.0,{},7.125486135482788,1751475786.924257,2025-07-02T17:03:06.924313
execution_time,SHA1ID,16,65536,[2],1,1,100000,random,,100000,2.000020000200002e-05,2,6.48182298804258e-05,6.48182298804258e-05,1.52587890625e-05,1.3055417566685719,0.4385489992273506,15.955408000081661,0.6524087971246805,765.9655425742637,{},32757.013470134705,0,32768,585.9786264163256,32768,32768.0,32768.0,32768.0,0.0,16.0,{},23.486801862716675,1751475810.4124682,2025-07-02T17:03:30.412522
execution_time,SHA1ID,32,8,[2],1,1,1000000,random,,1000000,0.0,0,6.018584828640232e-10,6.018584828640232e-10,2.3283064365386963e-10,0.002841997062688112,0.0009069990483112633,3.947543998947367,0.012912532463427558,351865.2475503078,{},1.9999359999360016,0,2,0.011313352116622835,2,0.0,0.0,0.0,0.0,32.0,{},1.7967631816864014,1751475812.2105625,2025-07-02T17:03:32.210610
execution_time,SHA1ID,32,16,[2],1,1,1000000,random,,1000000,0.0,0,6.53638253467531e-10,6.53638253467531e-10,2.3283064365386963e-10,0.0029041233469719267,0.0009400009730597958,11.42047699977411,0.01708685030934942,344337.9913744644,{},3.999871999872003,0,4,0.02262670423324567,4,0.0,0.0,0.0,0.0,32.0,{},1.8151280879974365,1751475814.0717866,2025-07-02T17:03:34.071837
execution_time,SHA1ID,32,32,[2],1,1,1000000,random,,1000000,0.0,0,6.984919309616089e-10,6.984919309616089e-10,2.3283064365386963e-10,0.0029058645421044756,0.0009899995347950608,10.098095999637735,0.016080435426568784,344131.66391981347,{},7.999743999744006,0,8,0.04525340846649134,8,0.0,0.0,0.0,0.0,32.0,{},1.8079922199249268,1751475815.881112,2025-07-02T17:03:35.881171
execution_time,SHA1ID,32,64,[2],1,1,1000000,random,,1000000,0.0,0,7.380556784203071e-10,7.380556784203071e-10,2.3283064365386963e-10,0.0035106367304760223,0.0013450007827486843,2.320026998859248,0.010620318803687915,284848.6120249775,{},15.999487999488013,0,16,0.09050681693298268,16,0.0,0.0,0.0,0.0,32.0,{},1.8128957748413086,1751475817.6954577,2025-07-02T17:03:37.695511
execution_time,SHA1ID,32,128,[2],1,1,500000,random,,500000,0.0,0,7.734466565044974e-10,7.734466565044974e-10,2.3283064365386963e-10,0.004112813780925671,0.0016789999790489674,8.045409000260406,0.017256458602921784,243142.54261590468,{},31.997951995903996,0,32,0.2559838719502574,32,0.0,0.0,0.0,0.0,32.0,{},0.9178590774536133,1751475818.6146472,2025-07-02T17:03:38.614697
execution_time,SHA1ID,32,256,[2],1,1,333333,random,,333333,0.0,0,8.0546169044387e-10,8.0546169044387e-10,2.3283064365386963e-10,0.005657599206810531,0.0024259989004349336,10.685675999411615,0.050485407885101814,176753.4184457986,{},63.99385597542391,0,64,0.6270104292705393,64,0.0,0.0,0.0,0.0,32.0,{},0.6659018993377686,1751475819.2819817,2025-07-02T17:03:39.282033
execution_time,SHA1ID,32,512,[2],1,1,166666,random,,166666,0.0,0,8.346891265178928e-10,8.346891265178928e-10,2.3283064365386963e-10,0.00807209284923327,0.003860001015709713,9.591145000740653,0.03915656497386156,123883.60970042426,{},127.97542375423757,0,128,1.7732883549485507,128,0.0,0.0,0.0,0.0,32.0,{},0.3635852336883545,1751475819.6899304,2025-07-02T17:03:39.689985
execution_time,SHA1ID,32,1024,[2],1,1,100000,random,,100000,0.0,0,8.615757613771344e-10,8.615757613771344e-10,2.3283064365386963e-10,0.014330067900084786,0.006841000868007541,2.7142439994349843,0.016283385550910027,69783.339965478,{},255.91807918079178,0,256,4.578024661774514,256,0.0,0.0,0.0,0.0,32.0,{},0.2479724884033203,1751475819.9393578,2025-07-02T17:03:39.939413
execution_time,SHA1ID,32,2048,[2],1,1,100000,random,,100000,0.0,0,8.864688971214006e-10,8.864688971214006e-10,2.3283064365386963e-10,0.026920361932816095,0.013873999705538154,4.0330849988095,0.03479786888714041,37146.603099009364,{},511.83615836158356,0,512,9.156049323549029,512,0.0,0.0,0.0,0.0,32.0,{},0.4669623374938965,1751475820.4078667,2025-07-02T17:03:40.407919
execution_time,SHA1ID,32,4096,[2],1,1,100000,random,,100000,0.0,0,9.096438520607815e-10,9.096438520607815e-10,2.3283064365386963e-10,0.049657211361894,0.0247370007855352,10.945419000563561,0.08650646344485333,20138.06197678231,{},1023.6723167231671,0,1024,18.312098647098058,1024,0.0,0.0,0.0,0.0,32.0,{},0.6854822635650635,1751475821.0947585,2025-07-02T17:03:41.094808
execution_time,SHA1ID,32,8192,[2],1,1,100000,random,,100000,0.0,0,9.313225746154785e-10,9.313225746154785e-10,2.3283064365386963e-10,0.092880382113309,0.051688000894500874,5.965603999356972,0.053031802147659124,10766.536239913985,{},2047.3446334463342,0,2048,36.624197294196115,2048,0.0,0.0,0.0,0.0,32.0,{},1.2314023971557617,1751475822.3275745,2025-07-02T17:03:42.327631
execution_time,SHA1ID,32,16384,[2],1,1,100000,random,,100000,0.0,0,9.516866042395912e-10,9.516866042395912e-10,2.3283064365386963e-10,0.18729381841841278,0.10045399903901853,19.770896000409266,0.1908597224117286,5339.204510028241,{},4094.6892668926685,0,4096,73.24839458839223,4096,0.0,0.0,0.0,0.0,32.0,{},2.4457647800445557,1751475824.8194048,2025-07-02T17:03:44.819454
execution_time,SHA1ID,64,8,[2],1,1,1000000,random,,1000000,0.0,0,1.4013109795377199e-19,1.4013109795377199e-19,0.0,0.002819244268963171,0.0009200011845678091,8.42699500026356,0.014596554496834327,354704.98637131875,{},0.9999679999680008,0,1,0.0056566760583114176,1,0.0,0.0,0.0,0.0,64.0,{},1.7722218036651611,1751475826.5930228,2025-07-02T17:03:46.593074
execution_time,SHA1ID,64,16,[2],1,1,1000000,random,,1000000,0.0,0,1.5218701527163642e-19,1.5218701527163642e-19,0.0,0.002832219285071948,0.0009330015018349513,10.104400000273017,0.020209790501793383,353080.00523504545,{},1.9999359999360016,0,2,0.011313352116622835,2,0.0,0.0,0.0,0.0,64.0,{},1.759047508239746,1751475828.3534927,2025-07-02T17:03:48.353540
execution_time,SHA1ID,64,32,[2],1,1,1000000,random,,1000000,0.0,0,1.6263032587282567e-19,1.6263032587282567e-19,0.0,0.002861894443760519,0.0009539999155094847,2.563044999988051,0.009437757165984577,349418.8970456938,{},3.999871999872003,0,4,0.02262670423324567,4,0.0,0.0,0.0,0.0,64.0,{},1.7547051906585693,1751475830.109508,2025-07-02T17:03:50.109565
execution_time,SHA1ID,64,64,[2],1,1,1000000,random,,1000000,0.0,0,1.7184197865899353e-19,1.7184197865899353e-19,0.0,0.003332383670229859,0.0012740001693600789,9.891071000311058,0.025003741550072775,300085.4940364723,{},7.999743999744006,0,8,0.04525340846649134,8,0.0,0.0,0.0,0.0,64.0,{},1.7871448993682861,1751475831.89812,2025-07-02T17:03:51.898170
execution_time,SHA1ID,64,128,[2],1,1,500000,random,,500000,0.0,0,1.8008208286587555e-19,1.8008208286587555e-19,0.0,0.0038343585703511656,0.001570000677020289,3.5425340010988293,0.011292724896279993,260799.81348964348,{},15.998975997951998,0,16,0.1279919359751287,16,0.0,0.0,0.0,0.0,64.0,{},0.947667121887207,1751475832.8923633,2025-07-02T17:03:52.892411
execution_time,SHA1ID,64,256,[2],1,1,333333,random,,333333,0.0,0,1.8753616382458014e-19,1.8753616382458014e-19,0.0,0.00490994135179829,0.002341001163586043,4.043806000481709,0.01272748340405692,203668.42052680426,{},31.996927987711956,0,32,0.31350521463526965,32,0.0,0.0,0.0,0.0,64.0,{},0.6567347049713135,1751475833.5504014,2025-07-02T17:03:53.550451
execution_time,SHA1ID,64,512,[2],1,1,166666,random,,166666,0.0,0,1.943412065780472e-19,1.943412065780472e-19,0.0,0.007150989495204159,0.003613999069784768,10.05525700020371,0.049238859338172646,139840.7871624835,{},63.987711877118784,0,64,0.8866441774742754,64,0.0,0.0,0.0,0.0,64.0,{},0.35761260986328125,1751475833.9093196,2025-07-02T17:03:53.909375
execution_time,SHA1ID,64,1024,[2],1,1,100000,random,,100000,0.0,0,2.00601239078011e-19,2.00601239078011e-19,0.0,0.012804361822770356,0.006246000339160673,17.014979999657953,0.10288236925817504,78098.38661554159,{},127.95903959039589,0,128,2.289012330887257,128,0.0,0.0,0.0,0.0,64.0,{},0.24607634544372559,1751475834.156755,2025-07-02T17:03:54.156804
execution_time,SHA1ID,64,2048,[2],1,1,100000,random,,100000,0.0,0,2.0639712389591164e-19,2.0639712389591164e-19,0.0,0.022046677739531593,0.01257499934581574,1.2155889999121428,0.0074583511752363205,45358.308032366884,{},255.91807918079178,0,256,4.578024661774514,256,0.0,0.0,0.0,0.0,64.0,{},0.2892632484436035,1751475834.4474669,2025-07-02T17:03:54.447521
execution_time,SHA1ID,64,4096,[2],1,1,100000,random,,100000,0.0,0,2.1179296357109712e-19,2.1179296357109712e-19,0.0,0.042375390011784926,0.02183700053137727,8.995986001536949,0.06063472739839891,23598.602861752828,{},511.83615836158356,0,512,9.156049323549029,512,0.0,0.0,0.0,0.0,64.0,{},0.5080626010894775,1751475835.0013618,2025-07-02T17:03:55.001411
execution_time,SHA1ID,64,8192,[2],1,1,100000,random,,100000,0.0,0,2.168404344971009e-19,2.168404344971009e-19,0.0,0.08092676411719499,0.04655500015360303,2.277224000863498,0.016724085981729933,12356.851418794393,{},1023.6723167231671,0,1024,18.312098647098058,1024,0.0,0.0,0.0,0.0,64.0,{},0.8687257766723633,1751475835.8716743,2025-07-02T17:03:55.871731
execution_time,SHA1ID,64,16384,[2],1,1,100000,random,,100000,0.0,0,2.215818046218695e-19,2.215818046218695e-19,0.0,0.1618490610898208,0.07224100045277737,6.235561999346828,0.06554873142410582,6178.596238164357,{},2047.3446334463342,0,2048,36.624197294196115,2048,0.0,0.0,0.0,0.0,64.0,{},1.6867613792419434,1751475837.5598893,2025-07-02T17:03:57.559947
execution_time,SHA256ID,8,8,[2],1,1,1000000,random,,1000000,0.00386000386000386,3860,0.010097509768442016,0.010097509768442016,0.00390625,0.004032004363079687,0.0014569995983038098,2.514383000743692,0.007796151388927256,248015.6046349587,{},7.968648968648977,0,8,0.181667527992959,8,7.966,7.0,8.0,0.18122913673027302,8.0,{},1.8008558750152588,1751475839.3623812,2025-07-02T17:03:59.362436
execution_time,SHA256ID,8,16,[2],1,1,1000000,random,,1000000,0.003961003961003961,3961,0.010966230164287516,0.010966230164287516,0.00390625,0.004262551229855163,0.0014420002116821706,6.121918000644655,0.01493851280292421,234601.28596131355,{},15.93737693737695,0,16,0.2644148040141228,16,15.946,15.0,16.0,0.22601769842204833,8.0,{},1.7886130809783936,1751475841.1523533,2025-07-02T17:04:01.152406
execution_time,SHA256ID,8,32,[2],1,1,1000000,random,,1000000,0.003873003873003873,3873,0.01171875,0.01171875,0.00390625,0.00437167648026036,0.0015259993233485147,9.191768998789485,0.013157919119790501,228745.19752670353,{},31.874384874384887,0,32,0.3959709526227627,32,31.884,29.0,32.0,0.35290792000180443,8.0,{},1.7908575534820557,1751475842.989513,2025-07-02T17:04:02.989566
execution_time,SHA256ID,8,64,[2],1,1,1000000,random,,1000000,0.003894003894003894,3894,0.012382519536884032,0.012382519536884032,0.00390625,0.004692703026950352,0.0016069989214884117,4.020510999907856,0.009940489253291952,213096.80034235414,{},63.74716474716479,0,64,0.6160289234318198,64,63.735,61.0,64.0,0.496764531745172,8.0,{},1.854365348815918,1751475844.8452265,2025-07-02T17:04:04.845285
execution_time,SHA256ID,8,128,[2],1,1,500000,random,,500000,0.003966007932015864,1983,0.012976281620653759,0.012976281620653759,0.00390625,0.005527255924109628,0.0018629998521646485,7.772675000524032,0.018944624178975387,180921.60264156532,{},127.49076898153794,0,128,1.2401818113851195,128,127.486,124.0,128.0,0.7154047805263813,8.0,{},0.9851694107055664,1751475845.8318121,2025-07-02T17:04:05.831891
execution_time,SHA256ID,8,256,[2],1,1,333333,random,,333333,0.0038610154440617763,1287,0.013513404760301943,0.013513404760301943,0.00390625,0.007043019015304897,0.002257000232930295,13.088849000268965,0.050052967454150235,141984.566253043,{},254.97498889995546,0,256,2.689690654962511,256,254.996,251.0,256.0,0.9726170880670358,8.0,{},0.6725494861602783,1751475846.5061755,2025-07-02T17:04:06.506247
execution_time,SHA256ID,8,512,[2],1,1,166666,random,,166666,0.003996039960399604,666,0.014003759768442016,0.014003759768442016,0.00390625,0.010539673194631454,0.0032070001907413825,10.938497998722596,0.05500360614846992,94879.60219766259,{},509.8991089910898,0,512,7.20576819455711,512,510.03753753753756,503.0,512.0,1.4643212007347512,8.0,{},0.4028902053833008,1751475846.9105911,2025-07-02T17:04:06.910653
execution_time,SHA256ID,8,1024,[2],1,1,100000,random,,100000,0.0036300363003630037,363,0.014454842648988641,0.014454842648988641,0.00390625,0.01658067729421856,0.005087000317871571,10.162378999666544,0.056876090187532355,60311.1671649677,{},1019.6696666966669,0,1024,18.349782969013518,1024,1019.9256198347107,1014.0,1024.0,1.9547158033850545,8.0,{},0.41813111305236816,1751475847.3779004,2025-07-02T17:04:07.377967
execution_time,SHA256ID,8,2048,[2],1,1,100000,random,,100000,0.004050040500405004,405,0.014872480164287516,0.014872480164287516,0.00390625,0.029998005429731894,0.00936399919737596,17.04667900048662,0.1220284564814621,33335.54966987475,{},2039.347693476935,0,2048,36.59052683783795,2048,2039.9703703703703,2031.0,2046.0,2.8552072612686277,8.0,{},0.7192339897155762,1751475848.0987372,2025-07-02T17:04:08.098796
execution_time,SHA256ID,8,4096,[2],1,1,100000,random,,100000,0.0036100361003610034,361,0.015261291389095776,0.015261291389095776,0.00390625,0.05453867340154437,0.0165170004038373,20.458487999349018,0.11486325433134766,18335.61283453739,{},4078.6926069260694,0,4094,73.07114668415223,4096,4079.8393351800555,4067.0,4091.0,3.9528668513773697,8.0,{},1.2920479774475098,1751475849.3923402,2025-07-02T17:04:09.392404
execution_time,SHA256ID,8,8192,[2],1,1,100000,random,,100000,0.003780037800378004,378,0.015625,0.015625,0.00390625,0.10607404755967488,0.030592000257456675,10.457464000865002,0.07758110933709533,9427.376658154035,{},8157.346913469136,0,8180,146.0327382375445,8192,8160.121693121693,8143.0,8178.0,5.369520614607363,8.0,{},2.1750710010528564,1751475851.568875,2025-07-02T17:04:11.568940
execution_time,SHA256ID,8,16384,[2],1,1,100000,random,,100000,0.004040040400404004,404,0.015966651723634137,0.015966651723634137,0.00390625,0.20216419311972508,0.05725600021833088,17.326490000414196,0.09973926712007787,4946.47437099696,{},16314.781007810074,0,16353,291.9582061393219,16384,16319.094059405941,16297.0,16338.0,8.255275202544023,8.0,{},4.586811542510986,1751475856.1570845,2025-07-02T17:04:16.157145
execution_time,SHA256ID,8,32768,[2],1,1,100000,random,,100000,0.003950039500395004,395,0.016288769536884032,0.016288769536884032,0.00390625,0.4080953655989444,0.12051999874529429,16.73584299896902,0.15322490770016867,2450.407635804298,{},32629.540335403355,0,32686,583.8074712698583,32768,32639.80759493671,32596.0,32669.0,11.663355707838516,8.0,{},9.238062620162964,1751475865.4432983,2025-07-02T17:04:25.443376
execution_time,SHA256ID,8,65536,[2],1,1,100000,random,,100000,0.004000040000400004,400,0.016593466849389005,0.016593466849389005,0.00390625,0.8265618369261827,0.23519600108556915,12.287476998608327,0.22161319392434203,1209.830838209031,{},65259.029850298495,0,65346,1167.5039967558919,65536,65279.1175,65230.0,65325.0,15.411479284935627,8.0,{},18.686399936676025,1751475884.1312733,2025-07-02T17:04:44.131363
execution_time,SHA256ID,16,8,[2],1,1,1000000,random,,1000000,1.4000014000014e-05,14,3.9443397532976625e-05,3.9443397532976625e-05,1.52587890625e-05,0.003910268202534422,0.00132000059238635,10.922600000412785,0.02052634839568057,255736.93368446047,{},3.999816999816994,0,4,0.02381068951250042,4,4.0,4.0,4.0,0.0,16.0,{},1.7554686069488525,1751475885.888639,2025-07-02T17:04:45.888687
execution_time,SHA256ID,16,16,[2],1,1,1000000,random,,1000000,9.000009000009e-06,9,4.283683657924811e-05,4.283683657924811e-05,1.52587890625e-05,0.004023660363026788,0.0013789995136903599,10.002226999858976,0.018453300257469087,248529.92294999585,{},7.999635999635998,0,8,0.04643060059841019,8,8.0,8.0,8.0,0.0,16.0,{},1.7712924480438232,1751475887.6613057,2025-07-02T17:04:47.661359
execution_time,SHA256ID,16,32,[2],1,1,1000000,random,,1000000,1.000001000001e-05,10,4.57763671875e-05,4.57763671875e-05,1.52587890625e-05,0.00415415029502997,0.0014969991752877831,4.026954999062582,0.0124370334637152,240723.11519311208,{},15.999245999246009,0,16,0.09183229305005226,16,16.0,16.0,16.0,0.0,16.0,{},1.7577323913574219,1751475889.4203324,2025-07-02T17:04:49.420379
execution_time,SHA256ID,16,64,[2],1,1,1000000,random,,1000000,1.8000018000018e-05,18,4.836921694095325e-05,4.836921694095325e-05,1.52587890625e-05,0.004515591484395684,0.0015359983080998063,8.303470000100788,0.018239554585582,221454.9308668981,{},31.998438998438996,0,32,0.18248707048873772,32,32.0,32.0,32.0,0.0,16.0,{},1.8057303428649902,1751475891.2753892,2025-07-02T17:04:51.275435
execution_time,SHA256ID,16,128,[2],1,1,500000,random,,500000,1.000002000004e-05,5,5.0688600080678744e-05,5.0688600080678744e-05,1.52587890625e-05,0.004841227243610132,0.0017220008885487914,3.677067999888095,0.011583773637904856,206559.19453479198,{},63.99497198994399,0,64,0.5128727032191355,64,64.0,64.0,64.0,0.0,16.0,{},0.9195916652679443,1751475892.196347,2025-07-02T17:04:52.196394
execution_time,SHA256ID,16,256,[2],1,1,333333,random,,333333,1.8000072000288002e-05,6,5.278673734492946e-05,5.278673734492946e-05,1.52587890625e-05,0.005560437381105862,0.0019990002328995615,11.00913899972511,0.03595879749704266,179841.96771965438,{},127.98571394285572,0,128,1.2548007963694294,128,128.0,128.0,128.0,0.0,16.0,{},0.662269115447998,1751475892.859906,2025-07-02T17:04:52.859960
execution_time,SHA256ID,16,512,[2],1,1,166666,random,,166666,3.000030000300003e-05,5,5.4702186595476625e-05,5.4702186595476625e-05,1.52587890625e-05,0.007355688662286543,0.0025560002541169524,7.24830400031351,0.03131645045584846,135949.20148362374,{},255.94681546815477,0,256,3.547086843832577,256,256.0,256.0,256.0,0.0,16.0,{},0.3431878089904785,1751475893.2044554,2025-07-02T17:04:53.204510
execution_time,SHA256ID,16,1024,[2],1,1,100000,random,,100000,2.000020000200002e-05,2,5.646422909761188e-05,5.646422909761188e-05,1.52587890625e-05,0.011192950999045685,0.00393899972550571,4.018498999357689,0.0257484628247769,89341.94387925582,{},511.82805828058264,0,512,9.156345214679256,512,512.0,512.0,512.0,0.0,16.0,{},0.27584195137023926,1751475893.4818482,2025-07-02T17:04:53.481907
execution_time,SHA256ID,16,2048,[2],1,1,100000,random,,100000,1.000010000100001e-05,1,5.809562564174811e-05,5.809562564174811e-05,1.52587890625e-05,0.017542251410372075,0.0061750015447614715,8.919537000110722,0.07094956983839133,57005.22564673412,{},1023.6562965629655,0,1024,18.312245618113106,1024,1024.0,1024.0,1024.0,0.0,16.0,{},0.46233510971069336,1751475893.9905193,2025-07-02T17:04:53.990574
execution_time,SHA256ID,16,4096,[2],1,1,100000,random,,100000,1.000010000100001e-05,1,5.9614419488655376e-05,5.9614419488655376e-05,1.52587890625e-05,0.03134331270974851,0.011223999536014162,4.035666999698151,0.03311335784293254,31904.732255342507,{},2047.313723137232,0,2048,36.62406572511587,2048,2048.0,2048.0,2048.0,0.0,16.0,{},0.757035493850708,1751475894.7489948,2025-07-02T17:04:54.749056
execution_time,SHA256ID,16,8192,[2],1,1,100000,random,,100000,3.000030000300003e-05,3,6.103515625e-05,6.103515625e-05,1.52587890625e-05,0.058792039641786746,0.020350998966023326,3.652217999842833,0.04481396356830448,17009.105417891384,{},4094.626226262261,0,4096,73.2476999641175,4096,4096.0,4096.0,4096.0,0.0,16.0,{},1.3975176811218262,1751475896.1480074,2025-07-02T17:04:56.148067
execution_time,SHA256ID,16,16384,[2],1,1,100000,random,,100000,2.000020000200002e-05,2,6.236973329544585e-05,6.236973329544585e-05,1.52587890625e-05,0.11282171671047207,0.04026100032206159,10.358892001022468,0.06807794722767385,8863.541782175173,{},8189.253822538227,0,8192,146.4949822842096,8192,8190.5,8190.0,8191.0,0.5,16.0,{},2.691483974456787,1751475898.8410015,2025-07-02T17:04:58.841058
execution_time,SHA256ID,16,32768,[2],1,1,100000,random,,100000,1.000010000100001e-05,1,6.362800600345325e-05,6.362800600345325e-05,1.52587890625e-05,0.24039645638537943,0.07906700011517387,13.853357000698452,0.1727927477958656,4159.79509447053,{},16378.505805058054,0,16384,292.98951439316147,16384,16384.0,16384.0,16384.0,0.0,16.0,{},5.954855918884277,1751475904.797246,2025-07-02T17:05:04.797297
execution_time,SHA256ID,16,65536,[2],1,1,100000,random,,100000,0.0,0,6.48182298804258e-05,6.48182298804258e-05,1.52587890625e-05,0.8880817106188191,0.1612270007171901,17.808607999540982,0.7222104765540623,1126.0225135175858,{},32757.019280192806,0,32768,585.9787260306392,32768,0.0,0.0,0.0,0.0,16.0,{},21.16316866874695,1751475926.004106,2025-07-02T17:05:26.004156
execution_time,SHA256ID,32,8,[2],1,1,1000000,random,,1000000,0.0,0,6.018584828640232e-10,6.018584828640232e-10,2.3283064365386963e-10,0.004136262437474803,0.001368000084767118,8.349810999789042,0.012738674976972711,241764.15667921258,{},1.9999359999360016,0,2,0.011313352116622835,2,0.0,0.0,0.0,0.0,32.0,{},1.7817490100860596,1751475927.7871897,2025-07-02T17:05:27.787242
execution_time,SHA256ID,32,16,[2],1,1,1000000,random,,1000000,0.0,0,6.53638253467531e-10,6.53638253467531e-10,2.3283064365386963e-10,0.004231044769002366,0.001365000571240671,3.5007160004170146,0.01270536362923595,236348.24365987247,{},3.999871999872003,0,4,0.02262670423324567,4,0.0,0.0,0.0,0.0,32.0,{},1.797431468963623,1751475929.5859547,2025-07-02T17:05:29.586007
execution_time,SHA256ID,32,32,[2],1,1,1000000,random,,1000000,0.0,0,6.984919309616089e-10,6.984919309616089e-10,2.3283064365386963e-10,0.00436552972985437,0.0014360011846292764,3.6551290013449034,0.0127966748038201,229067.27519488434,{},7.999743999744006,0,8,0.04525340846649134,8,0.0,0.0,0.0,0.0,32.0,{},1.765324592590332,1751475931.35267,2025-07-02T17:05:31.352718
execution_time,SHA256ID,32,64,[2],1,1,1000000,random,,1000000,0.0,0,7.380556784203071e-10,7.380556784203071e-10,2.3283064365386963e-10,0.004566809519203315,0.0014850011211819947,10.165793999476591,0.016142681584303886,218971.25242360693,{},15.999487999488013,0,16,0.09050681693298268,16,0.0,0.0,0.0,0.0,32.0,{},1.781958818435669,1751475933.136029,2025-07-02T17:05:33.136087
execution_time,SHA256ID,32,128,[2],1,1,500000,random,,500000,0.0,0,7.734466565044974e-10,7.734466565044974e-10,2.3283064365386963e-10,0.005062627669027259,0.0016479989426443353,6.2270639991766075,0.024142053088591516,197525.8828765777,{},31.997951995903996,0,32,0.2559838719502574,32,0.0,0.0,0.0,0.0,32.0,{},0.9389195442199707,1751475934.1265063,2025-07-02T17:05:34.126556
execution_time,SHA256ID,32,256,[2],1,1,333333,random,,333333,0.0,0,8.0546169044387e-10,8.0546169044387e-10,2.3283064365386963e-10,0.005407133516648808,0.002025000867433846,4.531919999863021,0.016037504331389223,184940.87429521666,{},63.99385597542391,0,64,0.6270104292705393,64,0.0,0.0,0.0,0.0,32.0,{},0.6509952545166016,1751475934.7789848,2025-07-02T17:05:34.779043
execution_time,SHA256ID,32,512,[2],1,1,166666,random,,166666,0.0,0,8.346891265178928e-10,8.346891265178928e-10,2.3283064365386963e-10,0.006549534473929367,0.002574000973254442,3.5213470000599045,0.02147864306830447,152682.60728766787,{},127.97542375423757,0,128,1.7732883549485507,128,0.0,0.0,0.0,0.0,32.0,{},0.348858118057251,1751475935.1293278,2025-07-02T17:05:35.129385
execution_time,SHA256ID,32,1024,[2],1,1,100000,random,,100000,0.0,0,8.615757613771344e-10,8.615757613771344e-10,2.3283064365386963e-10,0.009055984814482184,0.0036319997889222577,3.2967009992717067,0.023027384070682524,110424.2134329572,{},255.91807918079178,0,256,4.578024661774514,256,0.0,0.0,0.0,0.0,32.0,{},0.24706268310546875,1751475935.3778946,2025-07-02T17:05:35.377950
execution_time,SHA256ID,32,2048,[2],1,1,100000,random,,100000,0.0,0,8.864688971214006e-10,8.864688971214006e-10,2.3283064365386963e-10,0.013755531000627173,0.006009999196976423,3.2743169995228527,0.022527650948905305,72698.02961110012,{},511.83615836158356,0,512,9.156049323549029,512,0.0,0.0,0.0,0.0,32.0,{},0.32007265090942383,1751475935.6996372,2025-07-02T17:05:35.699697
execution_time,SHA256ID,32,4096,[2],1,1,100000,random,,100000,0.0,0,9.096438520607815e-10,9.096438520607815e-10,2.3283064365386963e-10,0.022512335714444692,0.01012699976854492,12.244123001437401,0.06160521916300198,44420.0909529954,{},1023.6723167231671,0,1024,18.312098647098058,1024,0.0,0.0,0.0,0.0,32.0,{},0.546663761138916,1751475936.2937791,2025-07-02T17:05:36.293835
execution_time,SHA256ID,32,8192,[2],1,1,100000,random,,100000,0.0,0,9.313225746154785e-10,9.313225746154785e-10,2.3283064365386963e-10,0.0417986326687846,0.018358001398155466,16.89823499873455,0.09795824882491158,23924.227568018137,{},2047.3446334463342,0,2048,36.624197294196115,2048,0.0,0.0,0.0,0.0,32.0,{},0.949467658996582,1751475937.2448075,2025-07-02T17:05:37.244868
execution_time,SHA256ID,32,16384,[2],1,1,100000,random,,100000,0.0,0,9.516866042395912e-10,9.516866042395912e-10,2.3283064365386963e-10,0.07899843195644746,0.03582899989851285,18.1144950001908,0.1511053369017594,12658.479101854946,{},4094.6892668926685,0,4096,73.24839458839223,4096,0.0,0.0,0.0,0.0,32.0,{},1.7703163623809814,1751475939.016623,2025-07-02T17:05:39.016681
execution_time,SHA256ID,64,8,[2],1,1,1000000,random,,1000000,0.0,0,1.4013109795377199e-19,1.4013109795377199e-19,0.0,0.0041599313003087765,0.0014620000001741573,2.3863839996920433,0.009107938861309691,240388.58524557212,{},0.9999679999680008,0,1,0.0056566760583114176,1,0.0,0.0,0.0,0.0,64.0,{},1.5186882019042969,1751475940.536821,2025-07-02T17:05:40.536873
execution_time,SHA256ID,64,16,[2],1,1,1000000,random,,1000000,0.0,0,1.5218701527163642e-19,1.5218701527163642e-19,0.0,0.004027420690248508,0.001368000084767118,9.734624998600339,0.020104335566727558,248297.87521856723,{},1.9999359999360016,0,2,0.011313352116622835,2,0.0,0.0,0.0,0.0,64.0,{},1.7231018543243408,1751475942.2612936,2025-07-02T17:05:42.261345
execution_time,SHA256ID,64,32,[2],1,1,1000000,random,,1000000,0.0,0,1.6263032587282567e-19,1.6263032587282567e-19,0.0,0.004082596375939999,0.0013429998944047838,3.782718998991186,0.012155673346495685,244942.16618946433,{},3.999871999872003,0,4,0.02262670423324567,4,0.0,0.0,0.0,0.0,64.0,{},1.7509839534759521,1751475944.0569828,2025-07-02T17:05:44.057032
execution_time,SHA256ID,64,64,[2],1,1,1000000,random,,1000000,0.0,0,1.7184197865899353e-19,1.7184197865899353e-19,0.0,0.004220937473961233,0.0014750003174412996,8.411179000177071,0.012294880629677677,236914.19410236552,{},7.999743999744006,0,8,0.04525340846649134,8,0.0,0.0,0.0,0.0,64.0,{},1.7773241996765137,1751475945.835728,2025-07-02T17:05:45.835783
execution_time,SHA256ID,64,128,[2],1,1,500000,random,,500000,0.0,0,1.8008208286587555e-19,1.8008208286587555e-19,0.0,0.004394433126934601,0.0015280002116924152,4.254446999766515,0.016879162634058167,227560.63663154753,{},15.998975997951998,0,16,0.1279919359751287,16,0.0,0.0,0.0,0.0,64.0,{},0.9003798961639404,1751475946.7374458,2025-07-02T17:05:46.737498
execution_time,SHA256ID,64,256,[2],1,1,333333,random,,333333,0.0,0,1.8753616382458014e-19,1.8753616382458014e-19,0.0,0.004712239673897108,0.00167500002135057,5.889671998374979,0.01787378699052277,212213.31451780375,{},31.996927987711956,0,32,0.31350521463526965,32,0.0,0.0,0.0,0.0,64.0,{},0.6429569721221924,1751475947.3820512,2025-07-02T17:05:47.382154
execution_time,SHA256ID,64,512,[2],1,1,166666,random,,166666,0.0,0,1.943412065780472e-19,1.943412065780472e-19,0.0,0.005301933049739436,0.0019720009731827304,10.973144999297801,0.04730365259594579,188610.45407752652,{},63.987711877118784,0,64,0.8866441774742754,64,0.0,0.0,0.0,0.0,64.0,{},0.3455066680908203,1751475947.7289462,2025-07-02T17:05:47.729010
execution_time,SHA256ID,64,1024,[2],1,1,100000,random,,100000,0.0,0,2.00601239078011e-19,2.00601239078011e-19,0.0,0.0068911003030090005,0.002474998836987652,13.468233999446966,0.1092492780350913,145114.70679992132,{},127.95903959039589,0,128,2.289012330887257,128,0.0,0.0,0.0,0.0,64.0,{},0.24283075332641602,1751475948.0158465,2025-07-02T17:05:48.015899
execution_time,SHA256ID,64,2048,[2],1,1,100000,random,,100000,0.0,0,2.0639712389591164e-19,2.0639712389591164e-19,0.0,0.008953118051498699,0.0036519995774142444,1.6085349998320453,0.008457064114242673,111692.93136178472,{},255.91807918079178,0,256,4.578024661774514,256,0.0,0.0,0.0,0.0,64.0,{},0.2285146713256836,1751475948.245814,2025-07-02T17:05:48.245873
execution_time,SHA256ID,64,4096,[2],1,1,100000,random,,100000,0.0,0,2.1179296357109712e-19,2.1179296357109712e-19,0.0,0.014677972559361489,0.005879999662283808,4.040550998979597,0.022305300550601856,68129.30028011317,{},511.83615836158356,0,512,9.156049323549029,512,0.0,0.0,0.0,0.0,64.0,{},0.32834625244140625,1751475948.5757086,2025-07-02T17:05:48.575761
execution_time,SHA256ID,64,8192,[2],1,1,100000,random,,100000,0.0,0,2.168404344971009e-19,2.168404344971009e-19,0.0,0.024659390456895754,0.010980998922605067,4.2752329991344595,0.04420030995847833,40552.502777714035,{},1023.6723167231671,0,1024,18.312098647098058,1024,0.0,0.0,0.0,0.0,64.0,{},0.5359346866607666,1751475949.1131825,2025-07-02T17:05:49.113245
execution_time,SHA256ID,64,16384,[2],1,1,100000,random,,100000,0.0,0,2.215818046218695e-19,2.215818046218695e-19,0.0,0.04351776565928373,0.01921500006574206,4.128988999582361,0.022486530872038196,22979.1209371676,{},2047.3446334463342,0,2048,36.624197294196115,2048,0.0,0.0,0.0,0.0,64.0,{},0.9262588024139404,1751475950.0410986,2025-07-02T17:05:50.041155
false_positive_rate,RMID,8,16,[2],1,2,10000000,random,1,10000000,0.007714800771480077,77148,0.010966230164287516,0.010966230164287516,0.0077972412109375,0.005820137481212344,0.0011219999578315765,8.022829999390524,0.0172267990788486,171817.24714030267,{},15.937494593749438,0,16,0.25111965094534316,16,15.934,14.0,16.0,0.2522776248500846,8.0,{},17.2775137424469,1751475967.3685904,2025-07-02T17:06:07.368641
false_positive_rate,RMID,8,16,[2],1,2,10000000,sparse,1,10000000,0.0017196001719600171,17196,0.010966230164287516,0.010966230164287516,0.0077972412109375,0.005423124404328133,0.0009830000635702163,8.498301000145148,0.011058075861513214,184395.54866230092,{},3.776370177637046,0,6,1.1510143362695495,16,3.35,2.0,4.0,0.9367496997597596,8.0,{},2.904853343963623,1751475970.2746553,2025-07-02T17:06:10.274709
false_positive_rate,RMID,8,16,[2],1,2,10000000,low_entropy,1,10000000,0.23400902340090235,2340090,0.010966230164287516,0.010966230164287516,0.0077972412109375,0.005461879638107608,0.0010960011422866955,8.03222300055495,0.012244387839271866,183087.15428714073,{},12.001207500120747,0,16,1.7322687838817648,16,11.749,7.0,16.0,1.7765131578460094,8.0,{},8.909026145935059,1751475979.185131,2025-07-02T17:06:19.185182
false_positive_rate,RMID,8,16,[2],1,4,10000000,random,1,10000000,0.015512801551280155,155128,0.010966230164287516,0.010966230164287516,0.015533685451373458,0.010785005671815766,0.0011609990906435996,8.027936000871705,0.026827735082643696,92721.32351430092,{},15.937328493732831,0,16,0.2514199410105939,16,15.939,14.0,16.0,0.24754595532951046,8.0,{},17.217283725738525,1751475996.403737,2025-07-02T17:06:36.403790
false_positive_rate,RMID,8,16,[2],1,4,10000000,sparse,1,10000000,0.0034392003439200343,34392,0.010966230164287516,0.010966230164287516,0.015533685451373458,0.010504673273360356,0.0012239997886354104,7.226812000226346,0.022241587650212717,95195.72612848229,{},3.776370177637046,0,6,1.1510143362695495,16,3.35,2.0,4.0,0.9367496997597596,8.0,{},2.7906389236450195,1751475999.1955557,2025-07-02T17:06:39.195608
false_positive_rate,RMID,8,16,[2],1,4,10000000,low_entropy,1,10000000,0.41355504135550414,4135550,0.010966230164287516,0.010966230164287516,0.015533685451373458,0.009031540681007769,0.0009850009519141167,9.536663999824668,0.017306960548695738,110723.07985091385,{},12.001207500120747,0,16,1.7322687838817648,16,11.719,4.0,16.0,1.749296715826106,8.0,{},8.598561763763428,1751476007.8446577,2025-07-02T17:06:47.844708
false_positive_rate,RMID,8,16,[2],1,8,10000000,random,1,10000000,0.030665103066510307,306651,0.010966230164287516,0.010966230164287516,0.030826075519044704,0.020083753549789873,0.0012149994290666655,6.684212999971351,0.03704558764838246,49791.48930108548,{},15.937329693732952,0,16,0.2513283455772197,16,15.936,14.0,16.0,0.2488051446413438,8.0,{},17.187226057052612,1751476025.0331473,2025-07-02T17:07:05.033202
false_positive_rate,RMID,8,16,[2],1,8,10000000,sparse,1,10000000,0.0068784006878400685,68784,0.010966230164287516,0.010966230164287516,0.030826075519044704,0.02014937326349761,0.0012519994925241917,4.47171999985585,0.01634511197125168,49629.335211710495,{},3.776370177637046,0,6,1.1510143362695495,16,3.35,2.0,4.0,0.9367496997597596,8.0,{},2.9411206245422363,1751476027.9755147,2025-07-02T17:07:07.975570
false_positive_rate,RMID,8,16,[2],1,8,10000000,low_entropy,1,10000000,0.6565494656549465,6565494,0.010966230164287516,0.010966230164287516,0.030826075519044704,0.01365494102230542,0.0010040002962341532,4.071673998623737,0.01558124094096793,73233.56419969113,{},12.001207500120747,0,16,1.7322687838817648,16,11.83,6.0,16.0,1.8003055296254575,8.0,{},8.078094720840454,1751476036.0549386,2025-07-02T17:07:16.054991
false_positive_rate,RMID,8,16,[2],1,16,10000000,random,1,10000000,0.06060800606080061,606080,0.010966230164287516,0.010966230164287516,0.06070190410618359,0.037858513283876946,0.0012910004443256184,7.427554000969394,0.05445258084296788,26414.138149103615,{},15.937458893745848,0,16,0.25113365944966165,16,15.947,14.0,16.0,0.23278960457889863,8.0,{},17.193998098373413,1751476053.250183,2025-07-02T17:07:33.250234
false_positive_rate,RMID,8,16,[2],1,16,10000000,sparse,1,10000000,0.013756801375680137,137568,0.010966230164287516,0.010966230164287516,0.06070190410618359,0.039712877725574615,0.0012450000212993473,12.267640999198193,0.04283118632046525,25180.74884701725,{},3.776370177637046,0,6,1.1510143362695495,16,3.35,2.0,4.0,0.9367496997597596,8.0,{},2.8261337280273438,1751476056.1302016,2025-07-02T17:07:36.130281
false_positive_rate,RMID,8,16,[2],1,16,10000000,low_entropy,1,10000000,0.8816494881649488,8816494,0.010966230164287516,0.010966230164287516,0.06070190410618359,0.018157465473415662,0.0011560005077626556,11.356352999428054,0.03399399384541943,55073.76574467949,{},12.001207500120747,0,16,1.7322687838817648,16,11.704,5.0,16.0,1.8062070756145319,8.0,{},7.949090957641602,1751476064.0806808,2025-07-02T17:07:44.080735
false_positive_rate,RMID,8,16,[2],1,32,10000000,random,1,10000000,0.11875321187532119,1187532,0.010966230164287516,0.010966230164287516,0.1177190870502508,0.07273154994199496,0.0013620010577142239,6.046918000720325,0.09362997281223864,13749.191386647506,{},15.93730229373025,0,16,0.2515199831198994,16,15.934,15.0,16.0,0.24828209762284514,8.0,{},17.136499404907227,1751476081.2185242,2025-07-02T17:08:01.218588
false_positive_rate,RMID,8,16,[2],1,32,10000000,sparse,1,10000000,0.027513602751360274,275136,0.010966230164287516,0.010966230164287516,0.1177190870502508,0.08379370565451646,0.0014840006770100445,9.613919999537757,0.10447422432419652,11934.070610542334,{},3.776370177637046,0,6,1.1510143362695495,16,3.35,2.0,4.0,0.9367496997597596,8.0,{},2.96850848197937,1751476084.1884239,2025-07-02T17:08:04.188483
false_positive_rate,RMID,8,16,[2],1,32,10000000,low_entropy,1,10000000,0.9860601986060199,9860601,0.010966230164287516,0.010966230164287516,0.1177190870502508,0.020569396858379222,0.0012309992598602548,3.3743670010153437,0.0347268544388625,48615.91260477997,{},12.001207500120747,0,16,1.7322687838817648,16,11.807,5.0,16.0,1.7932515161014084,8.0,{},7.713632106781006,1751476091.9034517,2025-07-02T17:08:11.903505
false_positive_rate,RMID,8,16,[2],1,64,10000000,random,1,10000000,0.22162682216268223,2216268,0.010966230164287516,0.010966230164287516,0.22158039064455715,0.1344446682383647,0.0013849985407432541,15.371316998425755,0.17942961808764285,7438.00414775127,{},15.937510593751075,0,16,0.2510001577559449,16,15.935,15.0,16.0,0.24652586071242097,8.0,{},17.12546443939209,1751476109.0760481,2025-07-02T17:08:29.076100
false_positive_rate,RMID,8,16,[2],1,64,10000000,sparse,1,10000000,0.05502720550272055,550272,0.010966230164287516,0.010966230164287516,0.22158039064455715,0.15245674201413034,0.0014050001482246444,5.0072699996235315,0.06721863268842612,6559.23763546853,{},3.776370177637046,0,6,1.1510143362695495,16,3.35,2.0,4.0,0.9367496997597596,8.0,{},2.7676773071289062,1751476111.845015,2025-07-02T17:08:31.845069
false_positive_rate,RMID,8,16,[2],1,64,10000000,low_entropy,1,10000000,0.99982079998208,9998207,0.010966230164287516,0.010966230164287516,0.22158039064455715,0.020731111208205047,0.0013429998944047838,3.3737950016075047,0.02600963487296193,48236.68109040946,{},12.001207500120747,0,16,1.7322687838817648,16,11.729,6.0,16.0,1.8252558724737746,8.0,{},7.447312831878662,1751476119.2936502,2025-07-02T17:08:39.293700
false_positive_rate,RMID,8,16,[2],1,128,10000000,random,1,10000000,0.3920363392036339,3920363,0.010966230164287516,0.010966230164287516,0.3940629117709197,0.2406716602668649,0.001414999132975936,20.283823998397565,0.3303875234015085,4155.038440716976,{},15.93747949374791,0,16,0.25111569287015995,16,15.952,14.0,16.0,0.21839413911549913,8.0,{},17.033639669418335,1751476136.3285398,2025-07-02T17:08:56.328595
false_positive_rate,RMID,8,16,[2],1,128,10000000,sparse,1,10000000,0.10918401091840109,1091840,0.010966230164287516,0.010966230164287516,0.3940629117709197,0.2915593665927025,0.001275000613532029,11.817324000730878,0.11106598891829722,3429.833216083785,{},3.776370177637046,0,6,1.1510143362695495,16,3.346,2.0,4.0,0.9382345122622595,8.0,{},2.729247570037842,1751476139.0590973,2025-07-02T17:08:59.059156
false_positive_rate,RMID,8,16,[2],1,128,10000000,low_entropy,1,10000000,1.0,9999999,0.010966230164287516,0.010966230164287516,0.3940629117709197,0.02118780107056678,0.0015410005289595574,8.716827000171179,0.04171241274749669,47196.96945754124,{},12.001207500120747,0,16,1.7322687838817648,16,11.737,5.0,16.0,1.7854498032708732,8.0,{},7.724698305130005,1751476146.8328319,2025-07-02T17:09:06.832880
false_positive_rate,RMID,8,16,[2],1,256,10000000,random,1,10000000,0.6346267634626763,6346267,0.010966230164287516,0.010966230164287516,0.6328402451084638,0.3749937173944928,0.0017239999579032883,15.603060999637819,0.4814708901616651,2666.711343720998,{},15.93741419374146,0,16,0.2513054346166733,16,15.942,14.0,16.0,0.24214871463627474,8.0,{},16.685866355895996,1751476163.5200393,2025-07-02T17:09:23.520089
false_positive_rate,RMID,8,16,[2],1,256,10000000,sparse,1,10000000,0.20777982077798207,2077798,0.010966230164287516,0.010966230164287516,0.6328402451084638,0.55842302015906,0.0018190003174822778,5.841875001351582,0.20701197010158784,1790.7571212145986,{},3.776370177637046,0,6,1.1510143362695495,16,3.322,2.0,4.0,0.9467396685467446,8.0,{},2.7367472648620605,1751476166.2580776,2025-07-02T17:09:26.258135
false_positive_rate,RMID,8,16,[2],1,256,10000000,low_entropy,1,10000000,1.0,9999999,0.010966230164287516,0.010966230164287516,0.6328402451084638,0.02142476066839803,0.0017920010577654466,8.361498999875039,0.04802480337203577,46674.96713160586,{},12.001207500120747,0,16,1.7322687838817648,16,11.79,5.0,16.0,1.7759222955974172,8.0,{},7.72780179977417,1751476173.9871984,2025-07-02T17:09:33.987251
false_positive_rate,RMID,8,16,[2],1,512,10000000,random,1,10000000,0.8683466868346686,8683466,0.010966230164287516,0.010966230164287516,0.865193714387987,0.528881341447719,0.0025750014174263924,33.295279999947525,0.8175432040794121,1890.7832847017764,{},15.937321493732131,0,16,0.25137961204214115,16,15.922,15.0,16.0,0.26817158686184484,8.0,{},16.822808265686035,1751476190.8113415,2025-07-02T17:09:50.811392
false_positive_rate,RMID,8,16,[2],1,512,10000000,sparse,1,10000000,0.3583846358384636,3583846,0.010966230164287516,0.010966230164287516,0.865193714387987,0.9970691664717474,0.0022110016288934276,9.725674000947038,0.46260034203905337,1002.9394485626547,{},3.776370177637046,0,6,1.1510143362695495,16,3.256,2.0,4.0,0.9666767815562759,8.0,{},2.6382203102111816,1751476193.5036185,2025-07-02T17:09:53.503668
false_positive_rate,RMID,8,16,[2],1,512,10000000,low_entropy,1,10000000,1.0,9999999,0.010966230164287516,0.010966230164287516,0.865193714387987,0.021640315926724756,0.0018930004443973303,0.743432001399924,0.02156904106492293,46210.04625746003,{},12.001207500120747,0,16,1.7322687838817648,16,11.666,5.0,16.0,1.7917711907495333,8.0,{},7.783501148223877,1751476201.2884264,2025-07-02T17:10:01.288483
false_positive_rate,RMID,8,16,[2],1,1024,10000000,random,1,10000000,0.9814197981419798,9814197,0.010966230164287516,0.010966230164287516,0.9818272653594924,0.623755357937395,0.0020359984773676842,35.05286200015689,1.0898867491160367,1603.1926415938985,{},15.93748109374808,0,16,0.25097986269869854,16,15.93,13.0,16.0,0.2740437921208944,8.0,{},16.848796367645264,1751476218.1385813,2025-07-02T17:10:18.138635
false_positive_rate,RMID,8,16,[2],1,1024,10000000,sparse,1,10000000,0.5526886552688656,5526886,0.010966230164287516,0.010966230164287516,0.9818272653594924,1.6568944504565568,0.0034469994716346264,10.195498000030057,0.9503735615774361,603.5387466742075,{},3.776370177637046,0,6,1.1510143362695495,16,3.034,2.0,4.0,0.9994218328613799,8.0,{},2.6168267726898193,1751476220.756845,2025-07-02T17:10:20.756911
false_positive_rate,RMID,8,16,[2],1,1024,10000000,low_entropy,1,10000000,1.0,9999999,0.010966230164287516,0.010966230164287516,0.9818272653594924,0.022967176890232047,0.002128999767592177,2.0082459996046964,0.028120912310527782,43540.3970100174,{},12.001207500120747,0,16,1.7322687838817648,16,11.795,5.0,16.0,1.7654956811048843,8.0,{},7.7265729904174805,1751476228.4847813,2025-07-02T17:10:28.484863
false_positive_rate,RMID,8,16,[2],1,2048,10000000,random,1,10000000,0.99979519997952,9997951,0.010966230164287516,0.010966230164287516,0.9996697517156857,0.6167812900369968,0.002528000550228171,23.80885899947316,1.055457684506528,1621.3202575259966,{},15.9375287937529,0,16,0.25104691474758634,16,15.942,14.0,16.0,0.23798319268385323,8.0,{},16.811426639556885,1751476245.3483627,2025-07-02T17:10:45.348411
false_positive_rate,RMID,8,16,[2],1,2048,10000000,sparse,1,10000000,0.7691316769131676,7691316,0.010966230164287516,0.010966230164287516,0.9996697517156857,2.540716931367626,0.0034690001484705135,14.161641000100644,1.8464101757014584,393.58969417412294,{},3.776370177637046,0,6,1.1510143362695495,16,3.028,2.0,4.0,0.9996079231378672,8.0,{},2.424771547317505,1751476247.7742887,2025-07-02T17:10:47.774343
false_positive_rate,RMID,8,16,[2],1,2048,10000000,low_entropy,1,10000000,1.0,9999999,0.010966230164287516,0.010966230164287516,0.9996697517156857,0.023511842726418087,0.0024000000848900527,2.3751009994157357,0.04001707314641454,42531.75778844388,{},12.001207500120747,0,16,1.7322687838817648,16,11.654,4.0,16.0,1.7972990847379853,8.0,{},7.925003528594971,1751476255.7005782,2025-07-02T17:10:55.700638
false_positive_rate,RMID,8,16,[2],1,4096,10000000,random,1,10000000,1.0,9999999,0.010966230164287516,0.010966230164287516,0.9999998909360707,0.6339719646713069,0.004697998519986868,47.97416399924259,1.4345740121635762,1577.356816588043,{},15.937470393747024,0,16,0.2510785799456847,16,15.944,14.0,16.0,0.2342306555513176,8.0,{},16.935733318328857,1751476272.6378152,2025-07-02T17:11:12.637923
false_positive_rate,RMID,8,16,[2],1,4096,10000000,sparse,1,10000000,0.99891729989173,9989172,0.010966230164287516,0.010966230164287516,0.9999998909360707,2.2516198583474902,0.004638000973500311,14.574625000022934,1.4855002373245878,444.12470261917144,{},3.776370177637046,0,6,1.1510143362695495,16,3.284,2.0,4.0,0.9588242800430117,8.0,{},2.3472816944122314,1751476274.9865878,2025-07-02T17:11:14.986638
false_positive_rate,RMID,8,16,[2],1,4096,10000000,low_entropy,1,10000000,1.0,9999999,0.010966230164287516,0.010966230164287516,0.9999998909360707,0.02332929666453039,0.0024839991965563968,0.3127669988316484,0.01867763773472813,42864.55842967565,{},12.001207500120747,0,16,1.7322687838817648,16,11.811,6.0,16.0,1.6683162170284147,8.0,{},7.782235383987427,1751476282.8162215,2025-07-02T17:11:22.816278
false_positive_rate,RMID,8,16,[2],1,8192,10000000,random,1,10000000,1.0,9999999,0.010966230164287516,0.010966230164287516,0.9999999999999881,0.6309855625251004,0.0023789998522261158,14.460834001511103,1.0299249586336827,1584.8223151068062,{},15.937522093752188,0,16,0.2510111876006723,16,15.94,14.0,16.0,0.24166091947189144,8.0,{},16.897215127944946,1751476299.714783,2025-07-02T17:11:39.714849
false_positive_rate,RMID,8,16,[2],1,8192,10000000,sparse,1,10000000,0.99891729989173,9989172,0.010966230164287516,0.010966230164287516,0.9999999999999881,2.2856249278934464,0.005620999218081124,15.286789999663597,1.45783554622419,437.5171043140719,{},3.776370177637046,0,6,1.1510143362695495,16,3.216,2.0,4.0,0.976393363353111,8.0,{},2.20908522605896,1751476301.92518,2025-07-02T17:11:41.925241
false_positive_rate,RMID,8,16,[2],1,8192,10000000,low_entropy,1,10000000,1.0,9999999,0.010966230164287516,0.010966230164287516,0.9999999999999881,0.02508973317943832,0.0033520009310450405,0.2867679995688377,0.021593217437416715,39856.94040060679,{},12.001207500120747,0,16,1.7322687838817648,16,11.732,5.0,16.0,1.868201273953104,8.0,{},7.7586376667022705,1751476309.685311,2025-07-02T17:11:49.685366
false_positive_rate,RMID,8,16,"[2, 3]",2,2,10000000,random,1,10000000,2.98000029800003e-05,298,0.005483115082143758,0.010923560008006242,3.0517345294356346e-05,0.008848810700973287,0.0017570000636624172,11.565520999283763,0.02698004919341311,113009.53696410403,{},15.937296693729666,0,16,0.25143110348800735,16,14.919463087248323,13.0,15.0,0.2957592555239021,8.0,{},16.985887050628662,1751476326.6724975,2025-07-02T17:12:06.672546
false_positive_rate,RMID,8,16,"[2, 3]",2,2,10000000,sparse,1,10000000,0.0014732001473200147,14732,0.005483115082143758,0.010923560008006242,3.0517345294356346e-05,0.00819609832069271,0.0017869988369056955,10.008183000536519,0.011961991503861258,122009.27329962568,{},3.776370177637046,0,6,1.1510143362695495,16,3.25,2.0,4.0,0.9682458365518543,8.0,{},4.087226152420044,1751476330.807572,2025-07-02T17:12:10.807628
false_positive_rate,RMID,8,16,"[2, 3]",2,2,10000000,low_entropy,1,10000000,0.061640406164040616,616404,0.005483115082143758,0.010923560008006242,3.0517345294356346e-05,0.008646442421783336,0.001684000380919315,4.212106001432403,0.011187923542866875,115654.50288325046,{},12.001207500120747,0,16,1.7322687838817648,16,11.049,5.0,15.0,1.7007642399815441,8.0,{},10.239359378814697,1751476341.0483,2025-07-02T17:12:21.048352
false_positive_rate,RMID,8,16,"[2, 3]",2,4,10000000,random,1,10000000,6.640000664000067e-05,664,0.005483115082143758,0.010923560008006242,6.103375928034893e-05,0.016448568082369844,0.0021579999156529084,9.82047100114869,0.03014537949275402,60795.56560743031,{},15.937454593745427,0,16,0.2511463259073255,16,14.957831325301205,13.0,15.0,0.22899491335841218,8.0,{},16.902153253555298,1751476357.951729,2025-07-02T17:12:37.951782
false_positive_rate,RMID,8,16,"[2, 3]",2,4,10000000,sparse,1,10000000,0.0029464002946400294,29464,0.005483115082143758,0.010923560008006242,6.103375928034893e-05,0.01605886063049477,0.0019119997887173668,7.310688000870869,0.019079244328963386,62270.91840507431,{},3.776370177637046,0,6,1.1510143362695495,16,3.25,2.0,4.0,0.9682458365518543,8.0,{},3.940927505493164,1751476361.894113,2025-07-02T17:12:41.894164
false_positive_rate,RMID,8,16,"[2, 3]",2,4,10000000,low_entropy,1,10000000,0.11946751194675119,1194675,0.005483115082143758,0.010923560008006242,6.103375928034893e-05,0.015870206659761583,0.0016459998732898384,4.861751998760155,0.019224695401929396,63011.151741046255,{},12.001207500120747,0,16,1.7322687838817648,16,10.939,4.0,15.0,1.7132655952887164,8.0,{},9.957509279251099,1751476371.852895,2025-07-02T17:12:51.852952
false_positive_rate,RMID,8,16,"[2, 3]",2,8,10000000,random,1,10000000,0.0001192000119200012,1192,0.005483115082143758,0.010923560008006242,0.00012206379344092966,0.03206797062555878,0.0032539992389502004,9.10950499928731,0.054011334725030925,31183.76312852741,{},15.93747959374798,0,16,0.2511274650281235,16,14.946308724832214,14.0,15.0,0.22540745803686799,8.0,{},16.830296993255615,1751476388.7358453,2025-07-02T17:13:08.735896
false_positive_rate,RMID,8,16,"[2, 3]",2,8,10000000,sparse,1,10000000,0.005892800589280059,58928,0.005483115082143758,0.010923560008006242,0.00012206379344092966,0.03171405995555273,0.0019149993022438139,8.048801000768435,0.02530892748788787,31531.755990923284,{},3.776370177637046,0,6,1.1510143362695495,16,3.25,2.0,4.0,0.9682458365518543,8.0,{},3.858130931854248,1751476392.5952206,2025-07-02T17:13:12.595271
false_positive_rate,RMID,8,16,"[2, 3]",2,8,10000000,low_entropy,1,10000000,0.22485982248598224,2248598,0.005483115082143758,0.010923560008006242,0.00012206379344092966,0.029285578012764,0.0017739985196385533,8.045982000112417,0.02893758392470745,34146.50035468496,{},12.001207500120747,0,16,1.7322687838817648,16,10.958,4.0,15.0,1.7720711046682072,8.0,{},9.782488584518433,1751476402.3790572,2025-07-02T17:13:22.379111
false_positive_rate,RMID,8,16,"[2, 3]",2,16,10000000,random,1,10000000,0.00025440002544000254,2544,0.005483115082143758,0.010923560008006242,0.00024411268731217017,0.061507424550042676,0.0038359994505299255,7.832031000361894,0.06732615817640066,16258.199840352545,{},15.93733949373397,0,16,0.25142904640390157,16,14.943396226415095,14.0,15.0,0.231083937998413,8.0,{},16.82050323486328,1751476419.2008207,2025-07-02T17:13:39.200866
false_positive_rate,RMID,8,16,"[2, 3]",2,16,10000000,sparse,1,10000000,0.011785601178560118,117856,0.005483115082143758,0.010923560008006242,0.00024411268731217017,0.06210626866283948,0.0019409999367780983,10.023737000665278,0.04077766999260692,16101.434227658532,{},3.776370177637046,0,6,1.1510143362695495,16,3.25,2.0,4.0,0.9682458365518543,8.0,{},3.774871587753296,1751476422.9769535,2025-07-02T17:13:42.977009
false_positive_rate,RMID,8,16,"[2, 3]",2,16,10000000,low_entropy,1,10000000,0.397552939755294,3975529,0.005483115082143758,0.010923560008006242,0.00024411268731217017,0.050502027007291415,0.0017610000213608146,8.07760300085647,0.03864148226865474,19801.185403025927,{},12.001207500120747,0,16,1.7322687838817648,16,10.98,5.0,15.0,1.6785708206685828,8.0,{},9.27001142501831,1751476432.2960865,2025-07-02T17:13:52.296145
false_positive_rate,RMID,8,16,"[2, 3]",2,32,10000000,random,1,10000000,0.0005184000518400052,5184,0.005483115082143758,0.010923560008006242,0.0004881657836202091,0.12404136646878368,0.0042479987314436585,11.165163001351175,0.1400374798998084,8061.826699173462,{},15.93736149373609,0,16,0.251396742231209,16,14.950617283950617,14.0,15.0,0.21666578734301536,8.0,{},16.869556665420532,1751476449.1671011,2025-07-02T17:14:09.167148
false_positive_rate,RMID,8,16,"[2, 3]",2,32,10000000,sparse,1,10000000,0.023571202357120236,235712,0.005483115082143758,0.010923560008006242,0.0004881657836202091,0.12283228788348402,0.002132999725290574,16.510029001437942,0.09714503448172447,8141.181909341116,{},3.776370177637046,0,6,1.1510143362695495,16,3.25,2.0,4.0,0.9682458365518543,8.0,{},3.7755508422851562,1751476452.9439294,2025-07-02T17:14:12.943983
false_positive_rate,RMID,8,16,"[2, 3]",2,32,10000000,low_entropy,1,10000000,0.6372733637273363,6372733,0.005483115082143758,0.010923560008006242,0.0004881657836202091,0.07983035540999177,0.002028000380960293,6.14106300054118,0.059842596566577755,12526.563296182412,{},12.001207500120747,0,16,1.7322687838817648,16,10.979,4.0,15.0,1.6782607068033262,8.0,{},9.08267593383789,1751476462.0281084,2025-07-02T17:14:22.028162
false_positive_rate,RMID,8,16,"[2, 3]",2,64,10000000,random,1,10000000,0.0009792000979200097,9792,0.005483115082143758,0.010923560008006242,0.0009760932614082396,0.24279238618668034,0.00687400097376667,7.581133000712725,0.22200649809797007,4118.745302132791,{},15.937560093756025,0,16,0.25078150556742634,16,14.947712418300654,14.0,15.0,0.22260635772452808,8.0,{},16.77916932106018,1751476478.8086312,2025-07-02T17:14:38.808682
false_positive_rate,RMID,8,16,"[2, 3]",2,64,10000000,sparse,1,10000000,0.04714240471424047,471424,0.005483115082143758,0.010923560008006242,0.0009760932614082396,0.240547920688167,0.0019149993022438139,12.785648999852128,0.10880842288416094,4157.175822344125,{},3.776370177637046,0,6,1.1510143362695495,16,3.25,2.0,4.0,0.9682458365518543,8.0,{},3.670687675476074,1751476482.524126,2025-07-02T17:14:42.524175
false_positive_rate,RMID,8,16,"[2, 3]",2,64,10000000,low_entropy,1,10000000,0.8689148868914887,8689148,0.005483115082143758,0.010923560008006242,0.0009760932614082396,0.11421938443913149,0.0020860006770817563,12.036612999509089,0.13586490364825116,8755.081328011436,{},12.001207500120747,0,16,1.7322687838817648,16,11.005,4.0,15.0,1.7288652347710622,8.0,{},9.318857431411743,1751476491.8442795,2025-07-02T17:14:51.844330
false_positive_rate,RMID,8,16,"[2, 3]",2,128,10000000,random,1,10000000,0.0019200001920000192,19200,0.005483115082143758,0.010923560008006242,0.001951233764761473,0.49511780220928703,0.004659001206164248,13.05789499929233,0.42218291649423106,2019.721358306762,{},15.937487693748734,0,16,0.2510269240796647,16,14.94,14.0,15.0,0.23748684174075835,8.0,{},16.39404559135437,1751476508.2396,2025-07-02T17:15:08.239655
false_positive_rate,RMID,8,16,"[2, 3]",2,128,10000000,sparse,1,10000000,0.09428480942848094,942848,0.005483115082143758,0.010923560008006242,0.001951233764761473,0.48220721027600555,0.002302000211784616,5.54427400129498,0.1546075663750536,2073.7972777877385,{},3.776370177637046,0,6,1.1510143362695495,16,3.25,2.0,4.0,0.9682458365518543,8.0,{},3.7764313220977783,1751476512.017394,2025-07-02T17:15:12.017449
false_positive_rate,RMID,8,16,"[2, 3]",2,128,10000000,low_entropy,1,10000000,0.9829299982929999,9829299,0.005483115082143758,0.010923560008006242,0.001951233764761473,0.1247473335390044,0.002484999640728347,10.51239000116766,0.1426121722508959,8016.203405961642,{},12.001207500120747,0,16,1.7322687838817648,16,10.999,5.0,15.0,1.76606879820691,8.0,{},8.756510972976685,1751476520.775226,2025-07-02T17:15:20.775277
false_positive_rate,RMID,8,16,"[2, 3]",2,256,10000000,random,1,10000000,0.0036864003686400367,36864,0.005483115082143758,0.010923560008006242,0.0038986602163182393,0.9834606931026209,0.013873999705538154,17.206358999828808,0.7914866991709709,1016.8174559627807,{},15.93759179375917,0,16,0.25077165157782044,16,14.958333333333334,13.0,15.0,0.23199018178458425,8.0,{},16.977370500564575,1751476537.8162818,2025-07-02T17:15:37.816330
false_positive_rate,RMID,8,16,"[2, 3]",2,256,10000000,sparse,1,10000000,0.1885542188554219,1885542,0.005483115082143758,0.010923560008006242,0.0038986602163182393,0.9013296751617024,0.0044289990910328925,8.355741998457233,0.31237763606047686,1109.4719585490134,{},3.776370177637046,0,6,1.1510143362695495,16,3.25,2.0,4.0,0.9682458365518543,8.0,{},3.681659698486328,1751476541.4992902,2025-07-02T17:15:41.499341
false_positive_rate,RMID,8,16,"[2, 3]",2,256,10000000,low_entropy,1,10000000,0.99969279996928,9996927,0.005483115082143758,0.010923560008006242,0.0038986602163182393,0.12695949933643264,0.002615000994410366,3.265882000050624,0.13455127800495742,7876.527595230027,{},12.001207500120747,0,16,1.7322687838817648,16,10.947,5.0,15.0,1.7709294170011407,8.0,{},8.4590322971344,1751476549.9596035,2025-07-02T17:15:49.959660
false_positive_rate,RMID,8,16,"[2, 3]",2,512,10000000,random,1,10000000,0.00793600079360008,79360,0.005483115082143758,0.010923560008006242,0.007782120881154042,1.9998607315393446,0.007282000296982005,32.68361600021308,1.5041376459112552,500.0348195397957,{},15.937467593746717,0,16,0.251102973092171,16,14.935483870967742,14.0,15.0,0.2456701001891583,8.0,{},16.710344791412354,1751476566.6712596,2025-07-02T17:16:06.671316
false_positive_rate,RMID,8,16,"[2, 3]",2,512,10000000,sparse,1,10000000,0.34358783435878343,3435878,0.005483115082143758,0.010923560008006242,0.007782120881154042,1.6159513400116257,0.0027500009309733286,13.298634999955539,0.7500787097509906,618.8305150282592,{},3.776370177637046,0,6,1.1510143362695495,16,3.218,2.0,4.0,0.9759487691472333,8.0,{},3.612971544265747,1751476570.2854815,2025-07-02T17:16:10.285533
false_positive_rate,RMID,8,16,"[2, 3]",2,512,10000000,low_entropy,1,10000000,1.0,9999999,0.005483115082143758,0.010923560008006242,0.007782120881154042,0.12746842266286207,0.0029029997676843777,3.688169001179631,0.14248403285074507,7845.080209746332,{},12.001207500120747,0,16,1.7322687838817648,16,11.05,5.0,15.0,1.630797350991226,8.0,{},8.267571687698364,1751476578.6402907,2025-07-02T17:16:18.640344
false_positive_rate,RMID,8,16,"[2, 3]",2,1024,10000000,random,1,10000000,0.01699840169984017,169984,0.005483115082143758,0.010923560008006242,0.015503680356899308,4.059452000410491,0.027303000024403445,49.09750200022245,2.7858189633837607,246.33866834707746,{},15.937273793727417,0,16,0.25136711711189336,16,14.909638554216867,14.0,15.0,0.2866988923925492,8.0,{},16.826953649520874,1751476595.4685538,2025-07-02T17:16:35.468608
false_positive_rate,RMID,8,16,"[2, 3]",2,1024,10000000,sparse,1,10000000,0.5459302545930255,5459302,0.005483115082143758,0.010923560008006242,0.015503680356899308,2.7080593364922203,0.005158999556442723,8.622112000011839,1.4582414068786955,369.26812737246416,{},3.776370177637046,0,6,1.1510143362695495,16,3.008,2.0,4.0,0.9999679994879836,8.0,{},3.4578404426574707,1751476598.9277465,2025-07-02T17:16:38.927806
false_positive_rate,RMID,8,16,"[2, 3]",2,1024,10000000,low_entropy,1,10000000,1.0,9999999,0.005483115082143758,0.010923560008006242,0.015503680356899308,0.12639651818226175,0.003082001057919115,1.5447699988726526,0.12688065634686613,7911.610338490623,{},12.001207500120747,0,16,1.7322687838817648,16,11.052,5.0,15.0,1.7422100906607103,8.0,{},8.351099491119385,1751476607.2801838,2025-07-02T17:16:47.280228
false_positive_rate,RMID,8,16,"[2, 3]",2,2048,10000000,random,1,10000000,0.029286402928640293,292864,0.005483115082143758,0.010923560008006242,0.03076699660918969,8.1046498356077,0.009371000487590209,101.37905400006275,4.382863899539054,123.38595994690724,{},15.937352593735294,0,16,0.25137005987437766,16,14.965034965034965,14.0,15.0,0.18369126624564613,8.0,{},16.863779306411743,1751476624.1450853,2025-07-02T17:17:04.145144
false_positive_rate,RMID,8,16,"[2, 3]",2,2048,10000000,sparse,1,10000000,0.7665537766553777,7665537,0.005483115082143758,0.010923560008006242,0.03076699660918969,3.9731154354601332,0.004809999154531397,25.356263999128714,2.8286134392576296,251.6916551366669,{},3.776370177637046,0,6,1.1510143362695495,16,3.016,2.0,4.0,0.9998719918069513,8.0,{},3.1925208568573,1751476627.3818557,2025-07-02T17:17:07.381923
false_positive_rate,RMID,8,16,"[2, 3]",2,2048,10000000,low_entropy,1,10000000,1.0,9999999,0.005483115082143758,0.010923560008006242,0.03076699660918969,0.134298408902901,0.004330000592744909,4.189610999674187,0.17458642364085747,7446.104597732124,{},12.001207500120747,0,16,1.7322687838817648,16,11.012,5.0,15.0,1.6934745347952533,8.0,{},9.132596969604492,1751476636.5157676,2025-07-02T17:17:16.515822
false_positive_rate,RMID,8,16,"[2, 3]",2,4096,10000000,random,1,10000000,0.0602112060211206,602112,0.005483115082143758,0.010923560008006242,0.060587385138029415,17.172350643234452,0.1669409994065063,192.37708300170198,9.527372504180127,58.233145873595305,{},15.937460293746044,0,16,0.25120766291319757,16,14.92517006802721,13.0,15.0,0.28781218777287315,8.0,{},16.86266255378723,1751476653.379837,2025-07-02T17:17:33.379898
false_positive_rate,RMID,8,16,"[2, 3]",2,4096,10000000,sparse,1,10000000,0.9987969998796999,9987969,0.005483115082143758,0.010923560008006242,0.060587385138029415,3.6436059042274165,0.006321999535430223,18.339530000957893,2.4487653662622266,274.4533921299697,{},3.776370177637046,0,6,1.1510143362695495,16,3.272,2.0,4.0,0.962297251372984,8.0,{},2.9597365856170654,1751476656.3408747,2025-07-02T17:17:36.340927
false_positive_rate,RMID,8,16,"[2, 3]",2,4096,10000000,low_entropy,1,10000000,1.0,9999999,0.005483115082143758,0.010923560008006242,0.060587385138029415,0.12936903369835545,0.0034589993447298184,1.0725360007199924,0.12761572677896169,7729.8250702842815,{},12.001207500120747,0,16,1.7322687838817648,16,10.908,5.0,15.0,1.7491529378530626,8.0,{},8.231917142868042,1751476664.574194,2025-07-02T17:17:44.574251
false_positive_rate,RMID,8,16,"[2, 3]",2,8192,10000000,random,1,10000000,0.12628021262802128,1262802,0.005483115082143758,0.010923560008006242,0.117503939038195,31.48263250638377,0.023571001293021254,198.76485200074967,16.21864723881851,31.763544544670108,{},15.93752029375204,0,16,0.25095774835656737,16,14.935483870967742,14.0,15.0,0.2456701001891583,8.0,{},17.07316303253174,1751476681.6965137,2025-07-02T17:18:01.696567
false_positive_rate,RMID,8,16,"[2, 3]",2,8192,10000000,sparse,1,10000000,0.9987969998796999,9987969,0.005483115082143758,0.010923560008006242,0.117503939038195,3.851969580102249,0.008513001375831664,17.666457000814262,2.3629400659479414,259.6074499564079,{},3.776370177637046,0,6,1.1510143362695495,16,3.206,2.0,4.0,0.9785519914649399,8.0,{},2.6731228828430176,1751476684.3710449,2025-07-02T17:18:04.371102
false_positive_rate,RMID,8,16,"[2, 3]",2,8192,10000000,low_entropy,1,10000000,1.0,9999999,0.005483115082143758,0.010923560008006242,0.117503939038195,0.1285038773980537,0.004179999450570904,1.610646999324672,0.13208575052217983,7781.866354914719,{},12.001207500120747,0,16,1.7322687838817648,16,10.975,5.0,15.0,1.7211551353669432,8.0,{},8.34487271308899,1751476692.7171538,2025-07-02T17:18:12.717215
false_positive_rate,RMID,8,16,"[2, 3, 4]",3,2,10000000,random,1,10000000,0.0,0,0.0036554100547625053,0.010923393978793286,1.1920928599806757e-07,0.011817402467163021,0.0023840002540964633,9.507169999778853,0.03164849725479546,84620.96495221321,{},15.937480493748028,0,16,0.25111275604883054,16,0.0,0.0,0.0,0.0,8.0,{},17.300640106201172,1751476710.0191443,2025-07-02T17:18:30.019202
false_positive_rate,RMID,8,16,"[2, 3, 4]",3,2,10000000,sparse,1,10000000,0.0004898000489800049,4898,0.0036554100547625053,0.010923393978793286,1.1920928599806757e-07,0.011530054990635296,0.0022189997253008187,9.150105999651714,0.024073090437633126,86729.85521857436,{},3.776370177637046,0,6,1.1510143362695495,16,2.0,2.0,2.0,0.0,8.0,{},5.0277183055877686,1751476715.0482411,2025-07-02T17:18:35.048293
false_positive_rate,RMID,8,16,"[2, 3, 4]",3,2,10000000,low_entropy,1,10000000,0.007845400784540078,78454,0.0036554100547625053,0.010923393978793286,1.1920928599806757e-07,0.011801309905901513,0.002357999619562179,11.741729998902883,0.02120663152172467,84736.35621584069,{},12.001207500120747,0,16,1.7322687838817648,16,10.48,4.0,14.0,1.8589244201957218,8.0,{},11.490727424621582,1751476726.5935028,2025-07-02T17:18:46.593556
false_positive_rate,RMID,8,16,"[2, 3, 4]",3,4,10000000,random,1,10000000,0.0,0,0.0036554100547625053,0.010923393978793286,2.3841855778528043e-07,0.022620205350051242,0.005877000148757361,15.441079000083846,0.05153454065587559,44208.263564580535,{},15.937332693733243,0,16,0.25138956463626794,16,0.0,0.0,0.0,0.0,8.0,{},17.072903394699097,1751476743.6677132,2025-07-02T17:19:03.667767
false_positive_rate,RMID,8,16,"[2, 3, 4]",3,4,10000000,sparse,1,10000000,0.0009796000979600099,9796,0.0036554100547625053,0.010923393978793286,2.3841855778528043e-07,0.021769477966949766,0.002687000232981518,10.965752000629436,0.03068735106296433,45935.874140766784,{},3.776370177637046,0,6,1.1510143362695495,16,2.0,2.0,2.0,0.0,8.0,{},4.8772828578948975,1751476748.5463395,2025-07-02T17:19:08.546397
false_positive_rate,RMID,8,16,"[2, 3, 4]",3,4,10000000,low_entropy,1,10000000,0.015624701562470157,156247,0.0036554100547625053,0.010923393978793286,2.3841855778528043e-07,0.022767677062843234,0.0026020006771432236,11.035135001293384,0.03980337212401171,43921.916023308164,{},12.001207500120747,0,16,1.7322687838817648,16,10.488,5.0,14.0,1.7832150739605135,8.0,{},11.291888952255249,1751476759.8398037,2025-07-02T17:19:19.839859
false_positive_rate,RMID,8,16,"[2, 3, 4]",3,8,10000000,random,1,10000000,8.00000080000008e-07,8,0.0036554100547625053,0.010923393978793286,4.76837058727142e-07,0.043851858298524185,0.006412999937310815,8.339669000633876,0.06796783793335022,22804.050701624532,{},15.937562393756258,0,16,0.25094332129298125,16,15.0,15.0,15.0,0.0,8.0,{},16.86843204498291,1751476776.709537,2025-07-02T17:19:36.709595
false_positive_rate,RMID,8,16,"[2, 3, 4]",3,8,10000000,sparse,1,10000000,0.0019592001959200197,19592,0.0036554100547625053,0.010923393978793286,4.76837058727142e-07,0.04425094939235282,0.002966999090858735,11.701158999130712,0.06307809883258247,22598.385203749185,{},3.776370177637046,0,6,1.1510143362695495,16,2.0,2.0,2.0,0.0,8.0,{},4.978611707687378,1751476781.737201,2025-07-02T17:19:41.737251
false_positive_rate,RMID,8,16,"[2, 3, 4]",3,8,10000000,low_entropy,1,10000000,0.030709603070960306,307096,0.0036554100547625053,0.010923393978793286,4.76837058727142e-07,0.0436412458910693,0.002580998625489883,10.290284000802785,0.034399847372938545,22914.10292217709,{},12.001207500120747,0,16,1.7322687838817648,16,10.436,3.0,14.0,1.8819946864962185,8.0,{},10.92300271987915,1751476792.6615407,2025-07-02T17:19:52.661590
false_positive_rate,RMID,8,16,"[2, 3, 4]",3,16,10000000,random,1,10000000,1.600000160000016e-06,16,0.0036554100547625053,0.010923393978793286,9.536738900806085e-07,0.08726755691968927,0.006104000931372866,11.777519999668584,0.09637026114736154,11459.012206796184,{},15.93731119373109,0,16,0.25146951689382296,16,15.0,15.0,15.0,0.0,8.0,{},17.045459747314453,1751476809.708363,2025-07-02T17:20:09.708417
false_positive_rate,RMID,8,16,"[2, 3, 4]",3,16,10000000,sparse,1,10000000,0.003918400391840039,39184,0.0036554100547625053,0.010923393978793286,9.536738900806085e-07,0.08766320528821364,0.0025870012905215845,11.063292000471847,0.07180945659971526,11407.294505286021,{},3.776370177637046,0,6,1.1510143362695495,16,2.0,2.0,2.0,0.0,8.0,{},4.87848687171936,1751476814.5881112,2025-07-02T17:20:14.588164
false_positive_rate,RMID,8,16,"[2, 3, 4]",3,16,10000000,low_entropy,1,10000000,0.06112480611248061,611248,0.0036554100547625053,0.010923393978793286,9.536738900806085e-07,0.08534564246014796,0.0027070000214735046,8.441862999461591,0.058792139513912385,11717.05984247466,{},12.001207500120747,0,16,1.7322687838817648,16,10.422,4.0,14.0,1.9287083760900712,8.0,{},10.902979612350464,1751476825.4924538,2025-07-02T17:20:25.492514
false_positive_rate,RMID,8,16,"[2, 3, 4]",3,32,10000000,random,1,10000000,0.0,0,0.0036554100547625053,0.010923393978793286,1.9073468706665153e-06,0.1734544006100487,0.03750600080820732,32.854115999725764,0.17410600505221027,5765.203975701654,{},15.937501093750114,0,16,0.2510509743572427,16,0.0,0.0,0.0,0.0,8.0,{},16.88766837120056,1751476842.429789,2025-07-02T17:20:42.429842
false_positive_rate,RMID,8,16,"[2, 3, 4]",3,32,10000000,sparse,1,10000000,0.007836800783680079,78368,0.0036554100547625053,0.010923393978793286,1.9073468706665153e-06,0.17316548925182285,0.00303499837173149,5.29701099912927,0.0647270198694971,5774.822710463791,{},3.776370177637046,0,6,1.1510143362695495,16,2.0,2.0,2.0,0.0,8.0,{},4.776005506515503,1751476847.2071743,2025-07-02T17:20:47.207227
false_positive_rate,RMID,8,16,"[2, 3, 4]",3,32,10000000,low_entropy,1,10000000,0.11785261178526119,1178526,0.0036554100547625053,0.010923393978793286,1.9073468706665153e-06,0.16230023594444515,0.002986000254168175,9.672600999692804,0.0821754527647537,6161.420494436599,{},12.001207500120747,0,16,1.7322687838817648,16,10.433,5.0,14.0,1.7741226000476968,8.0,{},10.609527111053467,1751476857.817985,2025-07-02T17:20:57.818038
false_positive_rate,RMID,8,16,"[2, 3, 4]",3,64,10000000,random,1,10000000,6.400000640000064e-06,64,0.0036554100547625053,0.010923393978793286,3.8146901033542235e-06,0.3412518048612627,0.013267999747768044,11.73788300002343,0.275852236544304,2930.3874316695674,{},15.937257493725713,0,16,0.2515775866349549,16,14.0,14.0,14.0,0.0,8.0,{},16.8204345703125,1751476874.6398966,2025-07-02T17:21:14.639956
false_positive_rate,RMID,8,16,"[2, 3, 4]",3,64,10000000,sparse,1,10000000,0.015673601567360158,156736,0.0036554100547625053,0.010923393978793286,3.8146901033542235e-06,0.3422405110525911,0.003189999915775843,7.080953000695445,0.09422144400959527,2921.9217705245096,{},3.776370177637046,0,6,1.1510143362695495,16,2.0,2.0,2.0,0.0,8.0,{},4.770545721054077,1751476879.4117947,2025-07-02T17:21:19.411852
false_positive_rate,RMID,8,16,"[2, 3, 4]",3,64,10000000,low_entropy,1,10000000,0.22153852215385222,2215385,0.0036554100547625053,0.010923393978793286,3.8146901033542235e-06,0.30799205417991715,0.002962999133160338,11.911110999790253,0.14607392221757298,3246.83700903478,{},12.001207500120747,0,16,1.7322687838817648,16,10.518,4.0,14.0,1.8302120095770325,8.0,{},10.5804603099823,1751476890.0433302,2025-07-02T17:21:30.043383
false_positive_rate,RMID,8,16,"[2, 3, 4]",3,128,10000000,random,1,10000000,0.0,0,0.0036554100547625053,0.010923393978793286,7.629365654904241e-06,0.6795985954251849,0.0932059992919676,20.753458000399405,0.49559384054972894,1471.4568375091458,{},15.937600693760066,0,16,0.25080955317365433,16,0.0,0.0,0.0,0.0,8.0,{},16.881979942321777,1751476906.9266567,2025-07-02T17:21:46.926712
false_positive_rate,RMID,8,16,"[2, 3, 4]",3,128,10000000,sparse,1,10000000,0.031347203134720315,313472,0.0036554100547625053,0.010923393978793286,7.629365654904241e-06,0.6803389516516213,0.0055510008678538725,6.630947000303422,0.1704785501328126,1469.855573567198,{},3.776370177637046,0,6,1.1510143362695495,16,2.0,2.0,2.0,0.0,8.0,{},4.753638029098511,1751476911.6816597,2025-07-02T17:21:51.681710
false_positive_rate,RMID,8,16,"[2, 3, 4]",3,128,10000000,low_entropy,1,10000000,0.398745939874594,3987459,0.0036554100547625053,0.010923393978793286,7.629365654904241e-06,0.5414461164791745,0.0034869990486185998,7.881130999521702,0.27360040054621043,1846.9058500273918,{},12.001207500120747,0,16,1.7322687838817648,16,10.452,4.0,14.0,1.8476190083456059,8.0,{},10.174245595932007,1751476921.857222,2025-07-02T17:22:01.857278
false_positive_rate,RMID,8,16,"[2, 3, 4]",3,256,10000000,random,1,10000000,2.5600002560000255e-05,256,0.0036554100547625053,0.010923393978793286,1.5258673102480635e-05,1.3794808505091216,0.33206099942617584,21.00471099947754,0.9068692876543503,724.9103890285483,{},15.937503993750397,0,16,0.25099572565457673,16,15.0,15.0,15.0,0.0,8.0,{},17.10377550125122,1751476938.9623709,2025-07-02T17:22:18.962424
false_positive_rate,RMID,8,16,"[2, 3, 4]",3,256,10000000,sparse,1,10000000,0.06269440626944063,626944,0.0036554100547625053,0.010923393978793286,1.5258673102480635e-05,1.3545091992511924,0.0037999998312443495,10.352359999160399,0.3878228970006297,738.2747939643568,{},3.776370177637046,0,6,1.1510143362695495,16,2.0,2.0,2.0,0.0,8.0,{},4.783766746520996,1751476943.7937782,2025-07-02T17:22:23.793844
false_positive_rate,RMID,8,16,"[2, 3, 4]",3,256,10000000,low_entropy,1,10000000,0.6299881629988163,6299881,0.0036554100547625053,0.010923393978793286,1.5258673102480635e-05,0.8744753156725095,0.0037440004234667867,38.690227000188315,0.5903540626324036,1143.5428560164178,{},12.001207500120747,0,16,1.7322687838817648,16,10.548,5.0,14.0,1.770789654363273,8.0,{},9.880362272262573,1751476953.6755612,2025-07-02T17:22:33.675618
false_positive_rate,RMID,8,16,"[2, 3, 4]",3,512,10000000,random,1,10000000,5.120000512000051e-05,512,0.0036554100547625053,0.010923393978793286,3.051711337787033e-05,2.7126035038921024,0.3563859991118079,40.957454999443144,1.7350215902061221,368.64952749827916,{},15.937614193761387,0,16,0.2508063327893967,16,15.0,15.0,15.0,0.0,8.0,{},17.113163948059082,1751476970.7900565,2025-07-02T17:22:50.790116
false_positive_rate,RMID,8,16,"[2, 3, 4]",3,512,10000000,sparse,1,10000000,0.12538881253888126,1253888,0.0036554100547625053,0.010923393978793286,3.051711337787033e-05,2.6273179114215752,0.006426000254577957,25.809455999478814,0.791264019253827,380.61629148599127,{},3.776370177637046,0,6,1.1510143362695495,16,2.0,2.0,2.0,0.0,8.0,{},4.702383995056152,1751476975.4938133,2025-07-02T17:22:55.493873
false_positive_rate,RMID,8,16,"[2, 3, 4]",3,512,10000000,low_entropy,1,10000000,0.8676046867604686,8676046,0.0036554100547625053,0.010923393978793286,3.051711337787033e-05,1.1847021082250184,0.0035869998100679368,11.463093000202207,0.9891760198727723,844.0940495144821,{},12.001207500120747,0,16,1.7322687838817648,16,10.595,4.0,14.0,1.7947074970590613,8.0,{},9.305652141571045,1751476984.8008761,2025-07-02T17:23:04.800926
false_positive_rate,RMID,8,16,"[2, 3, 4]",3,1024,10000000,random,1,10000000,0.0,0,0.0036554100547625053,0.010923393978793286,6.1033295461587755e-05,5.5463042282419455,0.35036500048590824,83.50373400026001,3.104643589199791,180.30024298125775,{},15.937492393749201,0,16,0.2510820665057288,16,0.0,0.0,0.0,0.0,8.0,{},17.137738943099976,1751477001.989579,2025-07-02T17:23:21.989635
false_positive_rate,RMID,8,16,"[2, 3, 4]",3,1024,10000000,sparse,1,10000000,0.2507776250777625,2507776,0.0036554100547625053,0.010923393978793286,6.1033295461587755e-05,4.9804524569092905,0.012481999874580652,17.830929000410833,1.7592384683105242,200.78497057284793,{},3.776370177637046,0,6,1.1510143362695495,16,2.0,2.0,2.0,0.0,8.0,{},4.814079523086548,1751477006.8049996,2025-07-02T17:23:26.805056
false_positive_rate,RMID,8,16,"[2, 3, 4]",3,1024,10000000,low_entropy,1,10000000,0.9816245981624598,9816245,0.0036554100547625053,0.010923393978793286,6.1033295461587755e-05,1.3595700710800132,0.006563999704667367,11.850339000375243,1.345020234434634,735.5266354205794,{},12.001207500120747,0,16,1.7322687838817648,16,10.483,4.0,14.0,1.834042256874143,8.0,{},9.114752054214478,1751477015.9211128,2025-07-02T17:23:35.921174
false_positive_rate,RMID,8,16,"[2, 3, 4]",3,2048,10000000,random,1,10000000,0.0,0,0.0036554100547625053,0.010923393978793286,0.0001220628658601397,11.2505746701327,2.2553350008820416,104.55988099965907,5.4562427513257195,88.88434851730156,{},15.937482893748266,0,16,0.2510233385113439,16,0.0,0.0,0.0,0.0,8.0,{},17.2927143573761,1751477033.2151706,2025-07-02T17:23:53.215227
false_positive_rate,RMID,8,16,"[2, 3, 4]",3,2048,10000000,sparse,1,10000000,0.500879250087925,5008792,0.0036554100547625053,0.010923393978793286,0.0001220628658601397,8.344344702221017,0.012445998436305672,27.0621569998184,3.849137090023202,119.84164553195288,{},3.776370177637046,0,6,1.1510143362695495,16,2.0,2.0,2.0,0.0,8.0,{},4.4640045166015625,1751477037.6805923,2025-07-02T17:23:57.680652
false_positive_rate,RMID,8,16,"[2, 3, 4]",3,2048,10000000,low_entropy,1,10000000,0.99918079991808,9991807,0.0036554100547625053,0.010923393978793286,0.0001220628658601397,1.4081965165237484,0.004462999640963972,14.40969400027825,1.4738101983097198,710.128159149679,{},12.001207500120747,0,16,1.7322687838817648,16,10.503,4.0,14.0,1.7905281343782342,8.0,{},8.883463621139526,1751477046.6111977,2025-07-02T17:24:06.611253
false_positive_rate,RMID,8,16,"[2, 3, 4]",3,4096,10000000,random,1,10000000,0.0,0,0.0036554100547625053,0.010923393978793286,0.00024411083237696474,23.582600795864376,2.2691069989377866,187.35170299987658,11.497229039023214,42.40414399820428,{},15.937420693742117,0,16,0.2512065588220471,16,0.0,0.0,0.0,0.0,8.0,{},17.2990083694458,1751477063.9116154,2025-07-02T17:24:23.911680
false_positive_rate,RMID,8,16,"[2, 3, 4]",3,4096,10000000,sparse,1,10000000,0.99710969971097,9971096,0.0036554100547625053,0.010923393978793286,0.00024411083237696474,11.0176575304323,0.016649999452056363,35.11805700145487,5.411052239307511,90.76339478131909,{},3.776370177637046,0,6,1.1510143362695495,16,2.0,2.0,2.0,0.0,8.0,{},4.207066297531128,1751477068.12014,2025-07-02T17:24:28.120201
false_positive_rate,RMID,8,16,"[2, 3, 4]",3,4096,10000000,low_entropy,1,10000000,0.99987969998797,9998796,0.0036554100547625053,0.010923393978793286,0.00024411083237696474,1.4158322609599456,0.0046840013965265825,14.994207000199822,1.5008351413432575,706.2983572093434,{},12.001207500120747,0,16,1.7322687838817648,16,10.484,4.0,14.0,1.8541154225128487,8.0,{},8.70327091217041,1751477076.8250844,2025-07-02T17:24:36.825143
false_positive_rate,RMID,8,16,"[2, 3, 4]",3,8192,10000000,random,1,10000000,0.0008192000819200082,8192,0.0036554100547625053,0.010923393978793286,0.0004881620746554072,46.21296987260137,2.315990999704809,279.031242000201,16.437663443929633,21.638946874800997,{},15.937404193740447,0,16,0.2512484223645599,16,15.0,15.0,15.0,0.0,8.0,{},17.223869562149048,1751477094.0503216,2025-07-02T17:24:54.050375
false_positive_rate,RMID,8,16,"[2, 3, 4]",3,8192,10000000,sparse,1,10000000,0.99710969971097,9971096,0.0036554100547625053,0.010923393978793286,0.0004881620746554072,10.956489628996772,0.039581998862558976,27.92865799892752,5.32001018586931,91.27010875394446,{},3.776370177637046,0,6,1.1510143362695495,16,2.0,2.0,2.0,0.0,8.0,{},3.71793532371521,1751477097.8266346,2025-07-02T17:24:57.826680
false_positive_rate,RMID,8,16,"[2, 3, 4]",3,8192,10000000,low_entropy,1,10000000,1.0,9999999,0.0036554100547625053,0.010923393978793286,0.0004881620746554072,1.3856115464687508,0.008351000360562466,10.967729998810682,1.4274931883741424,721.7029928398858,{},12.001207500120747,0,16,1.7322687838817648,16,10.564,4.0,14.0,1.8269931581700025,8.0,{},8.837626457214355,1751477106.6655152,2025-07-02T17:25:06.665566
false_positive_rate,RMID,16,16,[2],1,2,10000000,random,1,10000000,3.4200003420000344e-05,342,4.283683657924811e-05,4.283683657924811e-05,3.0517345294356346e-05,0.0058047928141029955,0.0011029987945221364,6.577881000339403,0.022728883134644794,172271.4370735949,{},7.999844899984483,0,8,0.01828318647646661,8,7.0,7.0,7.0,0.0,16.0,{},17.23465633392334,1751477123.915887,2025-07-02T17:25:23.915939
false_positive_rate,RMID,16,16,[2],1,2,10000000,sparse,1,10000000,4.00000040000004e-06,40,4.283683657924811e-05,4.283683657924811e-05,3.0517345294356346e-05,0.005614813683205286,0.001082000380847603,2.8274870001041563,0.007911159014239727,178100.29974656925,{},3.777333177733306,0,6,1.1495904487197255,8,4.0,4.0,4.0,0.0,16.0,{},3.3461194038391113,1751477127.280341,2025-07-02T17:25:27.280398
false_positive_rate,RMID,16,16,[2],1,2,10000000,low_entropy,1,10000000,0.23420702342070235,2342070,4.283683657924811e-05,4.283683657924811e-05,3.0517345294356346e-05,0.005604750093085664,0.0010179992386838421,5.252372000541072,0.012198370292239856,178420.0871388818,{},12.001207500120747,0,16,1.7322687838817648,8,11.494,5.0,16.0,1.92404885592856,16.0,{},9.066082000732422,1751477136.3627691,2025-07-02T17:25:36.362820
false_positive_rate,RMID,16,16,[2],1,4,10000000,random,1,10000000,6.200000620000063e-05,620,4.283683657924811e-05,4.283683657924811e-05,6.103375928034893e-05,0.010719538402908457,0.0014500001270789653,8.988972998849931,0.03416133714096691,93287.59900040817,{},7.999855999985605,0,8,0.017977159457035766,8,7.0,7.0,7.0,0.0,16.0,{},17.23197913169861,1751477153.6543615,2025-07-02T17:25:53.654406
false_positive_rate,RMID,16,16,[2],1,4,10000000,sparse,1,10000000,8.00000080000008e-06,80,4.283683657924811e-05,4.283683657924811e-05,6.103375928034893e-05,0.010780604673717773,0.0026819998311111704,7.641895999768167,0.01810595068698462,92759.17541415071,{},3.777333177733306,0,6,1.1495904487197255,8,4.0,4.0,4.0,0.0,16.0,{},3.1879711151123047,1751477156.859508,2025-07-02T17:25:56.859564
false_positive_rate,RMID,16,16,[2],1,4,10000000,low_entropy,1,10000000,0.41340654134065413,4134065,4.283683657924811e-05,4.283683657924811e-05,6.103375928034893e-05,0.009099938597609289,0.0011259999155299738,8.995473999675596,0.015623228433292667,109890.8513803288,{},12.001207500120747,0,16,1.7322687838817648,8,11.444,6.0,16.0,1.95725930831865,16.0,{},8.625417947769165,1751477165.5035503,2025-07-02T17:26:05.503600
false_positive_rate,RMID,16,16,[2],1,8,10000000,random,1,10000000,0.0001296000129600013,1296,4.283683657924811e-05,4.283683657924811e-05,0.00012206379344092966,0.0200815392387362,0.002652001057867892,4.316673999710474,0.03761085906396869,49796.97960956371,{},7.999852399985236,0,8,0.018076979870169634,8,7.0,7.0,7.0,0.0,16.0,{},17.210336685180664,1751477182.7297611,2025-07-02T17:26:22.729818
false_positive_rate,RMID,16,16,[2],1,8,10000000,sparse,1,10000000,1.600000160000016e-05,160,4.283683657924811e-05,4.283683657924811e-05,0.00012206379344092966,0.020910265384273517,0.003224999090889469,10.467991998666548,0.022706315684861967,47823.40068969636,{},3.777333177733306,0,6,1.1495904487197255,8,4.0,4.0,4.0,0.0,16.0,{},3.0559754371643066,1751477185.8025746,2025-07-02T17:26:25.802628
false_positive_rate,RMID,16,16,[2],1,8,10000000,low_entropy,1,10000000,0.6560133656013366,6560133,4.283683657924811e-05,4.283683657924811e-05,0.00012206379344092966,0.013703783486226346,0.001124000846175477,6.13943100142933,0.016789260967816667,72972.54812914248,{},12.001207500120747,0,16,1.7322687838817648,8,11.437,5.0,16.0,1.9462864640129418,16.0,{},8.181877851486206,1751477194.051432,2025-07-02T17:26:34.051489
false_positive_rate,RMID,16,16,[2],1,16,10000000,random,1,10000000,0.00022080002208000221,2208,4.283683657924811e-05,4.283683657924811e-05,0.00024411268731217017,0.03944090733559298,0.001607999365660362,12.383613000565674,0.08168843833531843,25354.386284555927,{},7.999853999985415,0,8,0.018032683548068675,8,7.0,7.0,7.0,0.0,16.0,{},17.18919849395752,1751477211.2574873,2025-07-02T17:26:51.257546
false_positive_rate,RMID,16,16,[2],1,16,10000000,sparse,1,10000000,3.200000320000032e-05,320,4.283683657924811e-05,4.283683657924811e-05,0.00024411268731217017,0.04104214923247628,0.002414000846329145,5.637436999677448,0.027511897556573763,24365.195748781818,{},3.777333177733306,0,6,1.1495904487197255,8,4.0,4.0,4.0,0.0,16.0,{},2.9942150115966797,1751477214.2683804,2025-07-02T17:26:54.268438
false_positive_rate,RMID,16,16,[2],1,16,10000000,low_entropy,1,10000000,0.8813633881363389,8813633,4.283683657924811e-05,4.283683657924811e-05,0.00024411268731217017,0.018280853180152816,0.0010539988579694182,5.402721000791644,0.023065140868458466,54702.04208442971,{},12.001207500120747,0,16,1.7322687838817648,8,11.462,5.0,16.0,1.8440596519635692,16.0,{},8.189061403274536,1751477222.4742994,2025-07-02T17:27:02.474350
false_positive_rate,RMID,16,16,[2],1,32,10000000,random,1,10000000,0.000499200049920005,4992,4.283683657924811e-05,4.283683657924811e-05,0.0004881657836202091,0.07591966733261035,0.002710999979171902,6.780829000490485,0.10286040142305121,13171.817463568657,{},7.999857799985787,0,8,0.017927040550003832,8,7.0,7.0,7.0,0.0,16.0,{},17.166170120239258,1751477239.655485,2025-07-02T17:27:19.655544
false_positive_rate,RMID,16,16,[2],1,32,10000000,sparse,1,10000000,6.400000640000064e-05,640,4.283683657924811e-05,4.283683657924811e-05,0.0004881657836202091,0.08222841463652339,0.018439000996295363,6.465840999226202,0.05112501932048776,12161.246260435988,{},3.777333177733306,0,6,1.1495904487197255,8,4.0,4.0,4.0,0.0,16.0,{},2.997882127761841,1751477242.720401,2025-07-02T17:27:22.720451
false_positive_rate,RMID,16,16,[2],1,32,10000000,low_entropy,1,10000000,0.9861332986133299,9861332,4.283683657924811e-05,4.283683657924811e-05,0.0004881657836202091,0.020659273250828586,0.0011709998943842947,8.579348999774083,0.03615796671362124,48404.41325591609,{},12.001207500120747,0,16,1.7322687838817648,8,11.519,5.0,16.0,1.9374310310305243,16.0,{},7.8241188526153564,1751477250.5601118,2025-07-02T17:27:30.560154
false_positive_rate,RMID,16,16,[2],1,64,10000000,random,1,10000000,0.0010624001062400107,10624,4.283683657924811e-05,4.283683657924811e-05,0.0009760932614082396,0.1520161411835935,0.0036879991966998205,8.060782000029576,0.18052098983337594,6578.248811040903,{},7.999855699985568,0,8,0.01798549901235274,8,7.0,7.0,7.0,0.0,16.0,{},17.067802667617798,1751477267.6435378,2025-07-02T17:27:47.643593
false_positive_rate,RMID,16,16,[2],1,64,10000000,sparse,1,10000000,0.0001280000128000013,1280,4.283683657924811e-05,4.283683657924811e-05,0.0009760932614082396,0.16251503757785227,0.03547400046954863,5.753737999839359,0.06723438255861168,6153.276736135593,{},3.777333177733306,0,6,1.1495904487197255,8,4.0,4.0,4.0,0.0,16.0,{},2.982694149017334,1751477270.6444273,2025-07-02T17:27:50.644481
false_positive_rate,RMID,16,16,[2],1,64,10000000,low_entropy,1,10000000,0.99982079998208,9998207,4.283683657924811e-05,4.283683657924811e-05,0.0009760932614082396,0.021244800431457527,0.0013389999367063865,4.332284001066,0.03279409579396587,47070.34096301905,{},12.001207500120747,0,16,1.7322687838817648,8,11.5,5.0,16.0,1.7703107071923843,16.0,{},7.941863775253296,1751477278.6073937,2025-07-02T17:27:58.607447
false_positive_rate,RMID,16,16,[2],1,128,10000000,random,1,10000000,0.0016768001676800168,16768,4.283683657924811e-05,4.283683657924811e-05,0.001951233764761473,0.2989310531340346,0.005449999662232585,13.690088999283034,0.34793559921639783,3345.2529923400775,{},7.9998559999856,0,8,0.01797715945702347,8,7.0,7.0,7.0,0.0,16.0,{},16.840205907821655,1751477295.5107408,2025-07-02T17:28:15.510787
false_positive_rate,RMID,16,16,[2],1,128,10000000,sparse,1,10000000,0.0002560000256000026,2560,4.283683657924811e-05,4.283683657924811e-05,0.001951233764761473,0.31736376884757106,0.019974000679212622,4.845435001698206,0.08819799476990624,3150.958295054459,{},3.777333177733306,0,6,1.1495904487197255,8,4.0,4.0,4.0,0.0,16.0,{},2.919904947280884,1751477298.448259,2025-07-02T17:28:18.448320
false_positive_rate,RMID,16,16,[2],1,128,10000000,low_entropy,1,10000000,0.99999489999949,9999948,4.283683657924811e-05,4.283683657924811e-05,0.001951233764761473,0.02149332944663151,0.001514999894425273,4.050978999657673,0.030726346529517203,46526.06300401367,{},12.001207500120747,0,16,1.7322687838817648,8,11.402,5.0,16.0,1.9995989597916877,16.0,{},7.837327241897583,1751477306.3028393,2025-07-02T17:28:26.302908
false_positive_rate,RMID,16,16,[2],1,256,10000000,random,1,10000000,0.003883500388350039,38835,4.283683657924811e-05,4.283683657924811e-05,0.0038986602163182393,0.6169724540588696,0.004012999852420762,19.410920000154874,0.6574492085118744,1620.8179043023906,{},7.999853399985328,0,8,0.018049307425091105,8,7.0,7.0,7.0,0.0,16.0,{},16.931162118911743,1751477323.250643,2025-07-02T17:28:43.250695
false_positive_rate,RMID,16,16,[2],1,256,10000000,sparse,1,10000000,0.0005120000512000051,5120,4.283683657924811e-05,4.283683657924811e-05,0.0038986602163182393,0.6418599583525136,0.061362999986158684,8.363471999473404,0.19657731364581083,1557.9722445480757,{},3.777333177733306,0,6,1.1495904487197255,8,4.0,4.0,4.0,0.0,16.0,{},2.9880707263946533,1751477326.2570996,2025-07-02T17:28:46.257155
false_positive_rate,RMID,16,16,[2],1,256,10000000,low_entropy,1,10000000,1.0,9999999,4.283683657924811e-05,4.283683657924811e-05,0.0038986602163182393,0.02197823433452324,0.0020919997041346505,2.029193001362728,0.028788538605039247,45499.56037320103,{},12.001207500120747,0,16,1.7322687838817648,8,11.558,5.0,16.0,1.9719624742879869,16.0,{},7.951508283615112,1751477334.2860017,2025-07-02T17:28:54.286054
false_positive_rate,RMID,16,16,[2],1,512,10000000,random,1,10000000,0.006656000665600067,66560,4.283683657924811e-05,4.283683657924811e-05,0.007782120881154042,1.2217137640148412,0.012025999239995144,29.023389999565552,1.0937170079494476,818.5223326892568,{},7.999861299986124,0,8,0.0178291832925322,8,7.0,7.0,7.0,0.0,16.0,{},16.946112632751465,1751477351.2477195,2025-07-02T17:29:11.247840
false_positive_rate,RMID,16,16,[2],1,512,10000000,sparse,1,10000000,0.0010240001024000103,10240,4.283683657924811e-05,4.283683657924811e-05,0.007782120881154042,1.2913869820563757,0.05296000017551705,16.384779999498278,0.477421512102216,774.3612208384062,{},3.777333177733306,0,6,1.1495904487197255,8,4.0,4.0,4.0,0.0,16.0,{},3.0339527130126953,1751477354.2987976,2025-07-02T17:29:14.298861
false_positive_rate,RMID,16,16,[2],1,512,10000000,low_entropy,1,10000000,1.0,9999999,4.283683657924811e-05,4.283683657924811e-05,0.007782120881154042,0.0234599139673626,0.0018949995137518272,3.2422610001958674,0.03852250280072267,42625.90226849078,{},12.001207500120747,0,16,1.7322687838817648,8,11.564,5.0,16.0,1.9151772763898385,16.0,{},8.112447261810303,1751477362.4282503,2025-07-02T17:29:22.428346
false_positive_rate,RMID,16,16,[2],1,1024,10000000,random,1,10000000,0.017510401751040176,175104,4.283683657924811e-05,4.283683657924811e-05,0.015503680356899308,2.506857846422573,0.015367000742116943,47.66999799903715,2.030241957406863,398.9057462620213,{},7.99985259998527,0,8,0.0180714487755196,8,7.0,7.0,7.0,0.0,16.0,{},16.952956914901733,1751477379.3981855,2025-07-02T17:29:39.398254
false_positive_rate,RMID,16,16,[2],1,1024,10000000,sparse,1,10000000,0.0020480002048000206,20480,4.283683657924811e-05,4.283683657924811e-05,0.015503680356899308,2.5724251388920845,0.06376700002874713,9.17298700005631,0.5366665377343952,388.7382318269091,{},3.777333177733306,0,6,1.1495904487197255,8,4.0,4.0,4.0,0.0,16.0,{},3.0822384357452393,1751477382.552954,2025-07-02T17:29:42.553007
false_positive_rate,RMID,16,16,[2],1,1024,10000000,low_entropy,1,10000000,1.0,9999999,4.283683657924811e-05,4.283683657924811e-05,0.015503680356899308,0.024407779822317906,0.0023150005290517583,2.4493490000168094,0.046594891321336304,40970.543297249154,{},12.001207500120747,0,16,1.7322687838817648,8,11.569,6.0,16.0,1.8086566838402471,16.0,{},8.429953336715698,1751477390.9998865,2025-07-02T17:29:50.999944
false_positive_rate,RMID,16,16,[2],1,2048,10000000,random,1,10000000,0.03186430318643032,318643,4.283683657924811e-05,4.283683657924811e-05,0.03076699660918969,5.481654237557221,0.02729299922066275,52.36558199976571,3.439270248787912,182.4266830163349,{},7.999860399986059,0,8,0.0178543978789308,8,7.0,7.0,7.0,0.0,16.0,{},16.92354941368103,1751477407.9413755,2025-07-02T17:30:07.941442
false_positive_rate,RMID,16,16,[2],1,2048,10000000,sparse,1,10000000,0.004096000409600041,40960,4.283683657924811e-05,4.283683657924811e-05,0.03076699660918969,5.173402281667041,0.058494000768405385,10.843441001270548,1.095065372963205,193.2963928870745,{},3.777333177733306,0,6,1.1495904487197255,8,4.0,4.0,4.0,0.0,16.0,{},3.0926995277404785,1751477411.0504525,2025-07-02T17:30:11.050524
false_positive_rate,RMID,16,16,[2],1,2048,10000000,low_entropy,1,10000000,1.0,9999999,4.283683657924811e-05,4.283683657924811e-05,0.03076699660918969,0.024483211193886616,0.002309001501998864,1.2074130008841166,0.027959347320352886,40844.3153996767,{},12.001207500120747,0,16,1.7322687838817648,8,11.513,6.0,16.0,1.788248025302978,16.0,{},8.12886118888855,1751477419.1964066,2025-07-02T17:30:19.196462
false_positive_rate,RMID,16,16,[2],1,4096,10000000,random,1,10000000,0.06647550664755067,664755,4.283683657924811e-05,4.283683657924811e-05,0.060587385138029415,10.999555960620897,0.29268900107126683,107.26185999919835,5.425747881993754,90.9127608041691,{},7.999852099985213,0,8,0.01808527333623994,8,7.0,7.0,7.0,0.0,16.0,{},17.000409364700317,1751477436.2617168,2025-07-02T17:30:36.261764
false_positive_rate,RMID,16,16,[2],1,4096,10000000,sparse,1,10000000,0.008192000819200082,81920,4.283683657924811e-05,4.283683657924811e-05,0.060587385138029415,10.224782336866735,1.163550999990548,21.080404998429003,2.1964827904299553,97.8015929389885,{},3.777333177733306,0,6,1.1495904487197255,8,4.0,4.0,4.0,0.0,16.0,{},3.081252098083496,1751477439.3613837,2025-07-02T17:30:39.361448
false_positive_rate,RMID,16,16,[2],1,4096,10000000,low_entropy,1,10000000,1.0,9999999,4.283683657924811e-05,4.283683657924811e-05,0.060587385138029415,0.024456242266302518,0.0027749993023462594,0.9387619993503904,0.02797407182109932,40889.356145194404,{},12.001207500120747,0,16,1.7322687838817648,8,11.56,5.0,16.0,1.867190402717409,16.0,{},7.952236652374268,1751477447.3341007,2025-07-02T17:30:47.334157
false_positive_rate,RMID,16,16,[2],1,8192,10000000,random,1,10000000,0.12615681261568126,1261568,4.283683657924811e-05,4.283683657924811e-05,0.117503939038195,20.088806697929275,0.10273399857396726,285.68098899995675,15.745861607863535,49.77896472581811,{},7.999850199985023,0,8,0.018137710443387325,8,7.0,7.0,7.0,0.0,16.0,{},16.94677734375,1751477464.2975726,2025-07-02T17:31:04.297627
false_positive_rate,RMID,16,16,[2],1,8192,10000000,sparse,1,10000000,0.016384001638400165,163840,4.283683657924811e-05,4.283683657924811e-05,0.117503939038195,20.283397760388254,1.2633919996005716,47.390374000315205,5.060415644883398,49.30140461737208,{},3.777333177733306,0,6,1.1495904487197255,8,4.0,4.0,4.0,0.0,16.0,{},3.069972515106201,1751477467.3848863,2025-07-02T17:31:07.384950
false_positive_rate,RMID,16,16,[2],1,8192,10000000,low_entropy,1,10000000,1.0,9999999,4.283683657924811e-05,4.283683657924811e-05,0.117503939038195,0.025096425474657735,0.002958000550279394,0.4315859987400472,0.023858278491081613,39846.31201801212,{},12.001207500120747,0,16,1.7322687838817648,8,11.593,5.0,16.0,1.8966683948439698,16.0,{},7.906058073043823,1751477475.3588676,2025-07-02T17:31:15.358918
false_positive_rate,RMID,16,16,"[2, 3]",2,2,10000000,random,1,10000000,2.7800002780000278e-05,278,2.1418418289624055e-05,4.283618295096822e-05,4.656612873077393e-10,0.008514457787068365,0.00159599949256517,6.731774999934714,0.02155992920638909,117447.29083263359,{},7.9998570999857055,0,8,0.017946547889283567,8,7.0,7.0,7.0,0.0,16.0,{},17.00858473777771,1751477492.386517,2025-07-02T17:31:32.386565
false_positive_rate,RMID,16,16,"[2, 3]",2,2,10000000,sparse,1,10000000,4.00000040000004e-06,40,2.1418418289624055e-05,4.283618295096822e-05,4.656612873077393e-10,0.008648756010059336,0.0017450001905672252,8.61363399963011,0.01574698519311947,115623.5646880203,{},3.777333177733306,0,6,1.1495904487197255,8,4.0,4.0,4.0,0.0,16.0,{},4.39616847038269,1751477496.8007863,2025-07-02T17:31:36.800851
false_positive_rate,RMID,16,16,"[2, 3]",2,2,10000000,low_entropy,1,10000000,0.23425132342513233,2342513,2.1418418289624055e-05,4.283618295096822e-05,4.656612873077393e-10,0.008421235806570922,0.0016520007193321362,9.974298998713493,0.012008926605414628,118747.41700258767,{},12.001207500120747,0,16,1.7322687838817648,8,11.529,6.0,16.0,1.8876331741098427,16.0,{},10.259697914123535,1751477507.0770462,2025-07-02T17:31:47.077099
false_positive_rate,RMID,16,16,"[2, 3]",2,4,10000000,random,1,10000000,6.360000636000063e-05,636,2.1418418289624055e-05,4.283618295096822e-05,9.313225746154785e-10,0.015878442911070708,0.0031059989851200953,8.172662001015851,0.03121180092431977,62978.46744801304,{},7.999859999986019,0,8,0.017865592924378462,8,7.0,7.0,7.0,0.0,16.0,{},16.95270609855652,1751477524.0460505,2025-07-02T17:32:04.046107
false_positive_rate,RMID,16,16,"[2, 3]",2,4,10000000,sparse,1,10000000,8.00000080000008e-06,80,2.1418418289624055e-05,4.283618295096822e-05,9.313225746154785e-10,0.01703051768233572,0.004261999492882751,5.265650999717764,0.032858272233979365,58718.12111954843,{},3.777333177733306,0,6,1.1495904487197255,8,4.0,4.0,4.0,0.0,16.0,{},4.392912864685059,1751477528.5032423,2025-07-02T17:32:08.503303
false_positive_rate,RMID,16,16,"[2, 3]",2,4,10000000,low_entropy,1,10000000,0.4137040413704041,4137040,2.1418418289624055e-05,4.283618295096822e-05,9.313225746154785e-10,0.014031216617601391,0.0016040012269513682,4.233204999763984,0.016602157429543088,71269.65731150888,{},12.001207500120747,0,16,1.7322687838817648,8,11.516,5.0,16.0,1.9828625771848134,16.0,{},9.909652709960938,1751477538.4286094,2025-07-02T17:32:18.428660
false_positive_rate,RMID,16,16,"[2, 3]",2,8,10000000,random,1,10000000,0.00012560001256000126,1256,2.1418418289624055e-05,4.283618295096822e-05,1.862645149230957e-09,0.030553431737464214,0.002288999894517474,7.023165999271441,0.04367517349991102,32729.547652541212,{},7.999852199985227,0,8,0.01808250927073944,8,7.0,7.0,7.0,0.0,16.0,{},16.938815116882324,1751477555.3831484,2025-07-02T17:32:35.383198
false_positive_rate,RMID,16,16,"[2, 3]",2,8,10000000,sparse,1,10000000,1.600000160000016e-05,160,2.1418418289624055e-05,4.283618295096822e-05,1.862645149230957e-09,0.032796633799490306,0.004700999852502719,6.291638999755378,0.02643105131091057,30490.93410359514,{},3.777333177733306,0,6,1.1495904487197255,8,4.0,4.0,4.0,0.0,16.0,{},4.119164228439331,1751477559.520313,2025-07-02T17:32:39.520366
false_positive_rate,RMID,16,16,"[2, 3]",2,8,10000000,low_entropy,1,10000000,0.6569381656938166,6569381,2.1418418289624055e-05,4.283618295096822e-05,1.862645149230957e-09,0.021746699813716828,0.001788999725249596,10.648097999364836,0.026233467828020045,45983.98876914857,{},12.001207500120747,0,16,1.7322687838817648,8,11.455,5.0,16.0,1.9110141286761853,16.0,{},9.438305139541626,1751477568.974354,2025-07-02T17:32:48.974405
false_positive_rate,RMID,16,16,"[2, 3]",2,16,10000000,random,1,10000000,0.00026720002672000266,2672,2.1418418289624055e-05,4.283618295096822e-05,3.725290298461914e-09,0.059472732745715,0.0022449985408456996,7.531682000262663,0.06998746672153701,16814.42829061945,{},7.999851199985141,0,8,0.018110130916898556,8,7.0,7.0,7.0,0.0,16.0,{},16.817280769348145,1751477585.857205,2025-07-02T17:33:05.857259
false_positive_rate,RMID,16,16,"[2, 3]",2,16,10000000,sparse,1,10000000,3.200000320000032e-05,320,2.1418418289624055e-05,4.283618295096822e-05,3.725290298461914e-09,0.0666846537992003,0.0045360011426964775,8.084532000793843,0.05411388539444866,14995.953986822562,{},3.777333177733306,0,6,1.1495904487197255,8,4.0,4.0,4.0,0.0,16.0,{},4.1743690967559814,1751477590.049626,2025-07-02T17:33:10.049687
false_positive_rate,RMID,16,16,"[2, 3]",2,16,10000000,low_entropy,1,10000000,0.8820405882040588,8820405,2.1418418289624055e-05,4.283618295096822e-05,3.725290298461914e-09,0.028753035307118254,0.001868000254034996,4.5407879988488276,0.03153460749632859,34778.936878098386,{},12.001207500120747,0,16,1.7322687838817648,8,11.436,5.0,16.0,1.854697819053012,16.0,{},9.075252294540405,1751477599.14107,2025-07-02T17:33:19.141121
false_positive_rate,RMID,16,16,"[2, 3]",2,32,10000000,random,1,10000000,0.0005152000515200051,5152,2.1418418289624055e-05,4.283618295096822e-05,7.450580596923828e-09,0.11925911112728577,0.003803999788942747,7.9747030013095355,0.12466486262194336,8385.103582842368,{},7.999850599985078,0,8,0.018126683674861442,8,7.0,7.0,7.0,0.0,16.0,{},16.880255937576294,1751477616.0382223,2025-07-02T17:33:36.038276
false_positive_rate,RMID,16,16,"[2, 3]",2,32,10000000,sparse,1,10000000,6.400000640000064e-05,640,2.1418418289624055e-05,4.283618295096822e-05,7.450580596923828e-09,0.12939570863169814,0.029528000595746562,4.173602999799186,0.05449200899146495,7728.231566367645,{},3.777333177733306,0,6,1.1495904487197255,8,4.0,4.0,4.0,0.0,16.0,{},4.00113582611084,1751477620.055189,2025-07-02T17:33:40.055245
false_positive_rate,RMID,16,16,"[2, 3]",2,32,10000000,low_entropy,1,10000000,0.9862752986275298,9862752,2.1418418289624055e-05,4.283618295096822e-05,7.450580596923828e-09,0.03225552514996813,0.0017359998309984803,9.012739999889163,0.04483194699743392,31002.440522999455,{},12.001207500120747,0,16,1.7322687838817648,8,11.41,5.0,16.0,1.9104711460788935,16.0,{},8.736271381378174,1751477628.8591769,2025-07-02T17:33:48.859222
false_positive_rate,RMID,16,16,"[2, 3]",2,64,10000000,random,1,10000000,0.0008576000857600086,8576,2.1418418289624055e-05,4.283618295096822e-05,1.4901161082825354e-08,0.23812343138588138,0.006263000614126213,15.511327001149766,0.23981578222113278,4199.502729235789,{},7.999855899985577,0,8,0.017979939739147882,8,7.0,7.0,7.0,0.0,16.0,{},16.776963233947754,1751477645.6509035,2025-07-02T17:34:05.650959
false_positive_rate,RMID,16,16,"[2, 3]",2,64,10000000,sparse,1,10000000,0.0001280000128000013,1280,2.1418418289624055e-05,4.283618295096822e-05,1.4901161082825354e-08,0.26087913052600226,0.031071000194060616,10.309870000128285,0.1257847742328559,3833.192781590969,{},3.777333177733306,0,6,1.1495904487197255,8,4.0,4.0,4.0,0.0,16.0,{},3.986768960952759,1751477649.6546853,2025-07-02T17:34:09.654742
false_positive_rate,RMID,16,16,"[2, 3]",2,64,10000000,low_entropy,1,10000000,0.99982719998272,9998271,2.1418418289624055e-05,4.283618295096822e-05,1.4901161082825354e-08,0.03336620683816289,0.0019870003598043695,5.657678999341442,0.04943767928440664,29970.442994923873,{},12.001207500120747,0,16,1.7322687838817648,8,11.472,4.0,16.0,1.8615090652478703,16.0,{},8.688887596130371,1751477658.3601167,2025-07-02T17:34:18.360174
false_positive_rate,RMID,16,16,"[2, 3]",2,128,10000000,random,1,10000000,0.0017792001779200178,17792,2.1418418289624055e-05,4.283618295096822e-05,2.9802321943606103e-08,0.4681259711687835,0.0040859995351638645,12.293780000618426,0.41679675848382736,2136.1771437360576,{},7.999852699985282,0,8,0.01806868259242959,8,7.0,7.0,7.0,0.0,16.0,{},16.819969654083252,1751477675.1969116,2025-07-02T17:34:35.196962
false_positive_rate,RMID,16,16,"[2, 3]",2,128,10000000,sparse,1,10000000,0.0002560000256000026,2560,2.1418418289624055e-05,4.283618295096822e-05,2.9802321943606103e-08,0.514310604630137,0.06518200098071247,5.874249000044074,0.13138636527178496,1944.350341986713,{},3.777333177733306,0,6,1.1495904487197255,8,4.0,4.0,4.0,0.0,16.0,{},3.968207359313965,1751477679.2273998,2025-07-02T17:34:39.227448
false_positive_rate,RMID,16,16,"[2, 3]",2,128,10000000,low_entropy,1,10000000,1.0,9999999,2.1418418289624055e-05,4.283618295096822e-05,2.9802321943606103e-08,0.03274059587193922,0.002152000888600014,1.9735019996005576,0.034452993982112934,30543.121570278563,{},12.001207500120747,0,16,1.7322687838817648,8,11.464,5.0,16.0,1.9340899668836504,16.0,{},8.341758728027344,1751477687.5870512,2025-07-02T17:34:47.587106
false_positive_rate,RMID,16,16,"[2, 3]",2,256,10000000,random,1,10000000,0.0033536003353600336,33536,2.1418418289624055e-05,4.283618295096822e-05,5.9604642999033786e-08,0.9447920806968052,0.010371999451308511,17.43891800106212,0.7857472432064441,1058.4339352870927,{},7.999849699984994,0,8,0.018151484471776662,8,7.0,7.0,7.0,0.0,16.0,{},16.834405422210693,1751477704.43725,2025-07-02T17:35:04.437303
false_positive_rate,RMID,16,16,"[2, 3]",2,256,10000000,sparse,1,10000000,0.0005120000512000051,5120,2.1418418289624055e-05,4.283618295096822e-05,5.9604642999033786e-08,1.0179988722848048,0.0644390001980355,8.180585000445717,0.19849997255561921,982.3193593089077,{},3.777333177733306,0,6,1.1495904487197255,8,4.0,4.0,4.0,0.0,16.0,{},3.9695444107055664,1751477708.422176,2025-07-02T17:35:08.422225
false_positive_rate,RMID,16,16,"[2, 3]",2,256,10000000,low_entropy,1,10000000,1.0,9999999,2.1418418289624055e-05,4.283618295096822e-05,5.9604642999033786e-08,0.03345187590680925,0.0027400001272326335,7.056150001517381,0.05168166315742689,29893.68975258115,{},12.001207500120747,0,16,1.7322687838817648,8,11.514,5.0,16.0,1.841685097946986,16.0,{},8.38208293914795,1751477716.8198879,2025-07-02T17:35:16.819949
false_positive_rate,RMID,16,16,"[2, 3]",2,512,10000000,random,1,10000000,0.0077824007782400775,77824,2.1418418289624055e-05,4.283618295096822e-05,1.1920928244535389e-07,1.9257295408052442,0.010931000360869803,30.85735599961481,1.496458870674464,519.2837201748745,{},7.999847499984764,0,8,0.018211966273608222,8,7.0,7.0,7.0,0.0,16.0,{},16.80107808113098,1751477733.694897,2025-07-02T17:35:33.694947
false_positive_rate,RMID,16,16,"[2, 3]",2,512,10000000,sparse,1,10000000,0.0010240001024000103,10240,2.1418418289624055e-05,4.283618295096822e-05,1.1920928244535389e-07,2.0407719261523476,0.06614399899262935,13.639724000313436,0.4228968180906509,490.01066076275885,{},3.777333177733306,0,6,1.1495904487197255,8,4.0,4.0,4.0,0.0,16.0,{},3.9122085571289062,1751477737.6244514,2025-07-02T17:35:37.624510
false_positive_rate,RMID,16,16,"[2, 3]",2,512,10000000,low_entropy,1,10000000,1.0,9999999,2.1418418289624055e-05,4.283618295096822e-05,1.1920928244535389e-07,0.033803669345482845,0.002589998985058628,2.2340689993143314,0.039184497718851546,29582.587315587654,{},12.001207500120747,0,16,1.7322687838817648,8,11.539,5.0,16.0,1.961754062057729,16.0,{},8.282364130020142,1751477745.9230351,2025-07-02T17:35:45.923092
false_positive_rate,RMID,16,16,"[2, 3]",2,1024,10000000,random,1,10000000,0.017612801761280175,176128,2.1418418289624055e-05,4.283618295096822e-05,2.3841855067985307e-07,3.9046266112110266,0.011422000170568936,69.34097299927089,3.0877143311997073,256.10643464058353,{},7.999853799985365,0,8,0.01803822654490453,8,7.0,7.0,7.0,0.0,16.0,{},16.88136076927185,1751477762.822079,2025-07-02T17:36:02.822131
false_positive_rate,RMID,16,16,"[2, 3]",2,1024,10000000,sparse,1,10000000,0.0020480002048000206,20480,2.1418418289624055e-05,4.283618295096822e-05,2.3841855067985307e-07,4.115096158189026,0.10389199997007381,15.396451999549754,0.8250082537633303,243.00768719826968,{},3.777333177733306,0,6,1.1495904487197255,8,4.0,4.0,4.0,0.0,16.0,{},4.0770416259765625,1751477766.9149008,2025-07-02T17:36:06.914962
false_positive_rate,RMID,16,16,"[2, 3]",2,1024,10000000,low_entropy,1,10000000,1.0,9999999,2.1418418289624055e-05,4.283618295096822e-05,2.3841855067985307e-07,0.03512519311160301,0.0029030015866737813,1.3293280007928843,0.035059629256722985,28469.59436842689,{},12.001207500120747,0,16,1.7322687838817648,8,11.534,6.0,16.0,1.8996957651160882,16.0,{},8.509667873382568,1751477775.492121,2025-07-02T17:36:15.492171
false_positive_rate,RMID,16,16,"[2, 3]",2,2048,10000000,random,1,10000000,0.03379200337920034,337920,2.1418418289624055e-05,4.283618295096822e-05,4.768370446273096e-07,8.061664648068719,0.033881000490509905,121.97265199938556,5.364546425474456,124.04385987943117,{},7.99985439998545,0,8,0.018021592433098674,8,7.0,7.0,7.0,0.0,16.0,{},16.920382261276245,1751477792.4284945,2025-07-02T17:36:32.428556
false_positive_rate,RMID,16,16,"[2, 3]",2,2048,10000000,sparse,1,10000000,0.004096000409600041,40960,2.1418418289624055e-05,4.283618295096822e-05,4.768370446273096e-07,8.19550831308781,0.18312199972569942,23.13252400017518,1.5975090849068174,122.01805694017183,{},3.777333177733306,0,6,1.1495904487197255,8,4.0,4.0,4.0,0.0,16.0,{},4.045317888259888,1751477796.4892056,2025-07-02T17:36:36.489263
false_positive_rate,RMID,16,16,"[2, 3]",2,2048,10000000,low_entropy,1,10000000,1.0,9999999,2.1418418289624055e-05,4.283618295096822e-05,4.768370446273096e-07,0.03512330189204732,0.0032010011636884883,1.1712190007528989,0.035086062628835166,28471.12731808457,{},12.001207500120747,0,16,1.7322687838817648,8,11.517,5.0,16.0,1.8957085746495952,16.0,{},8.401707410812378,1751477804.9101958,2025-07-02T17:36:44.910257
false_positive_rate,RMID,16,16,"[2, 3]",2,4096,10000000,random,1,10000000,0.05840380584038058,584038,2.1418418289624055e-05,4.283618295096822e-05,9.536738617699214e-07,16.311855390437234,0.3125219991488848,252.40487100018072,12.10669751632221,61.30510454293546,{},7.999851599985166,0,8,0.018099087323589218,8,7.0,7.0,7.0,0.0,16.0,{},16.867947578430176,1751477821.7943542,2025-07-02T17:37:01.794408
false_positive_rate,RMID,16,16,"[2, 3]",2,4096,10000000,sparse,1,10000000,0.008192000819200082,81920,2.1418418289624055e-05,4.283618295096822e-05,9.536738617699214e-07,16.425535245927424,1.8031420004263055,41.23995099871536,3.263216121708679,60.880816669151876,{},3.777333177733306,0,6,1.1495904487197255,8,4.0,4.0,4.0,0.0,16.0,{},4.1376707553863525,1751477825.9962127,2025-07-02T17:37:05.996267
false_positive_rate,RMID,16,16,"[2, 3]",2,4096,10000000,low_entropy,1,10000000,1.0,9999999,2.1418418289624055e-05,4.283618295096822e-05,9.536738617699214e-07,0.03546181286774063,0.0033750002330634743,0.25919799918483477,0.03098417599838572,28199.347950135205,{},12.001207500120747,0,16,1.7322687838817648,8,11.514,5.0,16.0,1.9088750613908705,16.0,{},8.421006441116333,1751477834.433717,2025-07-02T17:37:14.433771
false_positive_rate,RMID,16,16,"[2, 3]",2,8192,10000000,random,1,10000000,0.12709631270963126,1270963,2.1418418289624055e-05,4.283618295096822e-05,1.907346814045141e-06,30.841674298847884,0.170192999576102,195.1673359999404,16.934882824950815,32.423661254906506,{},7.99985339998534,0,8,0.01804930742509417,8,7.0,7.0,7.0,0.0,16.0,{},16.921942710876465,1751477851.372143,2025-07-02T17:37:31.372204
false_positive_rate,RMID,16,16,"[2, 3]",2,8192,10000000,sparse,1,10000000,0.016384001638400165,163840,2.1418418289624055e-05,4.283618295096822e-05,1.907346814045141e-06,32.458950639406154,1.9735870009753853,54.6269750011561,7.584560222537077,30.808143217851583,{},3.777333177733306,0,6,1.1495904487197255,8,4.0,4.0,4.0,0.0,16.0,{},4.188717365264893,1751477855.5764832,2025-07-02T17:37:35.576536
false_positive_rate,RMID,16,16,"[2, 3]",2,8192,10000000,low_entropy,1,10000000,1.0,9999999,2.1418418289624055e-05,4.283618295096822e-05,1.907346814045141e-06,0.03525082772098241,0.004243998773745261,0.2276150007674005,0.0289083546988798,28368.128201561867,{},12.001207500120747,0,16,1.7322687838817648,8,11.547,6.0,16.0,1.8952021000410482,16.0,{},8.527589559555054,1751477864.1219096,2025-07-02T17:37:44.121958
false_positive_rate,RMID,16,16,"[2, 3, 4]",3,2,10000000,random,1,10000000,3.220000322000032e-05,322,1.4278945526416036e-05,4.283618294099479e-05,7.105427357601002e-15,0.011034734031960458,0.002041999323409982,8.192020999558736,0.02181482984984843,90622.93636653584,{},7.999851099985135,0,8,0.01811289076173921,8,7.0,7.0,7.0,0.0,16.0,{},17.137748956680298,1751477881.3240225,2025-07-02T17:38:01.324070
false_positive_rate,RMID,16,16,"[2, 3, 4]",3,2,10000000,sparse,1,10000000,0.0,0,1.4278945526416036e-05,4.283618294099479e-05,7.105427357601002e-15,0.011581550276837887,0.002405999111942947,10.143946999960463,0.015851069407921664,86344.2264719875,{},3.777333177733306,0,6,1.1495904487197255,8,0.0,0.0,0.0,0.0,16.0,{},5.352525949478149,1751477886.6921299,2025-07-02T17:38:06.692184
false_positive_rate,RMID,16,16,"[2, 3, 4]",3,2,10000000,low_entropy,1,10000000,0.03092560309256031,309256,1.4278945526416036e-05,4.283618294099479e-05,7.105427357601002e-15,0.011681037521842028,0.0023040011001285166,8.910016000299947,0.01607236411105841,85608.8338155005,{},12.001207500120747,0,16,1.7322687838817648,8,9.823,5.0,13.0,1.5822992763696757,16.0,{},11.483970642089844,1751477898.1916363,2025-07-02T17:38:18.191681
false_positive_rate,RMID,16,16,"[2, 3, 4]",3,4,10000000,random,1,10000000,5.280000528000053e-05,528,1.4278945526416036e-05,4.283618294099479e-05,1.4210854715202004e-14,0.02152122962881921,0.0030739993235329166,7.631166001374368,0.03816285345489736,46465.74648601369,{},7.999851999985224,0,8,0.018242178170006753,8,7.0,7.0,7.0,0.0,16.0,{},16.94635510444641,1751477915.1545625,2025-07-02T17:38:35.154619
false_positive_rate,RMID,16,16,"[2, 3, 4]",3,4,10000000,sparse,1,10000000,0.0,0,1.4278945526416036e-05,4.283618294099479e-05,1.4210854715202004e-14,0.02256357303481952,0.004935998731525615,4.06143599866482,0.01586333870294849,44319.2218917113,{},3.777333177733306,0,6,1.1495904487197255,8,0.0,0.0,0.0,0.0,16.0,{},5.145551681518555,1751477920.316064,2025-07-02T17:38:40.316117
false_positive_rate,RMID,16,16,"[2, 3, 4]",3,4,10000000,low_entropy,1,10000000,0.06121110612111061,612111,1.4278945526416036e-05,4.283618294099479e-05,1.4210854715202004e-14,0.021953387083505027,0.002392000169493258,8.045222999498947,0.024351872722744923,45551.057620232255,{},12.001207500120747,0,16,1.7322687838817648,8,9.793,5.0,13.0,1.58245094710705,16.0,{},11.092058658599854,1751477931.4767292,2025-07-02T17:38:51.476776
false_positive_rate,RMID,16,16,"[2, 3, 4]",3,8,10000000,random,1,10000000,0.0001296000129600013,1296,1.4278945526416036e-05,4.283618294099479e-05,2.842170943040401e-14,0.041719840223332944,0.0029180009732954204,14.635888999691815,0.0525705958266677,23969.411067895777,{},7.999850699985106,0,8,0.018123925933073926,8,7.0,7.0,7.0,0.0,16.0,{},16.97196364402771,1751477948.4645214,2025-07-02T17:39:08.464575
false_positive_rate,RMID,16,16,"[2, 3, 4]",3,8,10000000,sparse,1,10000000,0.0,0,1.4278945526416036e-05,4.283618294099479e-05,2.842170943040401e-14,0.04472330690059069,0.005133000740897842,5.960426999081392,0.029215061538847807,22359.706142096402,{},3.777333177733306,0,6,1.1495904487197255,8,0.0,0.0,0.0,0.0,16.0,{},5.090816497802734,1751477953.5714474,2025-07-02T17:39:13.571500
false_positive_rate,RMID,16,16,"[2, 3, 4]",3,8,10000000,low_entropy,1,10000000,0.11821951182195119,1182195,1.4278945526416036e-05,4.283618294099479e-05,2.842170943040401e-14,0.04188504503243103,0.0024780001695035025,5.151249000846292,0.026424994260733668,23874.86987839486,{},12.001207500120747,0,16,1.7322687838817648,8,9.759,4.0,13.0,1.5636236759527533,16.0,{},10.78258228302002,1751477964.3700829,2025-07-02T17:39:24.370132
false_positive_rate,RMID,16,16,"[2, 3, 4]",3,16,10000000,random,1,10000000,0.00021760002176000217,2176,1.4278945526416036e-05,4.283618294099479e-05,5.684341886080802e-14,0.08160328275026628,0.004896999598713592,8.679779999511084,0.0904124394096652,12254.408968574697,{},7.999852799985253,0,8,0.0180659159852443,8,7.0,7.0,7.0,0.0,16.0,{},16.703198671340942,1751477981.0901737,2025-07-02T17:39:41.090227
false_positive_rate,RMID,16,16,"[2, 3, 4]",3,16,10000000,sparse,1,10000000,0.0,0,1.4278945526416036e-05,4.283618294099479e-05,5.684341886080802e-14,0.08950997546594663,0.005280000550555997,10.141700999156456,0.0552884505514606,11171.939158674466,{},3.777333177733306,0,6,1.1495904487197255,8,0.0,0.0,0.0,0.0,16.0,{},5.018392324447632,1751477986.1723754,2025-07-02T17:39:46.172426
false_positive_rate,RMID,16,16,"[2, 3, 4]",3,16,10000000,low_entropy,1,10000000,0.22332572233257222,2233257,1.4278945526416036e-05,4.283618294099479e-05,5.684341886080802e-14,0.07759550899792729,0.002263001078972593,7.60352700126532,0.04249392768146436,12887.34377690224,{},12.001207500120747,0,16,1.7322687838817648,8,9.636,3.0,13.0,1.5477415804972094,16.0,{},10.602922677993774,1751477996.7914898,2025-07-02T17:39:56.791539
false_positive_rate,RMID,16,16,"[2, 3, 4]",3,32,10000000,random,1,10000000,0.0005088000508800051,5088,1.4278945526416036e-05,4.283618294099479e-05,1.1368683772161603e-13,0.16192175370719958,0.004812000042875297,8.197586001188029,0.14199213131804259,6175.822439573397,{},7.999852899985291,0,8,0.018063148953763482,8,7.0,7.0,7.0,0.0,16.0,{},16.641437768936157,1751478013.449599,2025-07-02T17:40:13.449662
false_positive_rate,RMID,16,16,"[2, 3, 4]",3,32,10000000,sparse,1,10000000,0.0,0,1.4278945526416036e-05,4.283618294099479e-05,1.1368683772161603e-13,0.1769920379274978,0.03997699968749657,7.14332600000489,0.0617548106214874,5649.97166940151,{},3.777333177733306,0,6,1.1495904487197255,8,0.0,0.0,0.0,0.0,16.0,{},4.978710651397705,1751478018.4443002,2025-07-02T17:40:18.444353
false_positive_rate,RMID,16,16,"[2, 3, 4]",3,32,10000000,low_entropy,1,10000000,0.395906439590644,3959064,1.4278945526416036e-05,4.283618294099479e-05,1.1368683772161603e-13,0.13577374406165776,0.0027610003598965704,5.687955999746919,0.07598438560882226,7365.194256894607,{},12.001207500120747,0,16,1.7322687838817648,8,9.667,5.0,13.0,1.5729307041316218,16.0,{},10.503972291946411,1751478028.964147,2025-07-02T17:40:28.964203
false_positive_rate,RMID,16,16,"[2, 3, 4]",3,64,10000000,random,1,10000000,0.00100480010048001,10048,1.4278945526416036e-05,4.283618294099479e-05,2.2737367544323206e-13,0.3284752855681847,0.006541000402648933,13.268635999338585,0.288016183409098,3044.3690710862343,{},7.99985139998514,0,8,0.018104609963412097,8,7.0,7.0,7.0,0.0,16.0,{},17.044333934783936,1751478046.0771515,2025-07-02T17:40:46.077200
false_positive_rate,RMID,16,16,"[2, 3, 4]",3,64,10000000,sparse,1,10000000,0.0,0,1.4278945526416036e-05,4.283618294099479e-05,2.2737367544323206e-13,0.352708217054192,0.09102500007429626,5.146170000443817,0.08653445022989728,2835.2047149679947,{},3.777333177733306,0,6,1.1495904487197255,8,0.0,0.0,0.0,0.0,16.0,{},4.947489976882935,1751478051.040601,2025-07-02T17:40:51.040659
false_positive_rate,RMID,16,16,"[2, 3, 4]",3,64,10000000,low_entropy,1,10000000,0.6356917635691763,6356917,1.4278945526416036e-05,4.283618294099479e-05,2.2737367544323206e-13,0.21772328787858936,0.0028030008252244443,6.7128150003554765,0.14278714137379547,4592.985939830366,{},12.001207500120747,0,16,1.7322687838817648,8,9.731,3.0,13.0,1.6317594798253816,16.0,{},9.916203737258911,1751478060.9726677,2025-07-02T17:41:00.972722
false_positive_rate,RMID,16,16,"[2, 3, 4]",3,128,10000000,random,1,10000000,0.0019328001932800193,19328,1.4278945526416036e-05,4.283618294099479e-05,4.547473508864641e-13,0.6487250641734517,0.005662999683408998,14.397023998753866,0.4756132127856744,1541.485068522999,{},7.999852699985262,0,8,0.01806868259245062,8,7.0,7.0,7.0,0.0,16.0,{},17.0476655960083,1751478078.0356104,2025-07-02T17:41:18.035662
false_positive_rate,RMID,16,16,"[2, 3, 4]",3,128,10000000,sparse,1,10000000,0.0,0,1.4278945526416036e-05,4.283618294099479e-05,4.547473508864641e-13,0.70642978759981,0.11345599887135904,8.638045999759925,0.15623919673814687,1415.568847114494,{},3.777333177733306,0,6,1.1495904487197255,8,0.0,0.0,0.0,0.0,16.0,{},4.926859617233276,1751478082.9781225,2025-07-02T17:41:22.978178
false_positive_rate,RMID,16,16,"[2, 3, 4]",3,128,10000000,low_entropy,1,10000000,0.8671465867146587,8671465,1.4278945526416036e-05,4.283618294099479e-05,4.547473508864641e-13,0.2953671923762753,0.003154000296490267,5.103948999021668,0.24147913036917568,3385.6163643458285,{},12.001207500120747,0,16,1.7322687838817648,8,9.75,4.0,13.0,1.5841401453154327,16.0,{},9.51771354675293,1751478092.5612953,2025-07-02T17:41:32.561342
false_positive_rate,RMID,16,16,"[2, 3, 4]",3,256,10000000,random,1,10000000,0.00393470039347004,39347,1.4278945526416036e-05,4.283618294099479e-05,9.094947017729282e-13,1.3176094140786527,0.006579999535460956,32.292330000927905,0.9325806952416861,758.950254388746,{},7.999847899984799,0,8,0.018200984551140924,8,7.0,7.0,7.0,0.0,16.0,{},16.974403619766235,1751478109.5516434,2025-07-02T17:41:49.551701
false_positive_rate,RMID,16,16,"[2, 3, 4]",3,256,10000000,sparse,1,10000000,0.0,0,1.4278945526416036e-05,4.283618294099479e-05,9.094947017729282e-13,1.4139680467901956,0.3869679985655239,9.89570000092499,0.30236411701623295,707.2295602931541,{},3.777333177733306,0,6,1.1495904487197255,8,0.0,0.0,0.0,0.0,16.0,{},4.989853143692017,1751478114.5606537,2025-07-02T17:41:54.560714
false_positive_rate,RMID,16,16,"[2, 3, 4]",3,256,10000000,low_entropy,1,10000000,0.9827276982727698,9827276,1.4278945526416036e-05,4.283618294099479e-05,9.094947017729282e-13,0.33786988689781783,0.0034120002965210006,6.4114730012079235,0.334889272176063,2959.719225591805,{},12.001207500120747,0,16,1.7322687838817648,8,9.696,5.0,13.0,1.5098291294050463,16.0,{},9.116691827774048,1751478123.693267,2025-07-02T17:42:03.693318
false_positive_rate,RMID,16,16,"[2, 3, 4]",3,512,10000000,random,1,10000000,0.008243200824320082,82432,1.4278945526416036e-05,4.283618294099479e-05,1.8189894035458565e-12,2.5952286305263628,0.008472999979858287,37.45972100114159,1.7353909781586772,385.3225061705568,{},7.999854299985437,0,8,0.018024365852501303,8,7.0,7.0,7.0,0.0,16.0,{},17.047850847244263,1751478140.757018,2025-07-02T17:42:20.757066
false_positive_rate,RMID,16,16,"[2, 3, 4]",3,512,10000000,sparse,1,10000000,0.0,0,1.4278945526416036e-05,4.283618294099479e-05,1.8189894035458565e-12,2.8523118588902507,0.3789019992836984,10.804354000356398,0.5356733669484104,350.5927996208206,{},3.777333177733306,0,6,1.1495904487197255,8,0.0,0.0,0.0,0.0,16.0,{},4.916218519210815,1751478145.738996,2025-07-02T17:42:25.739044
false_positive_rate,RMID,16,16,"[2, 3, 4]",3,512,10000000,low_entropy,1,10000000,0.99967489996749,9996748,1.4278945526416036e-05,4.283618294099479e-05,1.8189894035458565e-12,0.35254652127125313,0.003781000486924313,5.610721000266494,0.364927419618678,2836.5050841916805,{},12.001207500120747,0,16,1.7322687838817648,8,9.699,4.0,13.0,1.6162917434671256,16.0,{},8.965132474899292,1751478154.7202673,2025-07-02T17:42:34.720320
false_positive_rate,RMID,16,16,"[2, 3, 4]",3,1024,10000000,random,1,10000000,0.015564801556480155,155648,1.4278945526416036e-05,4.283618294099479e-05,3.637978807091713e-12,5.492034563529864,0.029019998692092486,78.09649999944668,3.5024466105294154,182.08188394161812,{},7.999852399985245,0,8,0.01807697987016353,8,7.0,7.0,7.0,0.0,16.0,{},17.39807367324829,1751478172.134306,2025-07-02T17:42:52.134362
false_positive_rate,RMID,16,16,"[2, 3, 4]",3,1024,10000000,sparse,1,10000000,0.0,0,1.4278945526416036e-05,4.283618294099479e-05,3.637978807091713e-12,5.629783364277098,0.3649299997050548,17.750839999280288,1.020979752238049,177.62672829390598,{},3.777333177733306,0,6,1.1495904487197255,8,0.0,0.0,0.0,0.0,16.0,{},4.911483287811279,1751478177.0615265,2025-07-02T17:42:57.061583
false_positive_rate,RMID,16,16,"[2, 3, 4]",3,1024,10000000,low_entropy,1,10000000,0.99996419999642,9999641,1.4278945526416036e-05,4.283618294099479e-05,3.637978807091713e-12,0.3521458273080483,0.0037610006984323263,7.605573000546428,0.37811134047303796,2839.7326404359897,{},12.001207500120747,0,16,1.7322687838817648,8,9.778,5.0,13.0,1.5448999967635446,16.0,{},9.016516923904419,1751478186.0943844,2025-07-02T17:43:06.094437
false_positive_rate,RMID,16,16,"[2, 3, 4]",3,2048,10000000,random,1,10000000,0.03309310330931033,330931,1.4278945526416036e-05,4.283618294099479e-05,7.275957614183426e-12,10.959463815780076,0.036969000575481914,157.43249700062734,7.075308840575311,91.24533980942951,{},7.99985279998531,0,8,0.018065915985230118,8,7.0,7.0,7.0,0.0,16.0,{},17.013060808181763,1751478203.1773047,2025-07-02T17:43:23.177372
false_positive_rate,RMID,16,16,"[2, 3, 4]",3,2048,10000000,sparse,1,10000000,0.0,0,1.4278945526416036e-05,4.283618294099479e-05,7.275957614183426e-12,11.339890662996924,2.64746299944818,26.68842200000654,1.944673910480371,88.18427176402056,{},3.777333177733306,0,6,1.1495904487197255,8,0.0,0.0,0.0,0.0,16.0,{},4.994075775146484,1751478208.1894608,2025-07-02T17:43:28.189522
false_positive_rate,RMID,16,16,"[2, 3, 4]",3,2048,10000000,low_entropy,1,10000000,1.0,9999999,1.4278945526416036e-05,4.283618294099479e-05,7.275957614183426e-12,0.352183933223996,0.007237000318127684,3.5917969998990884,0.36738859098976834,2839.425384473687,{},12.001207500120747,0,16,1.7322687838817648,8,9.829,3.0,13.0,1.606162818645731,16.0,{},9.020869255065918,1751478217.2260847,2025-07-02T17:43:37.226144
false_positive_rate,RMID,16,16,"[2, 3, 4]",3,4096,10000000,random,1,10000000,0.05447680544768054,544768,1.4278945526416036e-05,4.283618294099479e-05,1.4551915228366852e-11,22.30116526907546,0.10001000009651762,240.04819600122573,13.183141195394459,44.84070621128835,{},7.9998510999851336,0,8,0.018112890761752654,8,7.0,7.0,7.0,0.0,16.0,{},17.06341004371643,1751478234.3066912,2025-07-02T17:43:54.306752
false_positive_rate,RMID,16,16,"[2, 3, 4]",3,4096,10000000,sparse,1,10000000,0.0,0,1.4278945526416036e-05,4.283618294099479e-05,1.4551915228366852e-11,22.62797626056014,2.757465001195669,41.99342100037029,3.937443908254786,44.193081541408944,{},3.777333177733306,0,6,1.1495904487197255,8,0.0,0.0,0.0,0.0,16.0,{},5.0717668533325195,1751478239.396861,2025-07-02T17:43:59.396921
false_positive_rate,RMID,16,16,"[2, 3, 4]",3,4096,10000000,low_entropy,1,10000000,1.0,9999999,1.4278945526416036e-05,4.283618294099479e-05,1.4551915228366852e-11,0.35080548945581375,0.004499999704421498,3.164969999488676,0.35737308651764427,2850.5825309382926,{},12.001207500120747,0,16,1.7322687838817648,8,9.725,4.0,13.0,1.5688769868922163,16.0,{},8.938836097717285,1751478248.404075,2025-07-02T17:44:08.404128
false_positive_rate,RMID,16,16,"[2, 3, 4]",3,8192,10000000,random,1,10000000,0.11972351197235119,1197235,1.4278945526416036e-05,4.283618294099479e-05,2.9103830456733704e-11,41.538806040077176,0.23260400121216662,195.70255600046949,18.45782795166116,24.07387441601444,{},7.999853599985371,0,8,0.018043767836699975,8,7.0,7.0,7.0,0.0,16.0,{},16.888660669326782,1751478265.3087265,2025-07-02T17:44:25.308787
false_positive_rate,RMID,16,16,"[2, 3, 4]",3,8192,10000000,sparse,1,10000000,0.0,0,1.4278945526416036e-05,4.283618294099479e-05,2.9103830456733704e-11,44.30073045348921,2.749737999693025,72.2946639998554,9.299883101526262,22.572991229792198,{},3.777333177733306,0,6,1.1495904487197255,8,0.0,0.0,0.0,0.0,16.0,{},5.097872495651245,1751478270.4227636,2025-07-02T17:44:30.422826
false_positive_rate,RMID,16,16,"[2, 3, 4]",3,8192,10000000,low_entropy,1,10000000,1.0,9999999,1.4278945526416036e-05,4.283618294099479e-05,2.9103830456733704e-11,0.34621243108946287,0.005445999704534188,3.606600001148763,0.3575189278826628,2888.4000405565894,{},12.001207500120747,0,16,1.7322687838817648,8,9.686,4.0,13.0,1.5477092750255133,16.0,{},8.955852270126343,1751478279.3976524,2025-07-02T17:44:39.397702
false_positive_rate,RS2ID,8,16,[2],1,2,10000000,random,,10000000,0.007810200781020078,78102,0.010966230164287516,0.010966230164287516,0.0077972412109375,0.003055266757597585,0.000624000676907599,13.287420999404276,0.01783844923970268,327303.6626059844,{},15.937362793736268,0,16,0.2512802917941769,16,15.937,14.0,16.0,0.25105975384358203,8.0,{},17.089023113250732,1751478296.502131,2025-07-02T17:44:56.502178
false_positive_rate,RS2ID,8,16,[2],1,2,10000000,sparse,,10000000,0.007109800710980071,71098,0.010966230164287516,0.010966230164287516,0.0077972412109375,0.002858605143248876,0.0006219997885636985,4.275215998859494,0.00947927030398642,349820.9615838986,{},3.776370177637046,0,6,1.1510143362695495,16,2.84,2.0,4.0,0.7709734106958553,8.0,{},2.5317063331604004,1751478299.1016324,2025-07-02T17:44:59.101688
false_positive_rate,RS2ID,8,16,[2],1,2,10000000,low_entropy,,10000000,0.007789000778900078,77890,0.010966230164287516,0.010966230164287516,0.0077972412109375,0.003073233276469212,0.0006069985829526559,4.851085001064348,0.007465102879375278,325390.2030987,{},12.001207500120747,0,16,1.7322687838817648,16,11.969,6.0,16.0,1.732062065862537,8.0,{},8.393139123916626,1751478307.5110283,2025-07-02T17:45:07.511077
false_positive_rate,RS2ID,8,16,[2],1,4,10000000,random,,10000000,0.015589201558920155,155892,0.010966230164287516,0.010966230164287516,0.015533685451373458,0.0051909230372716025,0.0006139998731669039,4.479848999835667,0.014571207634754528,192643.9657879438,{},15.93738589373856,0,16,0.2512906252394259,16,15.951,15.0,16.0,0.21586801523152985,8.0,{},17.194247007369995,1751478324.721729,2025-07-02T17:45:24.721776
false_positive_rate,RS2ID,8,16,[2],1,4,10000000,sparse,,10000000,0.014219601421960142,142196,0.010966230164287516,0.010966230164287516,0.015533685451373458,0.005114090579361633,0.0006230002327356488,3.5334149997652275,0.007794524709268622,195538.1869917574,{},3.776370177637046,0,6,1.1510143362695495,16,2.84,2.0,4.0,0.7709734106958553,8.0,{},2.3209986686706543,1751478327.060111,2025-07-02T17:45:27.060161
false_positive_rate,RS2ID,8,16,[2],1,4,10000000,low_entropy,,10000000,0.015593501559350156,155935,0.010966230164287516,0.010966230164287516,0.015533685451373458,0.00541522248150625,0.0006830014172010124,2.4030229997151764,0.006790801129329728,184664.6196744716,{},12.001207500120747,0,16,1.7322687838817648,16,11.95,7.0,16.0,1.7416945771288375,8.0,{},8.218147277832031,1751478335.2949061,2025-07-02T17:45:35.294963
false_positive_rate,RS2ID,8,16,[2],1,8,10000000,random,,10000000,0.031020003102000312,310200,0.010966230164287516,0.010966230164287516,0.030826075519044704,0.009600203764453646,0.0006160007615108043,8.317187999637099,0.030178645273151658,104164.45572776972,{},15.937501693750134,0,16,0.25108816512570176,16,15.951,14.0,16.0,0.22045180879276088,8.0,{},17.17267942428589,1751478352.534299,2025-07-02T17:45:52.534349
false_positive_rate,RS2ID,8,16,[2],1,8,10000000,sparse,,10000000,0.028375202837520284,283752,0.010966230164287516,0.010966230164287516,0.030826075519044704,0.0100778869834056,0.0006819991540396586,4.885304999334039,0.027375857006130593,99227.14966407295,{},3.776370177637046,0,6,1.1510143362695495,16,2.84,2.0,4.0,0.7709734106958553,8.0,{},2.3228418827056885,1751478354.8731735,2025-07-02T17:45:54.873233
false_positive_rate,RS2ID,8,16,[2],1,8,10000000,low_entropy,,10000000,0.030856003085600308,308560,0.010966230164287516,0.010966230164287516,0.030826075519044704,0.009808674712495129,0.0007250000635394827,4.034396000861307,0.016436375199353898,101950.57225479346,{},12.001207500120747,0,16,1.7322687838817648,16,11.97,6.0,16.0,1.7427277469530347,8.0,{},8.086848497390747,1751478362.9758775,2025-07-02T17:46:02.975928
false_positive_rate,RS2ID,8,16,[2],1,16,10000000,random,,10000000,0.0605792060579206,605792,0.010966230164287516,0.010966230164287516,0.06070190410618359,0.017635682306680597,0.0006449990905821323,6.200376001288532,0.0394066513615067,56703.22149209893,{},15.937645293764527,0,16,0.2507396978958125,16,15.933,13.0,16.0,0.2655390743374692,8.0,{},17.15219020843506,1751478380.1436872,2025-07-02T17:46:20.143745
false_positive_rate,RS2ID,8,16,[2],1,16,10000000,sparse,,10000000,0.055491205549120556,554912,0.010966230164287516,0.010966230164287516,0.06070190410618359,0.01854808365227238,0.0006919999577803537,4.015779000837938,0.017062825302581946,53913.92548941234,{},3.776370177637046,0,6,1.1510143362695495,16,2.839,2.0,4.0,0.7714136374215845,8.0,{},2.2141053676605225,1751478382.3742123,2025-07-02T17:46:22.374262
false_positive_rate,RS2ID,8,16,[2],1,16,10000000,low_entropy,,10000000,0.06058750605875061,605875,0.010966230164287516,0.010966230164287516,0.06070190410618359,0.018192672325772836,0.0007590006134705618,4.24953499896219,0.017796187515638082,54967.18580388763,{},12.001207500120747,0,16,1.7322687838817648,16,12.01,6.0,16.0,1.7503999542961604,8.0,{},7.689549684524536,1751478390.1345613,2025-07-02T17:46:30.134609
false_positive_rate,RS2ID,8,16,[2],1,32,10000000,random,,10000000,0.11745021174502117,1174502,0.010966230164287516,0.010966230164287516,0.1177190870502508,0.03309990802480382,0.0006599984772037715,5.204393999520107,0.05901941284333087,30211.564311617956,{},15.937576493757652,0,16,0.25086891230019437,16,15.931,14.0,16.0,0.2650264137779478,8.0,{},17.160046100616455,1751478407.3108597,2025-07-02T17:46:47.310913
false_positive_rate,RS2ID,8,16,[2],1,32,10000000,sparse,,10000000,0.10771261077126108,1077126,0.010966230164287516,0.010966230164287516,0.1177190870502508,0.03498835218113737,0.0007060007192194462,4.064423999807332,0.018987430378660693,28580.940160397484,{},3.776370177637046,0,6,1.1510143362695495,16,2.851,2.0,4.0,0.7712321310733884,8.0,{},2.177607536315918,1751478409.505263,2025-07-02T17:46:49.505324
false_positive_rate,RS2ID,8,16,[2],1,32,10000000,low_entropy,,10000000,0.11740991174099118,1174099,0.010966230164287516,0.010966230164287516,0.1177190870502508,0.03496240423251336,0.0007890012057032436,5.235990000073798,0.029306391149422045,28602.151995887285,{},12.001207500120747,0,16,1.7322687838817648,16,11.996,6.0,16.0,1.7429813538876424,8.0,{},7.818456172943115,1751478417.3397267,2025-07-02T17:46:57.339773
false_positive_rate,RS2ID,8,16,[2],1,64,10000000,random,,10000000,0.2209471220947122,2209471,0.010966230164287516,0.010966230164287516,0.22158039064455715,0.062635310672906,0.0006729987944709137,12.29607700042834,0.12228556061863417,15965.435299302628,{},15.937460693746099,0,16,0.25109667483032955,16,15.922,13.0,16.0,0.2862097133222421,8.0,{},17.135597705841064,1751478434.4905672,2025-07-02T17:47:14.490623
false_positive_rate,RS2ID,8,16,[2],1,64,10000000,sparse,,10000000,0.20392952039295204,2039295,0.010966230164287516,0.010966230164287516,0.22158039064455715,0.06554865383573609,0.0007549988367827609,4.705645998910768,0.04228391782706034,15255.843430530007,{},3.776370177637046,0,6,1.1510143362695495,16,2.863,2.0,4.0,0.7773229701996461,8.0,{},2.138822078704834,1751478436.6948817,2025-07-02T17:47:16.694941
false_positive_rate,RS2ID,8,16,[2],1,64,10000000,low_entropy,,10000000,0.2204274220427422,2204274,0.010966230164287516,0.010966230164287516,0.22158039064455715,0.06474115670438539,0.0008429997251369059,4.155575999902794,0.037429987691697385,15446.125013893407,{},12.001207500120747,0,16,1.7322687838817648,16,11.995,7.0,16.0,1.7501357090237317,8.0,{},7.720593452453613,1751478444.431439,2025-07-02T17:47:24.431496
false_positive_rate,RS2ID,8,16,[2],1,128,10000000,random,,10000000,0.3892735389273539,3892735,0.010966230164287516,0.010966230164287516,0.3940629117709197,0.1080684569877104,0.0007630005711689591,8.647315000416711,0.16755003166400936,9253.393893777167,{},15.937332393733243,0,16,0.25134354115345997,16,15.935,15.0,16.0,0.24652586071242097,8.0,{},17.096400499343872,1751478461.5435503,2025-07-02T17:47:41.543607
false_positive_rate,RS2ID,8,16,[2],1,128,10000000,sparse,,10000000,0.36485113648511364,3648511,0.010966230164287516,0.010966230164287516,0.3940629117709197,0.11801242274786773,0.0008659990271553397,4.129066999666975,0.06862215739025534,8473.684182693964,{},3.776370177637046,0,6,1.1510143362695495,16,2.9,2.0,4.0,0.7771743691090179,8.0,{},2.131221294403076,1751478463.691399,2025-07-02T17:47:43.691459
false_positive_rate,RS2ID,8,16,[2],1,128,10000000,low_entropy,,10000000,0.3908197390819739,3908197,0.010966230164287516,0.010966230164287516,0.3940629117709197,0.11444763279557725,0.0009440009307581931,4.419614000653382,0.06471274028371557,8737.620652986056,{},12.001207500120747,0,16,1.7322687838817648,16,11.963,5.0,16.0,1.7497516966701303,8.0,{},7.676754951477051,1751478471.3849378,2025-07-02T17:47:51.384991
false_positive_rate,RS2ID,8,16,[2],1,256,10000000,random,,10000000,0.6300803630080363,6300803,0.010966230164287516,0.010966230164287516,0.6328402451084638,0.18030607143915242,0.0009199993655784056,12.102160999347689,0.31266274421097817,5546.124941984931,{},15.937507693750826,0,16,0.2510709394505479,16,15.944,14.0,16.0,0.24261904294593203,8.0,{},17.067121267318726,1751478488.5189471,2025-07-02T17:48:08.519003
false_positive_rate,RS2ID,8,16,[2],1,256,10000000,sparse,,10000000,0.6165987616598761,6165987,0.010966230164287516,0.010966230164287516,0.6328402451084638,0.19026736128350916,0.0008250008249888197,4.234327001540805,0.11783981739431708,5255.762171999344,{},3.776370177637046,0,6,1.1510143362695495,16,2.898,2.0,4.0,0.7704518154952976,8.0,{},2.041205406188965,1751478490.5764427,2025-07-02T17:48:10.576500
false_positive_rate,RS2ID,8,16,[2],1,256,10000000,low_entropy,,10000000,0.6344113634411364,6344113,0.010966230164287516,0.010966230164287516,0.6328402451084638,0.18037153039815768,0.001079000867321156,3.862425999614061,0.11951742039191252,5544.112187730343,{},12.001207500120747,0,16,1.7322687838817648,16,11.988,7.0,16.0,1.6845937195656404,8.0,{},7.644320487976074,1751478498.2371624,2025-07-02T17:48:18.237221
false_positive_rate,RS2ID,8,16,[2],1,512,10000000,random,,10000000,0.8629015862901587,8629015,0.010966230164287516,0.010966230164287516,0.865193714387987,0.24189874488474045,0.0009610012057237327,14.408291999643552,0.43020927068649195,4133.9610938307205,{},15.937431793743167,0,16,0.2512027554358902,16,15.916,14.0,16.0,0.28800000000000003,8.0,{},17.022348880767822,1751478515.2777638,2025-07-02T17:48:35.277817
false_positive_rate,RS2ID,8,16,[2],1,512,10000000,sparse,,10000000,0.9117155911715591,9117155,0.010966230164287516,0.010966230164287516,0.865193714387987,0.2527910085878895,0.0011310003174003214,8.29084200086072,0.1958455923349338,3955.8369009486487,{},3.776370177637046,0,6,1.1510143362695495,16,2.925,2.0,4.0,0.7870038119348597,8.0,{},1.9798481464385986,1751478517.2734046,2025-07-02T17:48:37.273459
false_positive_rate,RS2ID,8,16,[2],1,512,10000000,low_entropy,,10000000,0.8633833863383387,8633833,0.010966230164287516,0.010966230164287516,0.865193714387987,0.24773232323699715,0.0011100000847363845,3.3050029996957164,0.2013616313945321,4036.6149517087188,{},12.001207500120747,0,16,1.7322687838817648,16,11.946,5.0,16.0,1.7283182577291718,8.0,{},7.574848890304565,1751478524.9192152,2025-07-02T17:48:44.919267
false_positive_rate,RS2ID,8,16,[2],1,1024,10000000,random,,10000000,0.9845275984527598,9845275,0.010966230164287516,0.010966230164287516,0.9818272653594924,0.26851677706660065,0.001308000719291158,26.052884000819176,0.5802154211382299,3724.16208374186,{},15.937410793741005,0,16,0.25121623357540773,16,15.926,14.0,16.0,0.2655635517159687,8.0,{},17.11842179298401,1751478542.0539439,2025-07-02T17:49:02.054009
false_positive_rate,RS2ID,8,16,[2],1,1024,10000000,sparse,,10000000,0.99972839997284,9997283,0.010966230164287516,0.010966230164287516,0.9818272653594924,0.26552819710873127,0.0012309992598602548,10.912895999354078,0.25582350680542254,3766.078370917833,{},3.776370177637046,0,6,1.1510143362695495,16,2.816,2.0,4.0,0.7550788038344078,8.0,{},2.03887677192688,1751478544.1110594,2025-07-02T17:49:04.111120
false_positive_rate,RS2ID,8,16,[2],1,1024,10000000,low_entropy,,10000000,0.9818620981862098,9818620,0.010966230164287516,0.010966230164287516,0.9818272653594924,0.28239620527702913,0.0012229993444634601,4.957846000252175,0.2918601982999103,3541.1240707678967,{},12.001207500120747,0,16,1.7322687838817648,16,12.036,5.0,16.0,1.71251394154909,8.0,{},7.843717336654663,1751478551.973108,2025-07-02T17:49:11.973162
false_positive_rate,RS2ID,8,16,[2],1,2048,10000000,random,,10000000,1.0,9999999,0.010966230164287516,0.010966230164287516,0.9996697517156857,0.279630618059308,0.0012279997463338077,14.035389000127907,0.5013654184623358,3576.1462995011007,{},15.937533293753281,0,16,0.25093030069337857,16,15.942,14.0,16.0,0.24214871463627471,8.0,{},17.130036115646362,1751478569.1205373,2025-07-02T17:49:29.120720
false_positive_rate,RS2ID,8,16,[2],1,2048,10000000,sparse,,10000000,1.0,9999999,0.010966230164287516,0.010966230164287516,0.9996697517156857,0.2565356717713067,0.0018169994291383773,2.23998000001302,0.2053636058466878,3898.0933649315944,{},3.776370177637046,0,6,1.1510143362695495,16,2.834,2.0,4.0,0.7579208401937501,8.0,{},1.9542734622955322,1751478571.144811,2025-07-02T17:49:31.144870
false_positive_rate,RS2ID,8,16,[2],1,2048,10000000,low_entropy,,10000000,0.9989759998976,9989759,0.010966230164287516,0.010966230164287516,0.9996697517156857,0.2921171319452001,0.0013980006769998,2.7560710004763678,0.30438574284495756,3423.2843289300663,{},12.001207500120747,0,16,1.7322687838817648,16,12.001,5.0,16.0,1.7592609243656836,8.0,{},7.643431901931763,1751478578.8053699,2025-07-02T17:49:38.805425
false_positive_rate,RS2ID,8,16,[2],1,4096,10000000,random,,10000000,1.0,9999999,0.010966230164287516,0.010966230164287516,0.9999998909360707,0.30219356006960146,0.00212800114240963,31.879125999694224,0.8193819900526759,3309.1373613973747,{},15.93732889373288,0,16,0.25132854397606025,16,15.943,14.0,16.0,0.23611649667060539,8.0,{},17.129791975021362,1751478595.9523747,2025-07-02T17:49:55.952438
false_positive_rate,RS2ID,8,16,[2],1,4096,10000000,sparse,,10000000,1.0,9999999,0.010966230164287516,0.010966230164287516,0.9999998909360707,0.23268240542765026,0.0012800010154023767,1.3493070000549778,0.17025092581384976,4297.703550735115,{},3.776370177637046,0,6,1.1510143362695495,16,2.87,2.0,4.0,0.7135124385741288,8.0,{},1.9660980701446533,1751478597.93732,2025-07-02T17:49:57.937378
false_positive_rate,RS2ID,8,16,[2],1,4096,10000000,low_entropy,,10000000,0.99987969998797,9998796,0.010966230164287516,0.010966230164287516,0.9999998909360707,0.2886715706323856,0.0020980005501769483,2.9455920011969283,0.29630078148026223,3464.144383214894,{},12.001207500120747,0,16,1.7322687838817648,16,11.925,6.0,16.0,1.677907923576261,8.0,{},7.470112085342407,1751478605.4247522,2025-07-02T17:50:05.424807
false_positive_rate,RS2ID,8,16,[2],1,8192,10000000,random,,10000000,0.99975939997594,9997593,0.010966230164287516,0.010966230164287516,0.9999999999999881,0.3225674543308252,0.002571001459727995,19.657916000141995,0.8458918559227858,3100.126769064557,{},15.93743489374348,0,16,0.25099225601476044,16,15.942,14.0,16.0,0.23798319268385323,8.0,{},17.10851287841797,1751478622.604016,2025-07-02T17:50:22.604067
false_positive_rate,RS2ID,8,16,[2],1,8192,10000000,sparse,,10000000,1.0,9999999,0.010966230164287516,0.010966230164287516,0.9999999999999881,0.23668632531599798,0.0019219987734686583,0.9664619992690859,0.17406006830187062,4225.001164156434,{},3.776370177637046,0,6,1.1510143362695495,16,2.859,2.0,4.0,0.7163232510536007,8.0,{},1.9397435188293457,1751478624.5607831,2025-07-02T17:50:24.560837
false_positive_rate,RS2ID,8,16,[2],1,8192,10000000,low_entropy,,10000000,0.99987969998797,9998796,0.010966230164287516,0.010966230164287516,0.9999999999999881,0.313255588892867,0.0023960001271916553,2.896230998885585,0.30716820913372245,3192.2814323418147,{},12.001207500120747,0,16,1.7322687838817648,16,12.009,7.0,16.0,1.6777720345744236,8.0,{},7.474074602127075,1751478632.0517018,2025-07-02T17:50:32.051755
false_positive_rate,RS2ID,16,16,[2],1,2,10000000,random,,10000000,0.6095904609590461,6095904,4.283683657924811e-05,4.283683657924811e-05,3.0517345294356346e-05,0.002466385068272954,0.00044999978854320943,4.864880998866283,0.010786191797820078,405451.6923832311,{},7.9998543999854625,0,8,0.01802159243308235,8,8.0,8.0,8.0,0.0,16.0,{},16.973057508468628,1751478649.0262208,2025-07-02T17:50:49.026281
false_positive_rate,RS2ID,16,16,[2],1,2,10000000,sparse,,10000000,0.11452951145295115,1145295,4.283683657924811e-05,4.283683657924811e-05,3.0517345294356346e-05,0.0028554016777597646,0.0004820012691197917,8.027504998608492,0.00716884836102054,350213.4245380708,{},3.777333177733306,0,6,1.1495904487197255,8,2.427,1.0,4.0,0.8981486513935207,16.0,{},2.535649538040161,1751478651.5632288,2025-07-02T17:50:51.563283
false_positive_rate,RS2ID,16,16,[2],1,2,10000000,low_entropy,,10000000,0.06910460691046069,691046,4.283683657924811e-05,4.283683657924811e-05,3.0517345294356346e-05,0.003059273962097103,0.0005950005288468674,4.028487001050962,0.005924710476993717,326874.94235217484,{},12.001207500120747,0,16,1.7322687838817648,8,11.589,6.0,16.0,1.841216717282352,16.0,{},8.358434915542603,1751478659.980927,2025-07-02T17:50:59.980981
false_positive_rate,RS2ID,16,16,[2],1,4,10000000,random,,10000000,0.0002100000210000021,2100,4.283683657924811e-05,4.283683657924811e-05,6.103375928034893e-05,0.005046659275449041,0.0006159989425214007,7.5476139991224045,0.020317457042719117,198150.88465845003,{},7.9998516999851494,0,8,0.018096325370828392,8,8.0,8.0,8.0,0.0,16.0,{},17.144944190979004,1751478677.1272914,2025-07-02T17:51:17.127350
false_positive_rate,RS2ID,16,16,[2],1,4,10000000,sparse,,10000000,0.21334662133466215,2133466,4.283683657924811e-05,4.283683657924811e-05,6.103375928034893e-05,0.004998548229220178,0.0004910016286885366,3.537833999871509,0.008211243314107915,200058.0876971972,{},3.777333177733306,0,6,1.1495904487197255,8,2.442,1.0,4.0,0.8640810147202633,16.0,{},2.353748083114624,1751478679.4824817,2025-07-02T17:51:19.482538
false_positive_rate,RS2ID,16,16,[2],1,4,10000000,low_entropy,,10000000,2.400000240000024e-06,24,4.283683657924811e-05,4.283683657924811e-05,6.103375928034893e-05,0.005596418234233941,0.0017120000848080963,9.977453000828973,0.010685465656726434,178685.71613945573,{},12.001207500120747,0,16,1.7322687838817648,8,12.0,11.0,14.0,1.1547005383792515,16.0,{},8.037062644958496,1751478687.5209355,2025-07-02T17:51:27.520999
false_positive_rate,RS2ID,16,16,[2],1,8,10000000,random,,10000000,0.9766892976689298,9766892,4.283683657924811e-05,4.283683657924811e-05,0.00012206379344092966,0.003675596537727219,0.00046900095185264945,5.685336000169627,0.014736902782382634,272064.68113019376,{},7.999853099985318,0,8,0.018057613617141394,8,8.0,8.0,8.0,0.0,16.0,{},17.234302759170532,1751478704.7566512,2025-07-02T17:51:44.756700
false_positive_rate,RS2ID,16,16,[2],1,8,10000000,sparse,,10000000,0.3789213378921338,3789213,4.283683657924811e-05,4.283683657924811e-05,0.00012206379344092966,0.0086378801895479,0.00047200046537909657,6.819176000135485,0.014316623138903964,115769.14451881731,{},3.777333177733306,0,6,1.1495904487197255,8,2.482,1.0,4.0,0.8612061309582044,16.0,{},2.210886240005493,1751478707.0199127,2025-07-02T17:51:47.019964
false_positive_rate,RS2ID,16,16,[2],1,8,10000000,low_entropy,,10000000,0.027512802751280273,275128,4.283683657924811e-05,4.283683657924811e-05,0.00012206379344092966,0.010112722731768269,0.000705000275047496,4.621680000127526,0.011965568524629846,98885.33746293509,{},12.001207500120747,0,16,1.7322687838817648,8,10.97,4.0,16.0,1.880186160995767,16.0,{},7.829155683517456,1751478714.8504577,2025-07-02T17:51:54.850515
false_positive_rate,RS2ID,16,16,[2],1,16,10000000,random,,10000000,0.0004896000489600049,4896,4.283683657924811e-05,4.283683657924811e-05,0.00024411268731217017,0.017157234791546946,0.0009820014383876696,5.36737800030096,0.04188764747960604,58284.45038781434,{},7.999848599984862,0,8,0.01818175055515184,8,8.0,8.0,8.0,0.0,16.0,{},17.278793573379517,1751478732.1305785,2025-07-02T17:52:12.130631
false_positive_rate,RS2ID,16,16,[2],1,16,10000000,sparse,,10000000,0.6243247624324763,6243247,4.283683657924811e-05,4.283683657924811e-05,0.00024411268731217017,0.013675473005907816,0.0004949997673975304,9.4219439997687,0.028317564652167507,73123.61331619017,{},3.777333177733306,0,6,1.1495904487197255,8,2.483,1.0,4.0,0.8554010755195482,16.0,{},2.0986573696136475,1751478734.230556,2025-07-02T17:52:14.230614
false_positive_rate,RS2ID,16,16,[2],1,16,10000000,low_entropy,,10000000,0.0017504001750400175,17504,4.283683657924811e-05,4.283683657924811e-05,0.00024411268731217017,0.01933266925205447,0.0008710012480150908,4.0549929999542655,0.027295379673400236,51725.91466611526,{},12.001207500120747,0,16,1.7322687838817648,8,11.028,3.0,15.0,2.1617622440962374,16.0,{},8.01830267906189,1751478742.2502391,2025-07-02T17:52:22.250297
false_positive_rate,RS2ID,16,16,[2],1,32,10000000,random,,10000000,0.1509798150979815,1509798,4.283683657924811e-05,4.283683657924811e-05,0.0004881657836202091,0.030661695473224677,0.0006139998731669039,5.3442589996848255,0.06245180649451472,32613.982513564846,{},7.9998565999856455,0,8,0.017960468714444764,8,8.0,8.0,8.0,0.0,16.0,{},17.087088346481323,1751478759.3994598,2025-07-02T17:52:39.399506
false_positive_rate,RS2ID,16,16,[2],1,32,10000000,sparse,,10000000,0.8567798856779886,8567798,4.283683657924811e-05,4.283683657924811e-05,0.0004881657836202091,0.018607802011244862,0.0005180008884053677,4.030644000522443,0.019673709585307075,53740.89854329335,{},3.777333177733306,0,6,1.1495904487197255,8,2.494,1.0,4.0,0.8854174156859577,16.0,{},1.9707376956939697,1751478761.3714607,2025-07-02T17:52:41.371516
false_positive_rate,RS2ID,16,16,[2],1,32,10000000,low_entropy,,10000000,0.000300800030080003,3008,4.283683657924811e-05,4.283683657924811e-05,0.0004881657836202091,0.0374033072699665,0.0020489987946348265,5.111259999466711,0.024733862520146088,26735.603693606095,{},12.001207500120747,0,16,1.7322687838817648,8,10.446808510638299,4.0,15.0,2.3638096787546954,16.0,{},7.646589994430542,1751478769.0194504,2025-07-02T17:52:49.019515
false_positive_rate,RS2ID,16,16,[2],1,64,10000000,random,,10000000,1.0,9999999,4.283683657924811e-05,4.283683657924811e-05,0.0009760932614082396,0.004409241243148481,0.0005879992386326194,4.162373999861302,0.023027044696396087,226796.39077446712,{},7.999858399985831,0,8,0.017910303041015145,8,8.0,8.0,8.0,0.0,16.0,{},17.072075366973877,1751478786.0928664,2025-07-02T17:53:06.092923
false_positive_rate,RS2ID,16,16,[2],1,64,10000000,sparse,,10000000,0.9784122978412297,9784122,4.283683657924811e-05,4.283683657924811e-05,0.0009760932614082396,0.02081028769842167,0.0005399997462518513,11.519636998855276,0.04145250826037649,48053.155943434824,{},3.777333177733306,0,6,1.1495904487197255,8,2.493,1.0,4.0,0.8751862658885822,16.0,{},1.8804609775543213,1751478787.9747353,2025-07-02T17:53:07.974791
false_positive_rate,RS2ID,16,16,[2],1,64,10000000,low_entropy,,10000000,0.0024704002470400245,24704,4.283683657924811e-05,4.283683657924811e-05,0.0009760932614082396,0.07449763699849804,0.001172000338556245,5.643585998768685,0.04354641347157685,13423.24455230924,{},12.001207500120747,0,16,1.7322687838817648,8,10.251295336787564,3.0,15.0,3.00889198287171,16.0,{},7.7393639087677,1751478795.7670567,2025-07-02T17:53:15.767106
false_positive_rate,RS2ID,16,16,[2],1,128,10000000,random,,10000000,0.4667728466772847,4667728,4.283683657924811e-05,4.283683657924811e-05,0.001951233764761473,0.10042906125989026,0.000772000930737704,12.225525999383535,0.2014903453930663,9957.27718107611,{},7.999854199985435,0,8,0.01802713884465976,8,8.0,8.0,8.0,0.0,16.0,{},17.081962823867798,1751478812.8504145,2025-07-02T17:53:32.850472
false_positive_rate,RS2ID,16,16,[2],1,128,10000000,sparse,,10000000,0.99760129976013,9976012,4.283683657924811e-05,4.283683657924811e-05,0.001951233764761473,0.02264860587324132,0.0005759975465480238,4.509656999289291,0.03347406138329733,44152.82801938248,{},3.777333177733306,0,6,1.1495904487197255,8,2.448,1.0,4.0,0.882777435144329,16.0,{},1.8324885368347168,1751478814.68426,2025-07-02T17:53:34.684316
false_positive_rate,RS2ID,16,16,[2],1,128,10000000,low_entropy,,10000000,1.0,9999999,4.283683657924811e-05,4.283683657924811e-05,0.001951233764761473,0.004369035488866254,0.0008230017556343228,0.7603840022056829,0.006293965363768914,228883.46925730642,{},12.001207500120747,0,16,1.7322687838817648,8,11.946,6.0,16.0,1.7541619081487319,16.0,{},7.258070468902588,1751478821.9436731,2025-07-02T17:53:41.943723
false_positive_rate,RS2ID,16,16,[2],1,256,10000000,random,,10000000,0.0,0,4.283683657924811e-05,4.283683657924811e-05,0.0038986602163182393,0.2624950016297403,0.06610399941564538,16.986778002319625,0.38637826983540047,3809.5963496117915,{},7.999850099985016,0,8,0.018140466086855482,8,0.0,0.0,0.0,0.0,16.0,{},17.13504719734192,1751478839.080072,2025-07-02T17:53:59.080129
false_positive_rate,RS2ID,16,16,[2],1,256,10000000,sparse,,10000000,1.0,9999999,4.283683657924811e-05,4.283683657924811e-05,0.0038986602163182393,0.02252582358887579,0.0006330010364763439,4.4292979982856195,0.041908748593763645,44393.49336349427,{},3.777333177733306,0,6,1.1495904487197255,8,2.516,1.0,4.0,0.9326006648078267,16.0,{},1.8433947563171387,1751478840.9807422,2025-07-02T17:54:00.980795
false_positive_rate,RS2ID,16,16,[2],1,256,10000000,low_entropy,,10000000,1.0,9999999,4.283683657924811e-05,4.283683657924811e-05,0.0038986602163182393,0.024820305994550308,0.0009739997040014714,1.4852499989501666,0.02493394282977909,40289.59192604498,{},12.001207500120747,0,16,1.7322687838817648,8,11.953,6.0,16.0,1.743212838410732,16.0,{},7.389206647872925,1751478848.3713217,2025-07-02T17:54:08.371389
false_positive_rate,RS2ID,16,16,[2],1,512,10000000,random,,10000000,0.6287077628707762,6287077,4.283683657924811e-05,4.283683657924811e-05,0.007782120881154042,0.33364345586162697,0.0011500014807097614,17.714863002765924,0.6101072462155183,2997.2114915831985,{},7.999849199984956,0,8,0.018170752208123763,8,8.0,8.0,8.0,0.0,16.0,{},17.152913570404053,1751478865.5257607,2025-07-02T17:54:25.525822
false_positive_rate,RS2ID,16,16,[2],1,512,10000000,sparse,,10000000,1.0,9999999,4.283683657924811e-05,4.283683657924811e-05,0.007782120881154042,0.023807545165749046,0.0008360002539120615,3.62504399890895,0.05003700549854416,42003.49061769962,{},3.777333177733306,0,6,1.1495904487197255,8,2.526,1.0,4.0,1.0224108763114759,16.0,{},1.8968803882598877,1751478867.4240913,2025-07-02T17:54:27.424149
false_positive_rate,RS2ID,16,16,[2],1,512,10000000,low_entropy,,10000000,5.120000512000051e-05,512,4.283683657924811e-05,4.283683657924811e-05,0.007782120881154042,0.5978283388849407,0.07968499994603917,4.602195000188658,0.11766139864265296,1672.7209718180693,{},12.001207500120747,0,16,1.7322687838817648,8,13.0,13.0,13.0,0.0,16.0,{},7.774820804595947,1751478875.2003007,2025-07-02T17:54:35.200356
false_positive_rate,RS2ID,16,16,[2],1,1024,10000000,random,,10000000,1.0,9999999,4.283683657924811e-05,4.283683657924811e-05,0.015503680356899308,0.005397565966328936,0.0008120005077216774,0.5695380023098551,0.013560778988896044,185268.69448899635,{},7.999850199985016,0,8,0.018137710443388362,8,8.0,8.0,8.0,0.0,16.0,{},17.11856484413147,1751478892.3726516,2025-07-02T17:54:52.372708
false_positive_rate,RS2ID,16,16,[2],1,1024,10000000,sparse,,10000000,1.0,9999999,4.283683657924811e-05,4.283683657924811e-05,0.015503680356899308,0.024236949756639994,0.0010709991329349577,3.0326349988172296,0.04247696102742308,41259.31728376993,{},3.777333177733306,0,6,1.1495904487197255,8,2.585,1.0,4.0,1.039603289721613,16.0,{},1.9101073741912842,1751478894.2840662,2025-07-02T17:54:54.284124
false_positive_rate,RS2ID,16,16,[2],1,1024,10000000,low_entropy,,10000000,0.14184191418419143,1418419,4.283683657924811e-05,4.283683657924811e-05,0.015503680356899308,1.1057203923782897,0.002606000634841621,6.933351000043331,0.3420596781986402,904.3877700845364,{},12.001207500120747,0,16,1.7322687838817648,8,10.951,4.0,15.0,2.2765322312675482,16.0,{},7.744137525558472,1751478902.0295682,2025-07-02T17:55:02.029626
false_positive_rate,RS2ID,16,16,[2],1,2048,10000000,random,,10000000,0.01781760178176018,178176,4.283683657924811e-05,4.283683657924811e-05,0.03076699660918969,2.200718642727367,0.010371000826125965,54.41214899838087,2.645729391889394,454.39702312908685,{},7.999855799985587,0,8,0.01798271959084691,8,8.0,8.0,8.0,0.0,16.0,{},17.099708557128906,1751478919.1307182,2025-07-02T17:55:19.130775
false_positive_rate,RS2ID,16,16,[2],1,2048,10000000,sparse,,10000000,1.0,9999999,4.283683657924811e-05,4.283683657924811e-05,0.03076699660918969,0.02373660479599874,0.0011359989002812654,0.49610099813435227,0.023345403461670827,42129.02428946237,{},3.777333177733306,0,6,1.1495904487197255,8,2.532,1.0,4.0,1.0521292696242226,16.0,{},1.9141578674316406,1751478921.0463798,2025-07-02T17:55:21.046442
false_positive_rate,RS2ID,16,16,[2],1,2048,10000000,low_entropy,,10000000,1.0,9999999,4.283683657924811e-05,4.283683657924811e-05,0.03076699660918969,0.005152423009913869,0.00132000059238635,0.12202700236230157,0.0035120515991757056,194083.44347424156,{},12.001207500120747,0,16,1.7322687838817648,8,12.01,5.0,16.0,1.7343298417544457,16.0,{},7.5227296352386475,1751478928.6247709,2025-07-02T17:55:28.624824
false_positive_rate,RS2ID,16,16,[2],1,4096,10000000,random,,10000000,0.08314880831488083,831488,4.283683657924811e-05,4.283683657924811e-05,0.060587385138029415,4.758298372956694,0.011103998986072838,101.70819999984815,6.044476564944023,210.15916229284792,{},7.9998500999849895,0,8,0.01814046608684923,8,8.0,8.0,8.0,0.0,16.0,{},17.069306135177612,1751478945.6954446,2025-07-02T17:55:45.695533
false_positive_rate,RS2ID,16,16,[2],1,4096,10000000,sparse,,10000000,1.0,9999999,4.283683657924811e-05,4.283683657924811e-05,0.060587385138029415,0.025580673710972807,0.0010699986887630075,0.7280360005097464,0.027443782554261782,39092.01185624173,{},3.777333177733306,0,6,1.1495904487197255,8,2.558,1.0,4.0,1.0491120054598555,16.0,{},1.9902639389038086,1751478947.6871374,2025-07-02T17:55:47.687195
false_positive_rate,RS2ID,16,16,[2],1,4096,10000000,low_entropy,,10000000,1.0,9999999,4.283683657924811e-05,4.283683657924811e-05,0.060587385138029415,0.005438266266655656,0.001191001501865685,0.03852599911624566,0.003232662538540547,183882.13282814584,{},12.001207500120747,0,16,1.7322687838817648,8,12.054,6.0,16.0,1.754731888352178,16.0,{},7.456547737121582,1751478955.1452389,2025-07-02T17:55:55.145293
false_positive_rate,RS2ID,16,16,[2],1,8192,10000000,random,,10000000,1.0,9999999,4.283683657924811e-05,4.283683657924811e-05,0.117503939038195,0.03301605202593167,0.0019239996618125588,2.4701860020286404,0.09783875607608396,30288.297317152694,{},7.999849499984963,0,8,0.018156991153520877,8,8.0,8.0,8.0,0.0,16.0,{},17.139127492904663,1751478972.2857714,2025-07-02T17:56:12.285831
false_positive_rate,RS2ID,16,16,[2],1,8192,10000000,sparse,,10000000,1.0,9999999,4.283683657924811e-05,4.283683657924811e-05,0.117503939038195,0.027096400569275713,0.001963002432603389,1.4480720019491855,0.044827255780144036,36905.270773635086,{},3.777333177733306,0,6,1.1495904487197255,8,2.528,1.0,4.0,1.086837614365642,16.0,{},2.0105597972869873,1751478974.356504,2025-07-02T17:56:14.356560
false_positive_rate,RS2ID,16,16,[2],1,8192,10000000,low_entropy,,10000000,1.0,9999999,4.283683657924811e-05,4.283683657924811e-05,0.117503939038195,0.005485782095932406,0.0011920019460376352,0.03213300078641623,0.003224718851808291,182289.4133439021,{},12.001207500120747,0,16,1.7322687838817648,8,12.031,6.0,16.0,1.7527233095956702,16.0,{},7.397646188735962,1751478981.75555,2025-07-02T17:56:21.755612
false_positive_rate,RSID,8,16,[2],1,2,10000000,random,,10000000,0.007770800777080078,77708,0.010966230164287516,0.010966230164287516,0.0077972412109375,0.004550939783533224,0.0009180002962239087,9.417332999873906,0.0226079759263444,219734.83446613033,{},15.937427793742788,0,16,0.2512101187559413,16,15.929,14.0,16.0,0.26449763704048473,8.0,{},17.064592838287354,1751478998.8216307,2025-07-02T17:56:38.821680
false_positive_rate,RSID,8,16,[2],1,2,10000000,sparse,,10000000,0.007689200768920077,76892,0.010966230164287516,0.010966230164287516,0.0077972412109375,0.003985803890120979,0.0008269998943433166,10.004170002503088,0.008979636534885524,250890.41698176664,{},3.776370177637046,0,6,1.1510143362695495,16,2.68,2.0,4.0,0.8109253973085319,8.0,{},2.5863544940948486,1751479001.4093575,2025-07-02T17:56:41.409414
false_positive_rate,RSID,8,16,[2],1,2,10000000,low_entropy,,10000000,0.007818600781860079,78186,0.010966230164287516,0.010966230164287516,0.0077972412109375,0.004575689129044797,0.00092400296125561,9.48559699827456,0.013190375753237055,218546.31549428622,{},12.001207500120747,0,16,1.7322687838817648,16,12.0,7.0,16.0,1.7035257556021863,8.0,{},8.741053581237793,1751479010.1518943,2025-07-02T17:56:50.151949
false_positive_rate,RSID,8,16,[2],1,4,10000000,random,,10000000,0.015430001543000154,154300,0.010966230164287516,0.010966230164287516,0.015533685451373458,0.00816710525588658,0.0009370014595333487,6.058190003386699,0.0214480949526946,122442.40384672806,{},15.937467993746788,0,16,0.2511022762194903,16,15.923,14.0,16.0,0.2703164811845552,8.0,{},17.064019680023193,1751479027.2723355,2025-07-02T17:57:07.272383
false_positive_rate,RSID,8,16,[2],1,4,10000000,sparse,,10000000,0.015347901534790154,153479,0.010966230164287516,0.010966230164287516,0.015533685451373458,0.007504786156011273,0.0007820017344783992,18.12956199864857,0.022573377366707843,133248.30037948626,{},3.776370177637046,0,6,1.1510143362695495,16,2.679,2.0,4.0,0.8123786063160452,8.0,{},2.427854061126709,1751479029.7015352,2025-07-02T17:57:09.701581
false_positive_rate,RSID,8,16,[2],1,4,10000000,low_entropy,,10000000,0.015424401542440154,154244,0.010966230164287516,0.010966230164287516,0.015533685451373458,0.008085174410959656,0.0009800023690331727,9.769595999387093,0.015908007979616615,123683.16985771823,{},12.001207500120747,0,16,1.7322687838817648,16,12.0,6.0,16.0,1.7360875553957524,8.0,{},8.350125312805176,1751479038.0529206,2025-07-02T17:57:18.052977
false_positive_rate,RSID,8,16,[2],1,8,10000000,random,,10000000,0.03091950309195031,309195,0.010966230164287516,0.010966230164287516,0.030826075519044704,0.015136825189729225,0.0009830000635702163,8.041365999815753,0.03149788155032891,66064.05157394095,{},15.937603093760334,0,16,0.2508416461126187,16,15.934,15.0,16.0,0.24828209762284514,8.0,{},17.237372159957886,1751479055.291667,2025-07-02T17:57:35.291724
false_positive_rate,RSID,8,16,[2],1,8,10000000,sparse,,10000000,0.030666703066670308,306667,0.010966230164287516,0.010966230164287516,0.030826075519044704,0.01487399972223435,0.0008750030247028917,4.532798000582261,0.02588561102321859,67231.41177051075,{},3.776370177637046,0,6,1.1510143362695495,16,2.678,2.0,4.0,0.8125983017457027,8.0,{},2.414137601852417,1751479057.707263,2025-07-02T17:57:37.707318
false_positive_rate,RSID,8,16,[2],1,8,10000000,low_entropy,,10000000,0.03098670309867031,309867,0.010966230164287516,0.010966230164287516,0.030826075519044704,0.014878502178687641,0.0009370014595333487,10.903065998718375,0.021086729196900193,67211.06654354135,{},12.001207500120747,0,16,1.7322687838817648,16,11.884,6.0,16.0,1.6966272425020175,8.0,{},8.147596597671509,1751479065.9107056,2025-07-02T17:57:45.910755
false_positive_rate,RSID,8,16,[2],1,16,10000000,random,,10000000,0.060608306060830605,606083,0.010966230164287516,0.010966230164287516,0.06070190410618359,0.02871997987565207,0.0010709991329349577,5.850367997481953,0.052144196729345255,34818.96590212341,{},15.93746169374612,0,16,0.25112360531507233,16,15.927,14.0,16.0,0.26395264726840684,8.0,{},17.052996158599854,1751479082.9650989,2025-07-02T17:58:02.965149
false_positive_rate,RSID,8,16,[2],1,16,10000000,sparse,,10000000,0.06130110613011061,613011,0.010966230164287516,0.010966230164287516,0.06070190410618359,0.027998044227734838,0.0007910020940471441,10.254904002067633,0.030598651179645973,35716.780496024825,{},3.776370177637046,0,6,1.1510143362695495,16,2.679,2.0,4.0,0.8136086282728324,8.0,{},2.3093628883361816,1751479085.275819,2025-07-02T17:58:05.275873
false_positive_rate,RSID,8,16,[2],1,16,10000000,low_entropy,,10000000,0.06062560606256061,606256,0.010966230164287516,0.010966230164287516,0.06070190410618359,0.027782025311880405,0.0011219999578315765,4.06513399866526,0.019673464758523856,35994.49603742067,{},12.001207500120747,0,16,1.7322687838817648,16,11.883,5.0,16.0,1.766157127777707,8.0,{},7.833320379257202,1751479093.1105528,2025-07-02T17:58:13.110605
false_positive_rate,RSID,8,16,[2],1,32,10000000,random,,10000000,0.11901621190162119,1190162,0.010966230164287516,0.010966230164287516,0.1177190870502508,0.054178680029625795,0.0010209987522102892,9.662644999480108,0.08697103092124259,18457.444874130997,{},15.937463393746349,0,16,0.2511345809658331,16,15.929,14.0,16.0,0.26825174743140073,8.0,{},17.04339909553528,1751479110.1553955,2025-07-02T17:58:30.155447
false_positive_rate,RSID,8,16,[2],1,32,10000000,sparse,,10000000,0.1197260119726012,1197260,0.010966230164287516,0.010966230164287516,0.1177190870502508,0.05275929789416375,0.0008899987733457237,17.71468500010087,0.07125441051097703,18954.0050742529,{},3.776370177637046,0,6,1.1510143362695495,16,2.682,2.0,4.0,0.8166247608295992,8.0,{},2.2547943592071533,1751479112.4637003,2025-07-02T17:58:32.463758
false_positive_rate,RSID,8,16,[2],1,32,10000000,low_entropy,,10000000,0.11811521181152118,1181152,0.010966230164287516,0.010966230164287516,0.1177190870502508,0.05312965415959809,0.001209999027196318,6.050750998838339,0.04605616652422245,18821.880469917305,{},12.001207500120747,0,16,1.7322687838817648,16,12.038,6.0,16.0,1.7551512755315422,8.0,{},7.996846675872803,1751479120.4619884,2025-07-02T17:58:40.462044
false_positive_rate,RSID,8,16,[2],1,64,10000000,random,,10000000,0.2215269221526922,2215269,0.010966230164287516,0.010966230164287516,0.22158039064455715,0.10294692365137634,0.0010919975466094911,12.854419997893274,0.1522636532075389,9713.74339835973,{},15.937420493742035,0,16,0.25112807546290555,16,15.943,14.0,16.0,0.23611649667060539,8.0,{},17.261451482772827,1751479137.7248645,2025-07-02T17:58:57.724916
false_positive_rate,RSID,8,16,[2],1,64,10000000,sparse,,10000000,0.22699762269976226,2269976,0.010966230164287516,0.010966230164287516,0.22158039064455715,0.1011632346597635,0.0009809991752263159,8.097688001726056,0.07795734947933558,9885.014089982815,{},3.776370177637046,0,6,1.1510143362695495,16,2.696,2.0,4.0,0.8207216336858679,8.0,{},2.2294440269470215,1751479139.955656,2025-07-02T17:58:59.955713
false_positive_rate,RSID,8,16,[2],1,64,10000000,low_entropy,,10000000,0.2215487221548722,2215487,0.010966230164287516,0.010966230164287516,0.22158039064455715,0.09810749174410237,0.0012599994079209864,5.982356000458822,0.05756068818679804,10192.901502449367,{},12.001207500120747,0,16,1.7322687838817648,16,12.018,6.0,16.0,1.7668265336472622,8.0,{},7.792117595672607,1751479147.749405,2025-07-02T17:59:07.749459
false_positive_rate,RSID,8,16,[2],1,128,10000000,random,,10000000,0.3929138392913839,3929138,0.010966230164287516,0.010966230164287516,0.3940629117709197,0.17848768722071817,0.0015790028555784374,9.636332000809489,0.24976976742734738,5602.627360863264,{},15.937499093749892,0,16,0.25103374624342695,16,15.949,14.0,16.0,0.22890827857462906,8.0,{},17.03468918800354,1751479164.8391023,2025-07-02T17:59:24.839150
false_positive_rate,RSID,8,16,[2],1,128,10000000,sparse,,10000000,0.39261683926168395,3926168,0.010966230164287516,0.010966230164287516,0.3940629117709197,0.17566800085741738,0.001081996742868796,9.37590600005933,0.11328649685952236,5692.556385449275,{},3.776370177637046,0,6,1.1510143362695495,16,2.694,2.0,4.0,0.8211966877673096,8.0,{},2.174057960510254,1751479167.0145342,2025-07-02T17:59:27.014583
false_positive_rate,RSID,8,16,[2],1,128,10000000,low_entropy,,10000000,0.3922359392235939,3922359,0.010966230164287516,0.010966230164287516,0.3940629117709197,0.17232680696751076,0.0013870012480765581,12.276620996999554,0.11878680141272485,5802.92769069024,{},12.001207500120747,0,16,1.7322687838817648,16,11.914,6.0,16.0,1.7042898814462286,8.0,{},7.723583936691284,1751479174.7395399,2025-07-02T17:59:34.739592
false_positive_rate,RSID,8,16,[2],1,256,10000000,random,,10000000,0.6282344628234463,6282344,0.010966230164287516,0.010966230164287516,0.6328402451084638,0.2980345316086585,0.0015650002751499414,21.98873000088497,0.48947475012984837,3355.3158910896755,{},15.937408593740901,0,16,0.25116990402304645,16,15.935,14.0,16.0,0.258408591188451,8.0,{},17.06232762336731,1751479191.8031826,2025-07-02T17:59:51.803240
false_positive_rate,RSID,8,16,[2],1,256,10000000,sparse,,10000000,0.6478388647838865,6478388,0.010966230164287516,0.010966230164287516,0.6328402451084638,0.28629663901705926,0.0013300013961270452,7.515695000620326,0.19153392615385098,3492.8806828934307,{},3.776370177637046,0,6,1.1510143362695495,16,2.686,2.0,4.0,0.8095702563706254,8.0,{},2.072844982147217,1751479193.877442,2025-07-02T17:59:53.877492
false_positive_rate,RSID,8,16,[2],1,256,10000000,low_entropy,,10000000,0.6326018632601863,6326018,0.010966230164287516,0.010966230164287516,0.6328402451084638,0.27318787229050806,0.0018069986253976822,10.184376002143836,0.1993547760419763,3660.4846021004905,{},12.001207500120747,0,16,1.7322687838817648,16,11.949,6.0,16.0,1.7771885099786122,8.0,{},7.549583911895752,1751479201.4745183,2025-07-02T18:00:01.474570
false_positive_rate,RSID,8,16,[2],1,512,10000000,random,,10000000,0.8641871864187186,8641871,0.010966230164287516,0.010966230164287516,0.865193714387987,0.3985168489682449,0.0015859986888244748,19.10427199982223,0.617931697586652,2509.3041927561844,{},15.937260693726058,0,16,0.2515207421423242,16,15.933,14.0,16.0,0.2617460601422685,8.0,{},17.038001537322998,1751479218.5139399,2025-07-02T18:00:18.513992
false_positive_rate,RSID,8,16,[2],1,512,10000000,sparse,,10000000,0.9152564915256491,9152564,0.010966230164287516,0.010966230164287516,0.865193714387987,0.3688536327338605,0.0024849978217389435,5.073084001196548,0.29713353544858806,2711.1024841702765,{},3.776370177637046,0,6,1.1510143362695495,16,2.59,2.0,4.0,0.8011866199581719,8.0,{},1.9580602645874023,1751479220.4733622,2025-07-02T18:00:20.473414
false_positive_rate,RSID,8,16,[2],1,512,10000000,low_entropy,,10000000,0.8670518867051886,8670518,0.010966230164287516,0.010966230164287516,0.865193714387987,0.3744094029247604,0.0018659993656910956,4.826659001992084,0.31629170988709887,2670.8730928986724,{},12.001207500120747,0,16,1.7322687838817648,16,11.965,6.0,16.0,1.7046333916710654,8.0,{},7.532549142837524,1751479228.0076053,2025-07-02T18:00:28.007657
false_positive_rate,RSID,8,16,[2],1,1024,10000000,random,,10000000,0.9836188983618899,9836188,0.010966230164287516,0.010966230164287516,0.9818272653594924,0.4557165790576613,0.0024280016077682376,25.342212997202296,0.8532990167724002,2194.3463239099565,{},15.937626993762732,0,16,0.25080871890086137,16,15.941,14.0,16.0,0.23983119063207772,8.0,{},17.057994604110718,1751479245.0669906,2025-07-02T18:00:45.067048
false_positive_rate,RSID,8,16,[2],1,1024,10000000,sparse,,10000000,0.99942929994293,9994292,0.010966230164287516,0.010966230164287516,0.9818272653594924,0.4112457874574966,0.0026990019250661135,5.362416002753889,0.4031029344181087,2431.6358501382892,{},3.776370177637046,0,6,1.1510143362695495,16,2.71,2.0,4.0,0.8413679337840253,8.0,{},2.0460381507873535,1751479247.1731973,2025-07-02T18:00:47.173256
false_positive_rate,RSID,8,16,[2],1,1024,10000000,low_entropy,,10000000,0.9836694983669498,9836694,0.010966230164287516,0.010966230164287516,0.9818272653594924,0.43162504583718747,0.0019319995772093534,6.639898001594702,0.44089096667320976,2316.825702411181,{},12.001207500120747,0,16,1.7322687838817648,16,11.986,6.0,16.0,1.7543671223549535,8.0,{},7.4559338092803955,1751479254.630524,2025-07-02T18:00:54.630579
false_positive_rate,RSID,8,16,[2],1,2048,10000000,random,,10000000,0.99979519997952,9997951,0.010966230164287516,0.010966230164287516,0.9996697517156857,0.4849193745980408,0.0024339969968423247,18.551034001575317,0.8388872584613106,2062.198485735736,{},15.93741719374177,0,16,0.25122220662888994,16,15.944,14.0,16.0,0.2384617369726221,8.0,{},17.042080640792847,1751479271.6739516,2025-07-02T18:01:11.674002
false_positive_rate,RSID,8,16,[2],1,2048,10000000,sparse,,10000000,1.0,9999999,0.010966230164287516,0.010966230164287516,0.9996697517156857,0.3680880451516191,0.0028800022846553475,4.498639998928411,0.3251007582456815,2716.7413154863266,{},3.776370177637046,0,6,1.1510143362695495,16,2.751,2.0,4.0,0.8276466637400286,8.0,{},1.8185396194458008,1751479273.4937596,2025-07-02T18:01:13.493814
false_positive_rate,RSID,8,16,[2],1,2048,10000000,low_entropy,,10000000,0.99959039995904,9995903,0.010966230164287516,0.010966230164287516,0.9996697517156857,0.4281337252669069,0.0020240004232618958,4.5605340019392315,0.45505001057677197,2335.718820974873,{},12.001207500120747,0,16,1.7322687838817648,16,11.994,6.0,16.0,1.7383797053578371,8.0,{},7.360580921173096,1751479280.855792,2025-07-02T18:01:20.855846
false_positive_rate,RSID,8,16,[2],1,4096,10000000,random,,10000000,1.0,9999999,0.010966230164287516,0.010966230164287516,0.9999998909360707,0.5253232070572267,0.005083002179162577,42.86275699996622,1.4697025960191992,1903.5899929147122,{},15.93744069374412,0,16,0.25115500800852836,16,15.939,14.0,16.0,0.2515531752930183,8.0,{},17.046212911605835,1751479297.9612482,2025-07-02T18:01:37.961305
false_positive_rate,RSID,8,16,[2],1,4096,10000000,sparse,,10000000,1.0,9999999,0.010966230164287516,0.010966230164287516,0.9999998909360707,0.39085000491184757,0.0020080005924683064,4.454453999642283,0.31710128585828856,2558.5262567043856,{},3.776370177637046,0,6,1.1510143362695495,16,2.643,2.0,4.0,0.8255610213666825,8.0,{},1.8219902515411377,1751479299.7848496,2025-07-02T18:01:39.784905
false_positive_rate,RSID,8,16,[2],1,4096,10000000,low_entropy,,10000000,0.99987969998797,9998796,0.010966230164287516,0.010966230164287516,0.9999998909360707,0.4355668960871098,0.00232499951380305,4.81660799778183,0.452442524512884,2295.8585902267655,{},12.001207500120747,0,16,1.7322687838817648,16,12.001,7.0,16.0,1.7306065410716556,8.0,{},7.409233808517456,1751479307.195516,2025-07-02T18:01:47.195578
false_positive_rate,RSID,8,16,[2],1,8192,10000000,random,,10000000,0.99987969998797,9998796,0.010966230164287516,0.010966230164287516,0.9999999999999881,0.5085021369454924,0.004842997441301122,21.39007000005222,1.0056567029395151,1966.560073880658,{},15.937361393736115,0,16,0.2513515656342855,16,15.927,14.0,16.0,0.26395264726840684,8.0,{},17.028149127960205,1751479324.2251513,2025-07-02T18:02:04.225207
false_positive_rate,RSID,8,16,[2],1,8192,10000000,sparse,,10000000,1.0,9999999,0.010966230164287516,0.010966230164287516,0.9999999999999881,0.4014913108851313,0.004313998942961916,2.926625998952659,0.33561436921059157,2490.7139280184947,{},3.776370177637046,0,6,1.1510143362695495,16,2.591,2.0,4.0,0.8146895114091011,8.0,{},1.8470704555511475,1751479326.0736828,2025-07-02T18:02:06.073739
false_positive_rate,RSID,8,16,[2],1,8192,10000000,low_entropy,,10000000,1.0,9999999,0.010966230164287516,0.010966230164287516,0.9999999999999881,0.436068855751961,0.0026220004656352103,3.5593569991760887,0.43111197293705406,2293.215823165337,{},12.001207500120747,0,16,1.7322687838817648,16,12.052,7.0,16.0,1.7161864700550464,8.0,{},7.371734857559204,1751479333.5071762,2025-07-02T18:02:13.507242
false_positive_rate,RSID,8,16,"[2, 3]",2,2,10000000,random,,10000000,3.340000334000033e-05,334,0.005483115082143758,0.010923560008006242,3.0517345294356346e-05,0.006067888698807527,0.001252999936696142,6.4810990006662905,0.018183953368632294,164801.96813704277,{},15.937407093740694,0,16,0.25125770191866753,16,15.946107784431138,14.0,16.0,0.2509260699372092,8.0,{},17.089186906814575,1751479350.5978317,2025-07-02T18:02:30.597880
false_positive_rate,RSID,8,16,"[2, 3]",2,2,10000000,sparse,,10000000,0.0,0,0.005483115082143758,0.010923560008006242,3.0517345294356346e-05,0.005731700446503725,0.0011540032573975623,5.160229000466643,0.010110856712538809,174468.2942406715,{},3.776370177637046,0,6,1.1510143362695495,16,0.0,0.0,0.0,0.0,8.0,{},3.1748180389404297,1751479353.7740138,2025-07-02T18:02:33.774060
false_positive_rate,RSID,8,16,"[2, 3]",2,2,10000000,low_entropy,,10000000,2.5200002520000253e-05,252,0.005483115082143758,0.010923560008006242,3.0517345294356346e-05,0.006124003044574722,0.0013410026440396905,5.050113002653234,0.00991806201188321,163291.88485396066,{},12.001207500120747,0,16,1.7322687838817648,16,11.69047619047619,7.0,15.0,1.7433059531414739,8.0,{},9.089097023010254,1751479362.864567,2025-07-02T18:02:42.864620
false_positive_rate,RSID,8,16,"[2, 3]",2,4,10000000,random,,10000000,5.720000572000057e-05,572,0.005483115082143758,0.010923560008006242,6.103375928034893e-05,0.01158016951317395,0.0026330017135478556,9.555434000503737,0.03656224438961536,86354.5217418769,{},15.937518393751786,0,16,0.2509973186552534,16,15.93006993006993,14.0,16.0,0.2811154019893955,8.0,{},16.964481353759766,1751479379.8305228,2025-07-02T18:02:59.830571
false_positive_rate,RSID,8,16,"[2, 3]",2,4,10000000,sparse,,10000000,0.0,0,0.005483115082143758,0.010923560008006242,6.103375928034893e-05,0.01096579290893624,0.0035379998735152185,10.577802000625525,0.021827424409596136,91192.67601571066,{},3.776370177637046,0,6,1.1510143362695495,16,0.0,0.0,0.0,0.0,8.0,{},3.0093367099761963,1751479382.8978734,2025-07-02T18:03:02.897939
false_positive_rate,RSID,8,16,"[2, 3]",2,4,10000000,low_entropy,,10000000,6.00000060000006e-05,600,0.005483115082143758,0.010923560008006242,6.103375928034893e-05,0.011325363708412374,0.0020270017557777464,4.041312000481412,0.013725478966318497,88297.38503296008,{},12.001207500120747,0,16,1.7322687838817648,16,12.02,6.0,15.0,1.7906051118732644,8.0,{},8.808093547821045,1751479391.7082975,2025-07-02T18:03:11.708345
false_positive_rate,RSID,8,16,"[2, 3]",2,8,10000000,random,,10000000,0.00011200001120000112,1120,0.005483115082143758,0.010923560008006242,0.00012206379344092966,0.021780726707556805,0.002736000169534236,6.879249998746673,0.04024257773022155,45912.150380779116,{},15.93743269374324,0,16,0.25107058204071825,16,15.978571428571428,15.0,16.0,0.14480810666223778,8.0,{},17.04720377922058,1751479408.7569597,2025-07-02T18:03:28.757008
false_positive_rate,RSID,8,16,"[2, 3]",2,8,10000000,sparse,,10000000,0.0,0,0.005483115082143758,0.010923560008006242,0.00012206379344092966,0.021302057768960183,0.0034799995773937553,6.67798599897651,0.019760544391401156,46943.821617887435,{},3.776370177637046,0,6,1.1510143362695495,16,0.0,0.0,0.0,0.0,8.0,{},2.8755359649658203,1751479411.6340559,2025-07-02T18:03:31.634108
false_positive_rate,RSID,8,16,"[2, 3]",2,8,10000000,low_entropy,,10000000,0.0001312000131200013,1312,0.005483115082143758,0.010923560008006242,0.00012206379344092966,0.02179962789832854,0.003197998012183234,5.749461000959855,0.02056408558070786,45872.34262272311,{},12.001207500120747,0,16,1.7322687838817648,16,12.00609756097561,7.0,16.0,1.6982665165437265,8.0,{},8.715632200241089,1751479420.3512495,2025-07-02T18:03:40.351297
false_positive_rate,RSID,8,16,"[2, 3]",2,16,10000000,random,,10000000,0.0002720000272000027,2720,0.005483115082143758,0.010923560008006242,0.00024411268731217017,0.042756083537373056,0.0029620023269671947,8.310976001666859,0.0660168248553861,23388.484567953958,{},15.937403493740367,0,16,0.2512285456252569,16,15.947058823529412,14.0,16.0,0.24880336450066587,8.0,{},17.09366226196289,1751479437.4926095,2025-07-02T18:03:57.492665
false_positive_rate,RSID,8,16,"[2, 3]",2,16,10000000,sparse,,10000000,0.0,0,0.005483115082143758,0.010923560008006242,0.00024411268731217017,0.0460953332040547,0.002677999873412773,9.231203999661375,0.08882502338862247,21694.17011421097,{},3.776370177637046,0,6,1.1510143362695495,16,0.0,0.0,0.0,0.0,8.0,{},3.154006242752075,1751479440.6483042,2025-07-02T18:04:00.648396
false_positive_rate,RSID,8,16,"[2, 3]",2,16,10000000,low_entropy,,10000000,0.00023200002320000233,2320,0.005483115082143758,0.010923560008006242,0.00024411268731217017,0.04248872290046007,0.0021550004021264613,10.314273000403773,0.046944564589193924,23535.656798693097,{},12.001207500120747,0,16,1.7322687838817648,16,11.875862068965517,6.0,16.0,1.8602289759715052,8.0,{},8.828440189361572,1751479449.4784865,2025-07-02T18:04:09.478580
false_positive_rate,RSID,8,16,"[2, 3]",2,32,10000000,random,,10000000,0.0005408000540800054,5408,0.005483115082143758,0.010923560008006242,0.0004881657836202091,0.08276863246439163,0.003334997018100694,7.73681800274062,0.10927021315739291,12081.87172151498,{},15.937516093751565,0,16,0.251022442248189,16,15.905325443786982,14.0,16.0,0.3123229164590922,8.0,{},16.932480573654175,1751479466.4124603,2025-07-02T18:04:26.412511
false_positive_rate,RSID,8,16,"[2, 3]",2,32,10000000,sparse,,10000000,0.0,0,0.005483115082143758,0.010923560008006242,0.0004881657836202091,0.08274325252804099,0.02198699803557247,17.96927599934861,0.052529553377279985,12085.577608411133,{},3.776370177637046,0,6,1.1510143362695495,16,0.0,0.0,0.0,0.0,8.0,{},2.8099849224090576,1751479469.223865,2025-07-02T18:04:29.223916
false_positive_rate,RSID,8,16,"[2, 3]",2,32,10000000,low_entropy,,10000000,0.0004832000483200048,4832,0.005483115082143758,0.010923560008006242,0.0004881657836202091,0.08196559851472156,0.0035900011425837874,3.585238002415281,0.03490437643057512,12200.240321802732,{},12.001207500120747,0,16,1.7322687838817648,16,11.841059602649006,6.0,16.0,1.7112511020291175,8.0,{},8.497818946838379,1751479477.7782996,2025-07-02T18:04:37.778348
false_positive_rate,RSID,8,16,"[2, 3]",2,64,10000000,random,,10000000,0.0010496001049600104,10496,0.005483115082143758,0.010923560008006242,0.0009760932614082396,0.16531803607714457,0.003302000550320372,9.289103996707126,0.19498849518993538,6048.946767873268,{},15.937446593744674,0,16,0.25117578740853247,16,15.963414634146341,15.0,16.0,0.18774151607732503,8.0,{},16.98091769218445,1751479494.760679,2025-07-02T18:04:54.760732
false_positive_rate,RSID,8,16,"[2, 3]",2,64,10000000,sparse,,10000000,0.0,0,0.005483115082143758,0.010923560008006242,0.0009760932614082396,0.16479559055247733,0.04586100112646818,10.821353997016558,0.07989128423947854,6068.123525923838,{},3.776370177637046,0,6,1.1510143362695495,16,0.0,0.0,0.0,0.0,8.0,{},2.8036177158355713,1751479497.5656936,2025-07-02T18:04:57.565745
false_positive_rate,RSID,8,16,"[2, 3]",2,64,10000000,low_entropy,,10000000,0.0009600000960000096,9600,0.005483115082143758,0.010923560008006242,0.0009760932614082396,0.1646367187497301,0.0033819997042883188,5.713359001674689,0.08832741539998049,6073.979168159529,{},12.001207500120747,0,16,1.7322687838817648,16,11.893333333333333,7.0,16.0,1.8079331354400867,8.0,{},8.574463129043579,1751479506.1416924,2025-07-02T18:05:06.141744
false_positive_rate,RSID,8,16,"[2, 3]",2,128,10000000,random,,10000000,0.0018944001894400189,18944,0.005483115082143758,0.010923560008006242,0.001951233764761473,0.3283041271252185,0.0035670018405653536,11.832643001980614,0.373287820342415,3045.956225882564,{},15.937518193751819,0,16,0.2509438763205742,16,15.932432432432432,15.0,16.0,0.25100237325684743,8.0,{},16.990888118743896,1751479523.1340165,2025-07-02T18:05:23.134066
false_positive_rate,RSID,8,16,"[2, 3]",2,128,10000000,sparse,,10000000,0.0,0,0.005483115082143758,0.010923560008006242,0.001951233764761473,0.33198871672614144,0.05504100045072846,8.973053998488467,0.12367934998913624,3012.1505630111615,{},3.776370177637046,0,6,1.1510143362695495,16,0.0,0.0,0.0,0.0,8.0,{},2.8374273777008057,1751479526.0317485,2025-07-02T18:05:26.031796
false_positive_rate,RSID,8,16,"[2, 3]",2,128,10000000,low_entropy,,10000000,0.0019072001907200192,19072,0.005483115082143758,0.010923560008006242,0.001951233764761473,0.32033110843954044,0.00886499765329063,11.795497001003241,0.11204298629138476,3121.769861414321,{},12.001207500120747,0,16,1.7322687838817648,16,12.140939597315436,6.0,15.0,1.6467178428831202,8.0,{},8.394412994384766,1751479534.4277518,2025-07-02T18:05:34.427810
false_positive_rate,RSID,8,16,"[2, 3]",2,256,10000000,random,,10000000,0.004121600412160041,41216,0.005483115082143758,0.010923560008006242,0.0038986602163182393,0.6635737544766657,0.0042149986256845295,18.35794599901419,0.6768130091627346,1506.9914885175958,{},15.937421593742156,0,16,0.2511472634323958,16,15.93167701863354,14.0,16.0,0.2758211591450251,8.0,{},16.981797456741333,1751479551.4109707,2025-07-02T18:05:51.411020
false_positive_rate,RSID,8,16,"[2, 3]",2,256,10000000,sparse,,10000000,0.0,0,0.005483115082143758,0.010923560008006242,0.0038986602163182393,0.6614697110951803,0.20043200129293837,10.968452999804867,0.17907080887467536,1511.7850193689487,{},3.776370177637046,0,6,1.1510143362695495,16,0.0,0.0,0.0,0.0,8.0,{},2.7926833629608154,1751479554.20519,2025-07-02T18:05:54.205239
false_positive_rate,RSID,8,16,"[2, 3]",2,256,10000000,low_entropy,,10000000,0.0041472004147200415,41472,0.005483115082143758,0.010923560008006242,0.0038986602163182393,0.6484343424215041,0.016029000107664615,12.216813000122784,0.18552303559419303,1542.1761843544778,{},12.001207500120747,0,16,1.7322687838817648,16,11.919753086419753,7.0,16.0,1.8789884166481394,8.0,{},8.499681234359741,1751479562.706462,2025-07-02T18:06:02.706521
false_positive_rate,RSID,8,16,"[2, 3]",2,512,10000000,random,,10000000,0.008312300831230083,83123,0.005483115082143758,0.010923560008006242,0.007782120881154042,1.344665518109217,0.007794002158334479,43.74224400089588,1.3825148231490745,743.6793660077907,{},15.937412793741279,0,16,0.25112874487177855,16,15.92638036809816,14.0,16.0,0.28367185329317524,8.0,{},16.953569650650024,1751479579.722251,2025-07-02T18:06:19.722296
false_positive_rate,RSID,8,16,"[2, 3]",2,512,10000000,sparse,,10000000,0.0,0,0.005483115082143758,0.010923560008006242,0.007782120881154042,1.314157006282896,0.20389800192788243,12.9738149989862,0.31268542120598747,760.9440844732155,{},3.776370177637046,0,6,1.1510143362695495,16,0.0,0.0,0.0,0.0,8.0,{},2.773190975189209,1751479582.496814,2025-07-02T18:06:22.496870
false_positive_rate,RSID,8,16,"[2, 3]",2,512,10000000,low_entropy,,10000000,0.007219200721920073,72192,0.005483115082143758,0.010923560008006242,0.007782120881154042,1.294603513396576,0.012004999007331207,5.600099000730552,0.29338614992911727,772.437267203422,{},12.001207500120747,0,16,1.7322687838817648,16,12.092198581560284,8.0,16.0,1.7540255997382121,8.0,{},8.42052674293518,1751479590.918917,2025-07-02T18:06:30.918964
false_positive_rate,RSID,8,16,"[2, 3]",2,1024,10000000,random,,10000000,0.016384001638400165,163840,0.005483115082143758,0.010923560008006242,0.015503680356899308,2.6969097419312384,0.0061639984778594226,55.84728699977859,2.5115307556275877,370.79475981421126,{},15.937527093752701,0,16,0.25101442398747686,16,15.9375,15.0,16.0,0.24206145913796356,8.0,{},16.944629907608032,1751479607.8649266,2025-07-02T18:06:47.864986
false_positive_rate,RSID,8,16,"[2, 3]",2,1024,10000000,sparse,,10000000,0.0,0,0.005483115082143758,0.010923560008006242,0.015503680356899308,2.6384069736610294,0.2017879996856209,7.1230920002562925,0.43751834987918153,379.0165846220491,{},3.776370177637046,0,6,1.1510143362695495,16,0.0,0.0,0.0,0.0,8.0,{},2.8363003730773926,1751479610.702823,2025-07-02T18:06:50.702874
false_positive_rate,RSID,8,16,"[2, 3]",2,1024,10000000,low_entropy,,10000000,0.01290240129024013,129024,0.005483115082143758,0.010923560008006242,0.015503680356899308,2.610782228620474,0.007501999789383262,11.704811997333309,0.5703719571179096,383.02696756458147,{},12.001207500120747,0,16,1.7322687838817648,16,12.015873015873016,7.0,16.0,1.613357570578109,8.0,{},8.526773452758789,1751479619.2945027,2025-07-02T18:06:59.294577
false_positive_rate,RSID,8,16,"[2, 3]",2,2048,10000000,random,,10000000,0.03084030308403031,308403,0.005483115082143758,0.010923560008006242,0.03076699660918969,5.551517630945252,0.07686499884584919,74.04437199875247,4.238082526524224,180.1309239163365,{},15.9375280937528,0,16,0.2509883782871117,16,15.927152317880795,14.0,16.0,0.28422865872682035,8.0,{},16.905597448349,1751479636.2016945,2025-07-02T18:07:16.201750
false_positive_rate,RSID,8,16,"[2, 3]",2,2048,10000000,sparse,,10000000,0.0,0,0.005483115082143758,0.010923560008006242,0.03076699660918969,5.281148820032595,1.3104940007906407,13.017533001402626,0.8200192061688861,189.35274010964685,{},3.776370177637046,0,6,1.1510143362695495,16,0.0,0.0,0.0,0.0,8.0,{},2.8811817169189453,1751479639.0843031,2025-07-02T18:07:19.084359
false_positive_rate,RSID,8,16,"[2, 3]",2,2048,10000000,low_entropy,,10000000,0.028262402826240283,282624,0.005483115082143758,0.010923560008006242,0.03076699660918969,5.190944454847596,0.042240000766469166,13.846923000528477,1.0789935069106846,192.64317094862068,{},12.001207500120747,0,16,1.7322687838817648,16,12.217391304347826,8.0,16.0,1.5545125077451065,8.0,{},8.613393783569336,1751479647.6992435,2025-07-02T18:07:27.699300
false_positive_rate,RSID,8,16,"[2, 3]",2,4096,10000000,random,,10000000,0.0598016059801606,598016,0.005483115082143758,0.010923560008006242,0.060587385138029415,11.235863237480807,0.09923100151354447,155.66995900007896,9.205473736587063,89.00072730185794,{},15.937329293732917,0,16,0.2513863303039947,16,15.965753424657533,15.0,16.0,0.18186189105961306,8.0,{},17.046348810195923,1751479664.7469988,2025-07-02T18:07:44.747049
false_positive_rate,RSID,8,16,"[2, 3]",2,4096,10000000,sparse,,10000000,0.0,0,0.005483115082143758,0.010923560008006242,0.060587385138029415,10.616601431343632,1.277277999179205,30.751950998819666,1.9889344002270373,94.19210153709618,{},3.776370177637046,0,6,1.1510143362695495,16,0.0,0.0,0.0,0.0,8.0,{},2.9216694831848145,1751479667.7318232,2025-07-02T18:07:47.731886
false_positive_rate,RSID,8,16,"[2, 3]",2,4096,10000000,low_entropy,,10000000,0.058572805857280585,585728,0.005483115082143758,0.010923560008006242,0.060587385138029415,10.19005568466346,0.027311001758789644,18.4986790009134,2.552082611017864,98.134890617433,{},12.001207500120747,0,16,1.7322687838817648,16,11.93006993006993,7.0,16.0,1.6541972453665605,8.0,{},8.589774131774902,1751479676.3232899,2025-07-02T18:07:56.323343
false_positive_rate,RSID,8,16,"[2, 3]",2,8192,10000000,random,,10000000,0.13271041327104133,1327104,0.005483115082143758,0.010923560008006242,0.117503939038195,21.99967009212637,0.01763700129231438,213.64573399841902,15.43695349401406,45.45522709260525,{},15.937440693744096,0,16,0.2511864606199962,16,15.91358024691358,14.0,16.0,0.30215403087704734,8.0,{},16.96256160736084,1751479693.2873561,2025-07-02T18:08:13.287409
false_positive_rate,RSID,8,16,"[2, 3]",2,8192,10000000,sparse,,10000000,0.0,0,0.005483115082143758,0.010923560008006242,0.117503939038195,21.25323337583478,1.4063480011827778,44.88294699694961,4.678739019497339,47.05166420169337,{},3.776370177637046,0,6,1.1510143362695495,16,0.0,0.0,0.0,0.0,8.0,{},3.0130198001861572,1751479696.301838,2025-07-02T18:08:16.301897
false_positive_rate,RSID,8,16,"[2, 3]",2,8192,10000000,low_entropy,,10000000,0.11726591172659118,1172659,0.005483115082143758,0.010923560008006242,0.117503939038195,19.622864153849406,0.0888620015757624,44.95594800027902,6.022321695769943,50.960960243096345,{},12.001207500120747,0,16,1.7322687838817648,16,11.8125,7.0,16.0,1.6872427787501254,8.0,{},8.50763750076294,1751479704.8112223,2025-07-02T18:08:24.811276
false_positive_rate,RSID,8,16,"[2, 3, 4]",3,2,10000000,random,,10000000,0.0,0,0.0036554100547625053,0.010923393978793286,1.1920928599806757e-07,0.007455067451878087,0.0016280027921311557,8.023536000109743,0.019775878878334457,134136.94865337256,{},15.937294693729466,0,16,0.2514385590409192,16,0.0,0.0,0.0,0.0,8.0,{},16.871268033981323,1751479721.748263,2025-07-02T18:08:41.748311
false_positive_rate,RSID,8,16,"[2, 3, 4]",3,2,10000000,sparse,,10000000,0.0,0,0.0036554100547625053,0.010923393978793286,1.1920928599806757e-07,0.007299900743812352,0.0015410005289595574,6.61316799960332,0.013581143837356329,136988.16396204216,{},3.776370177637046,0,6,1.1510143362695495,16,0.0,0.0,0.0,0.0,8.0,{},3.6574153900146484,1751479725.407133,2025-07-02T18:08:45.407185
false_positive_rate,RSID,8,16,"[2, 3, 4]",3,2,10000000,low_entropy,,10000000,4.00000040000004e-07,4,0.0036554100547625053,0.010923393978793286,1.1920928599806757e-07,0.00769671559480987,0.001630000042496249,8.074017001490574,0.012477672855782834,129925.5491101075,{},12.001207500120747,0,16,1.7322687838817648,16,10.5,8.0,13.0,2.5,8.0,{},9.698230981826782,1751479735.1069152,2025-07-02T18:08:55.106976
false_positive_rate,RSID,8,16,"[2, 3, 4]",3,4,10000000,random,,10000000,0.0,0,0.0036554100547625053,0.010923393978793286,2.3841855778528043e-07,0.01422663881292596,0.004444002115633339,4.829902001802111,0.028240510627051397,70290.67182695505,{},15.937386493738668,0,16,0.25123824062406697,16,0.0,0.0,0.0,0.0,8.0,{},17.01555347442627,1751479752.1239114,2025-07-02T18:09:12.123961
false_positive_rate,RSID,8,16,"[2, 3, 4]",3,4,10000000,sparse,,10000000,0.0,0,0.0036554100547625053,0.010923393978793286,2.3841855778528043e-07,0.014345487278523597,0.003421002475079149,7.659461000002921,0.028368917953019605,69708.33270314103,{},3.776370177637046,0,6,1.1510143362695495,16,0.0,0.0,0.0,0.0,8.0,{},3.6026272773742676,1751479755.7279577,2025-07-02T18:09:15.728012
false_positive_rate,RSID,8,16,"[2, 3, 4]",3,4,10000000,low_entropy,,10000000,4.00000040000004e-07,4,0.0036554100547625053,0.010923393978793286,2.3841855778528043e-07,0.014563544800172242,0.0048580004659015685,4.510883998591453,0.016856277893852245,68664.60149098955,{},12.001207500120747,0,16,1.7322687838817648,16,10.0,10.0,10.0,0.0,8.0,{},9.495535373687744,1751479765.2860994,2025-07-02T18:09:25.286150
false_positive_rate,RSID,8,16,"[2, 3, 4]",3,8,10000000,random,,10000000,0.0,0,0.0036554100547625053,0.010923393978793286,4.76837058727142e-07,0.027376668397685964,0.0044099979277234524,5.559435998293338,0.04068618882109017,36527.454161826565,{},15.937369393736885,0,16,0.25128114097598636,16,0.0,0.0,0.0,0.0,8.0,{},16.92497992515564,1751479782.2125769,2025-07-02T18:09:42.212628
false_positive_rate,RSID,8,16,"[2, 3, 4]",3,8,10000000,sparse,,10000000,0.0,0,0.0036554100547625053,0.010923393978793286,4.76837058727142e-07,0.027965188382621277,0.004797999281436205,10.06985200001509,0.028539756493061095,35758.74356067064,{},3.776370177637046,0,6,1.1510143362695495,16,0.0,0.0,0.0,0.0,8.0,{},3.4242138862609863,1751479785.6382382,2025-07-02T18:09:45.638292
false_positive_rate,RSID,8,16,"[2, 3, 4]",3,8,10000000,low_entropy,,10000000,0.0,0,0.0036554100547625053,0.010923393978793286,4.76837058727142e-07,0.027663129681655182,0.004200999683234841,7.129019002604764,0.022890283167793103,36149.19972931156,{},12.001207500120747,0,16,1.7322687838817648,16,0.0,0.0,0.0,0.0,8.0,{},9.147772312164307,1751479794.7876441,2025-07-02T18:09:54.787703
false_positive_rate,RSID,8,16,"[2, 3, 4]",3,16,10000000,random,,10000000,0.0,0,0.0036554100547625053,0.010923393978793286,9.536738900806085e-07,0.05361322148530298,0.004498997441260144,8.079224000539398,0.06893101356294273,18652.11550986785,{},15.937557693755803,0,16,0.2508590514552835,16,0.0,0.0,0.0,0.0,8.0,{},16.941946506500244,1751479811.7312093,2025-07-02T18:10:11.731260
false_positive_rate,RSID,8,16,"[2, 3, 4]",3,16,10000000,sparse,,10000000,0.0,0,0.0036554100547625053,0.010923393978793286,9.536738900806085e-07,0.05448385247660564,0.0032229982025455683,11.298252000415232,0.042832468902496174,18354.0618833696,{},3.776370177637046,0,6,1.1510143362695495,16,0.0,0.0,0.0,0.0,8.0,{},3.347618818283081,1751479815.1374383,2025-07-02T18:10:15.137485
false_positive_rate,RSID,8,16,"[2, 3, 4]",3,16,10000000,low_entropy,,10000000,1.600000160000016e-06,16,0.0036554100547625053,0.010923393978793286,9.536738900806085e-07,0.05486563574135065,0.003725999704329297,9.860848997050198,0.04992867091961713,18226.34489672611,{},12.001207500120747,0,16,1.7322687838817648,16,11.0,11.0,11.0,0.0,8.0,{},9.220463037490845,1751479824.3593776,2025-07-02T18:10:24.359428
false_positive_rate,RSID,8,16,"[2, 3, 4]",3,32,10000000,random,,10000000,3.200000320000032e-06,32,0.0036554100547625053,0.010923393978793286,1.9073468706665153e-06,0.1056472584744253,0.02548300108173862,9.983031999581726,0.11793701433751476,9465.460954124772,{},15.937518393751882,0,16,0.25105786957953585,16,16.0,16.0,16.0,0.0,8.0,{},16.89898109436035,1751479841.2597544,2025-07-02T18:10:41.259808
false_positive_rate,RSID,8,16,"[2, 3, 4]",3,32,10000000,sparse,,10000000,0.0,0,0.0036554100547625053,0.010923393978793286,1.9073468706665153e-06,0.10855850493535366,0.027000001864507794,5.11345399718266,0.04634949916901263,9211.622807402311,{},3.776370177637046,0,6,1.1510143362695495,16,0.0,0.0,0.0,0.0,8.0,{},3.357921600341797,1751479844.6190968,2025-07-02T18:10:44.619148
false_positive_rate,RSID,8,16,"[2, 3, 4]",3,32,10000000,low_entropy,,10000000,0.0,0,0.0036554100547625053,0.010923393978793286,1.9073468706665153e-06,0.10801126351892539,0.027886999305337667,7.989015000930522,0.049493516319686987,9258.293694756967,{},12.001207500120747,0,16,1.7322687838817648,16,0.0,0.0,0.0,0.0,8.0,{},9.066667079925537,1751479853.687236,2025-07-02T18:10:53.687292
false_positive_rate,RSID,8,16,"[2, 3, 4]",3,64,10000000,random,,10000000,0.0,0,0.0036554100547625053,0.010923393978793286,3.8146901033542235e-06,0.21035792085214167,0.026550998882157728,11.813745000836207,0.2110827187224537,4753.802452263679,{},15.937464093746383,0,16,0.2510660578693839,16,0.0,0.0,0.0,0.0,8.0,{},16.87484383583069,1751479870.6346447,2025-07-02T18:11:10.634700
false_positive_rate,RSID,8,16,"[2, 3, 4]",3,64,10000000,sparse,,10000000,0.0,0,0.0036554100547625053,0.010923393978793286,3.8146901033542235e-06,0.2175193905916382,0.05757299732067622,8.65033499940182,0.08301837731261014,4597.291291043372,{},3.776370177637046,0,6,1.1510143362695495,16,0.0,0.0,0.0,0.0,8.0,{},3.327807664871216,1751479873.9639304,2025-07-02T18:11:13.963977
false_positive_rate,RSID,8,16,"[2, 3, 4]",3,64,10000000,low_entropy,,10000000,0.0,0,0.0036554100547625053,0.010923393978793286,3.8146901033542235e-06,0.21380358847250988,0.06135199873824604,5.100015998323215,0.07382766542961751,4677.189972087754,{},12.001207500120747,0,16,1.7322687838817648,16,0.0,0.0,0.0,0.0,8.0,{},9.081135511398315,1751479883.0466256,2025-07-02T18:11:23.046676
false_positive_rate,RSID,8,16,"[2, 3, 4]",3,128,10000000,random,,10000000,2.5600002560000255e-05,256,0.0036554100547625053,0.010923393978793286,7.629365654904241e-06,0.41715882627379347,0.07030800043139607,13.183340000978205,0.38174692492115464,2397.1685051766613,{},15.937451893745193,0,16,0.2512019888005785,16,16.0,16.0,16.0,0.0,8.0,{},16.97567391395569,1751479900.023916,2025-07-02T18:11:40.023965
false_positive_rate,RSID,8,16,"[2, 3, 4]",3,128,10000000,sparse,,10000000,0.0,0,0.0036554100547625053,0.010923393978793286,7.629365654904241e-06,0.4254275283198209,0.0766869998187758,10.014382001827471,0.10817914386992407,2350.5766163026396,{},3.776370177637046,0,6,1.1510143362695495,16,0.0,0.0,0.0,0.0,8.0,{},3.272941827774048,1751479903.2983985,2025-07-02T18:11:43.298457
false_positive_rate,RSID,8,16,"[2, 3, 4]",3,128,10000000,low_entropy,,10000000,0.0,0,0.0036554100547625053,0.010923393978793286,7.629365654904241e-06,0.4276486678125989,0.0719640011084266,11.074271002144087,0.13414832566284804,2338.3680934046843,{},12.001207500120747,0,16,1.7322687838817648,16,0.0,0.0,0.0,0.0,8.0,{},9.02250862121582,1751479912.393269,2025-07-02T18:11:52.393319
false_positive_rate,RSID,8,16,"[2, 3, 4]",3,256,10000000,random,,10000000,2.5600002560000255e-05,256,0.0036554100547625053,0.010923393978793286,1.5258673102480635e-05,0.8423391289164694,0.20685900017269887,17.81865500015556,0.7574837251831315,1187.17030430052,{},15.937286293728615,0,16,0.25139589399851536,16,16.0,16.0,16.0,0.0,8.0,{},16.896169185638428,1751479929.2908754,2025-07-02T18:12:09.290929
false_positive_rate,RSID,8,16,"[2, 3, 4]",3,256,10000000,sparse,,10000000,0.0,0,0.0036554100547625053,0.010923393978793286,1.5258673102480635e-05,0.8599784697412602,0.27072400189354084,5.758076000347501,0.16117247124359665,1162.8198090829735,{},3.776370177637046,0,6,1.1510143362695495,16,0.0,0.0,0.0,0.0,8.0,{},3.2964248657226562,1751479932.588811,2025-07-02T18:12:12.588866
false_positive_rate,RSID,8,16,"[2, 3, 4]",3,256,10000000,low_entropy,,10000000,2.5600002560000255e-05,256,0.0036554100547625053,0.010923393978793286,1.5258673102480635e-05,0.8438888601410292,0.24841599952196702,11.193128000741126,0.18178872526343545,1184.990165450083,{},12.001207500120747,0,16,1.7322687838817648,16,11.0,11.0,11.0,0.0,8.0,{},8.984944343566895,1751479941.5752697,2025-07-02T18:12:21.575321
false_positive_rate,RSID,8,16,"[2, 3, 4]",3,512,10000000,random,,10000000,5.120000512000051e-05,512,0.0036554100547625053,0.010923393978793286,3.051711337787033e-05,1.7503299936582892,0.2487679994374048,47.49177099802182,1.5715613800521293,571.3208387122152,{},15.93736729373668,0,16,0.25121315424040747,16,16.0,16.0,16.0,0.0,8.0,{},16.915776252746582,1751479958.4925249,2025-07-02T18:12:38.492575
false_positive_rate,RSID,8,16,"[2, 3, 4]",3,512,10000000,sparse,,10000000,0.0,0,0.0036554100547625053,0.010923393978793286,3.051711337787033e-05,1.7181255790739993,0.2806349984894041,10.755461000371724,0.2921155673524749,582.029632862436,{},3.776370177637046,0,6,1.1510143362695495,16,0.0,0.0,0.0,0.0,8.0,{},3.3108508586883545,1751479961.8652823,2025-07-02T18:12:41.865339
false_positive_rate,RSID,8,16,"[2, 3, 4]",3,512,10000000,low_entropy,,10000000,0.0,0,0.0036554100547625053,0.010923393978793286,3.051711337787033e-05,1.7063348871113677,0.24912899971241131,7.814966000296408,0.32245213082815993,586.0514296187703,{},12.001207500120747,0,16,1.7322687838817648,16,0.0,0.0,0.0,0.0,8.0,{},9.052369117736816,1751479970.9192176,2025-07-02T18:12:50.919267
false_positive_rate,RSID,8,16,"[2, 3, 4]",3,1024,10000000,random,,10000000,0.00010240001024000102,1024,0.0036554100547625053,0.010923393978793286,6.1033295461587755e-05,3.5000010821947543,0.23251200036611408,53.32086700218497,2.905004051863853,285.7141973718841,{},15.93749899374993,0,16,0.2510359122704139,16,16.0,16.0,16.0,0.0,8.0,{},16.900722980499268,1751479987.821427,2025-07-02T18:13:07.821479
false_positive_rate,RSID,8,16,"[2, 3, 4]",3,1024,10000000,sparse,,10000000,0.0,0,0.0036554100547625053,0.010923393978793286,6.1033295461587755e-05,3.444562245620997,0.25643399931141175,10.80695600103354,0.5061225604439993,290.31265185330295,{},3.776370177637046,0,6,1.1510143362695495,16,0.0,0.0,0.0,0.0,8.0,{},3.3901453018188477,1751479991.2130015,2025-07-02T18:13:11.213057
false_positive_rate,RSID,8,16,"[2, 3, 4]",3,1024,10000000,low_entropy,,10000000,0.0,0,0.0036554100547625053,0.010923393978793286,6.1033295461587755e-05,3.400893970398797,0.24616900191176683,17.420572999981232,0.7117305514174667,294.04033430737553,{},12.001207500120747,0,16,1.7322687838817648,16,0.0,0.0,0.0,0.0,8.0,{},9.029992818832397,1751480000.244625,2025-07-02T18:13:20.244687
false_positive_rate,RSID,8,16,"[2, 3, 4]",3,2048,10000000,random,,10000000,0.00020480002048000204,2048,0.0036554100547625053,0.010923393978793286,0.0001220628658601397,7.346833440351475,1.5413309993164148,105.84413499964285,5.794637229160578,136.11306260294907,{},15.937432793743316,0,16,0.2511078446045222,16,16.0,16.0,16.0,0.0,8.0,{},16.94627547264099,1751480017.2587237,2025-07-02T18:13:37.258769
false_positive_rate,RSID,8,16,"[2, 3, 4]",3,2048,10000000,sparse,,10000000,0.0,0,0.0036554100547625053,0.010923393978793286,0.0001220628658601397,6.88646461276444,1.7432519998692442,15.336391999881016,0.8998939976860602,145.21239216802843,{},3.776370177637046,0,6,1.1510143362695495,16,0.0,0.0,0.0,0.0,8.0,{},3.356555223464966,1751480020.6167114,2025-07-02T18:13:40.616766
false_positive_rate,RSID,8,16,"[2, 3, 4]",3,2048,10000000,low_entropy,,10000000,0.00020480002048000204,2048,0.0036554100547625053,0.010923393978793286,0.0001220628658601397,6.854904379509867,1.6049780024331994,17.164736997074215,1.2727652936776273,145.8809553914596,{},12.001207500120747,0,16,1.7322687838817648,16,11.0,11.0,11.0,0.0,8.0,{},9.099207878112793,1751480029.717486,2025-07-02T18:13:49.717542
false_positive_rate,RSID,8,16,"[2, 3, 4]",3,4096,10000000,random,,10000000,0.0,0,0.0036554100547625053,0.010923393978793286,0.00024411083237696474,14.443051232133671,1.5916999982437119,153.85888700257055,9.853839453302218,69.2374474013598,{},15.937497593749745,0,16,0.25110207912657817,16,0.0,0.0,0.0,0.0,8.0,{},16.85818886756897,1751480046.5771,2025-07-02T18:14:06.577154
false_positive_rate,RSID,8,16,"[2, 3, 4]",3,4096,10000000,sparse,,10000000,0.0,0,0.0036554100547625053,0.010923393978793286,0.00024411083237696474,13.916510993896749,1.8503379978938028,24.720704997889698,2.063618558025782,71.85709122340808,{},3.776370177637046,0,6,1.1510143362695495,16,0.0,0.0,0.0,0.0,8.0,{},3.408331871032715,1751480049.9870248,2025-07-02T18:14:09.987080
false_positive_rate,RSID,8,16,"[2, 3, 4]",3,4096,10000000,low_entropy,,10000000,0.0004096000409600041,4096,0.0036554100547625053,0.010923393978793286,0.00024411083237696474,13.752252418804382,1.713593999738805,32.99515899925609,2.7307872567051374,72.71536105842797,{},12.001207500120747,0,16,1.7322687838817648,16,14.0,14.0,14.0,0.0,8.0,{},9.10294508934021,1751480059.1515722,2025-07-02T18:14:19.151627
false_positive_rate,RSID,8,16,"[2, 3, 4]",3,8192,10000000,random,,10000000,0.0,0,0.0036554100547625053,0.010923393978793286,0.0004881620746554072,29.63890718676036,1.6084630005934741,259.76466499923845,18.597327386387246,33.739435590482834,{},15.937434893743555,0,16,0.2511607300459632,16,0.0,0.0,0.0,0.0,8.0,{},16.869091033935547,1751480076.022159,2025-07-02T18:14:36.022230
false_positive_rate,RSID,8,16,"[2, 3, 4]",3,8192,10000000,sparse,,10000000,0.0,0,0.0036554100547625053,0.010923393978793286,0.0004881620746554072,27.5096527691782,1.7521250010759104,48.09023800044088,5.131588548216173,36.35087685004878,{},3.776370177637046,0,6,1.1510143362695495,16,0.0,0.0,0.0,0.0,8.0,{},3.489121198654175,1751480079.512972,2025-07-02T18:14:39.513052
false_positive_rate,RSID,8,16,"[2, 3, 4]",3,8192,10000000,low_entropy,,10000000,0.0,0,0.0036554100547625053,0.010923393978793286,0.0004881620746554072,27.371328705169454,1.6603140029474162,49.70115199830616,5.752623966256786,36.53458006264549,{},12.001207500120747,0,16,1.7322687838817648,16,0.0,0.0,0.0,0.0,8.0,{},9.203768968582153,1751480088.7183762,2025-07-02T18:14:48.718434
false_positive_rate,RSID,16,16,[2],1,2,10000000,random,,10000000,3.160000316000031e-05,316,4.283683657924811e-05,4.283683657924811e-05,3.0517345294356346e-05,0.004310118636310769,0.0008289971447084099,5.735196002206067,0.01613595621660929,232012.17515811734,{},7.9998467999847005,0,8,0.01823116834960628,8,8.0,8.0,8.0,0.0,16.0,{},17.128379821777344,1751480105.8686879,2025-07-02T18:15:05.868742
false_positive_rate,RSID,16,16,[2],1,2,10000000,sparse,,10000000,3.080000308000031e-05,308,4.283683657924811e-05,4.283683657924811e-05,3.0517345294356346e-05,0.0042499568689390935,0.0008999995770864189,7.998737000889378,0.008985595102612313,235296.50555009695,{},3.777333177733306,0,6,1.1495904487197255,8,2.831168831168831,2.0,4.0,0.7455948100990818,16.0,{},2.831294298171997,1751480108.773906,2025-07-02T18:15:08.773956
false_positive_rate,RSID,16,16,[2],1,2,10000000,low_entropy,,10000000,3.0400003040000303e-05,304,4.283683657924811e-05,4.283683657924811e-05,3.0517345294356346e-05,0.004651499981009195,0.0009440009307581931,8.035154001845513,0.010323834231377425,214984.41450773453,{},12.001207500120747,0,16,1.7322687838817648,8,11.960526315789474,8.0,16.0,1.7467322082111545,16.0,{},8.670220375061035,1751480117.4607172,2025-07-02T18:15:17.460768
false_positive_rate,RSID,16,16,[2],1,4,10000000,random,,10000000,5.440000544000054e-05,544,4.283683657924811e-05,4.283683657924811e-05,6.103375928034893e-05,0.007842923783920134,0.0013739991118200123,12.75721300044097,0.022746309978539277,127503.47033210227,{},7.999859699985969,0,8,0.017873984601095825,8,8.0,8.0,8.0,0.0,16.0,{},17.182705640792847,1751480134.6635113,2025-07-02T18:15:34.663561
false_positive_rate,RSID,16,16,[2],1,4,10000000,sparse,,10000000,6.160000616000062e-05,616,4.283683657924811e-05,4.283683657924811e-05,6.103375928034893e-05,0.008337434859934512,0.0022120002540759742,8.257264002168085,0.02167840924971244,119940.96707195799,{},3.777333177733306,0,6,1.1495904487197255,8,2.831168831168831,2.0,4.0,0.7455948100990818,16.0,{},2.7905664443969727,1751480137.4724936,2025-07-02T18:15:37.472548
false_positive_rate,RSID,16,16,[2],1,4,10000000,low_entropy,,10000000,5.800000580000058e-05,580,4.283683657924811e-05,4.283683657924811e-05,6.103375928034893e-05,0.008358283324531793,0.0014549987099599093,12.905841998872347,0.015393924523350243,119641.79259932147,{},12.001207500120747,0,16,1.7322687838817648,8,11.972413793103449,7.0,16.0,1.8862289603450142,16.0,{},8.39038372039795,1751480145.8796566,2025-07-02T18:15:45.879707
false_positive_rate,RSID,16,16,[2],1,8,10000000,random,,10000000,0.00012720001272000127,1272,4.283683657924811e-05,4.283683657924811e-05,0.00012206379344092966,0.014704980562710045,0.002001997927436605,8.577275999414269,0.034282000425799715,68004.17013374859,{},7.999856599985699,0,8,0.01796046871443641,8,8.0,8.0,8.0,0.0,16.0,{},17.204299211502075,1751480163.1781702,2025-07-02T18:16:03.178216
false_positive_rate,RSID,16,16,[2],1,8,10000000,sparse,,10000000,0.00012320001232000123,1232,4.283683657924811e-05,4.283683657924811e-05,0.00012206379344092966,0.015887237539185917,0.001915999746415764,8.3822880005755,0.03397138815889269,62943.6047351528,{},3.777333177733306,0,6,1.1495904487197255,8,2.831168831168831,2.0,4.0,0.7455948100990818,16.0,{},2.6228702068328857,1751480165.8195682,2025-07-02T18:16:05.819621
false_positive_rate,RSID,16,16,[2],1,8,10000000,low_entropy,,10000000,0.00013440001344000135,1344,4.283683657924811e-05,4.283683657924811e-05,0.00012206379344092966,0.015535265217789165,0.002071999915642664,5.530624999664724,0.017603870415955965,64369.67673103625,{},12.001207500120747,0,16,1.7322687838817648,8,12.0,7.0,16.0,1.584898975299297,16.0,{},8.266525506973267,1751480174.1024933,2025-07-02T18:16:14.102543
false_positive_rate,RSID,16,16,[2],1,16,10000000,random,,10000000,0.00023680002368000236,2368,4.283683657924811e-05,4.283683657924811e-05,0.00024411268731217017,0.0282313350759057,0.0020459992811083794,8.053803001530468,0.05143320840868624,35421.63334859283,{},7.999845899984589,0,8,0.018255827015861325,8,8.0,8.0,8.0,0.0,16.0,{},17.139578580856323,1751480191.257609,2025-07-02T18:16:31.257656
false_positive_rate,RSID,16,16,[2],1,16,10000000,sparse,,10000000,0.00024640002464000247,2464,4.283683657924811e-05,4.283683657924811e-05,0.00024411268731217017,0.030559226037513192,0.0024559994926676154,4.0691590002097655,0.021765069158650785,32723.341840282308,{},3.777333177733306,0,6,1.1495904487197255,8,2.831168831168831,2.0,4.0,0.7455948100990818,16.0,{},2.5155296325683594,1751480193.7905624,2025-07-02T18:16:33.790614
false_positive_rate,RSID,16,16,[2],1,16,10000000,low_entropy,,10000000,0.00021760002176000217,2176,4.283683657924811e-05,4.283683657924811e-05,0.00024411268731217017,0.029539165704335995,0.0015699988580308855,5.018571999244159,0.03129330435957682,33853.35963815701,{},12.001207500120747,0,16,1.7322687838817648,8,12.367647058823529,7.0,16.0,1.8222837301253567,16.0,{},8.138106107711792,1751480202.0069911,2025-07-02T18:16:42.007040
false_positive_rate,RSID,16,16,[2],1,32,10000000,random,,10000000,0.0004160000416000042,4160,4.283683657924811e-05,4.283683657924811e-05,0.0004881657836202091,0.05528497503476801,0.0013079989003017545,5.262629998469492,0.08226086579291382,18088.09716150026,{},7.999852799985283,0,8,0.018065915985245172,8,8.0,8.0,8.0,0.0,16.0,{},17.16855549812317,1751480219.1921883,2025-07-02T18:16:59.192238
false_positive_rate,RSID,16,16,[2],1,32,10000000,sparse,,10000000,0.0004928000492800049,4928,4.283683657924811e-05,4.283683657924811e-05,0.0004881657836202091,0.06026132716289439,0.0026669986255001277,5.765043999417685,0.03325383838621677,16594.39058314907,{},3.777333177733306,0,6,1.1495904487197255,8,2.831168831168831,2.0,4.0,0.7455948100990818,16.0,{},2.473253011703491,1751480221.682253,2025-07-02T18:17:01.682312
false_positive_rate,RSID,16,16,[2],1,32,10000000,low_entropy,,10000000,0.0005312000531200054,5312,4.283683657924811e-05,4.283683657924811e-05,0.0004881657836202091,0.05735682343431435,0.0032950010790955275,6.407396002032328,0.03153571403317037,17434.717268560224,{},12.001207500120747,0,16,1.7322687838817648,8,12.08433734939759,7.0,16.0,1.7438692561602565,16.0,{},8.018483638763428,1751480229.7177854,2025-07-02T18:17:09.717838
false_positive_rate,RSID,16,16,[2],1,64,10000000,random,,10000000,0.0009536000953600096,9536,4.283683657924811e-05,4.283683657924811e-05,0.0009760932614082396,0.10894544677039014,0.003612000000430271,6.469504998676712,0.1470070830158019,9178.905862009702,{},7.999852999985308,0,8,0.018060381497803292,8,8.0,8.0,8.0,0.0,16.0,{},17.137062072753906,1751480246.8703644,2025-07-02T18:17:26.870421
false_positive_rate,RSID,16,16,[2],1,64,10000000,sparse,,10000000,0.0009856000985600099,9856,4.283683657924811e-05,4.283683657924811e-05,0.0009760932614082396,0.11877128377581887,0.00321200059261173,3.5493400027917232,0.043736712589431626,8419.543581658196,{},3.777333177733306,0,6,1.1495904487197255,8,2.831168831168831,2.0,4.0,0.7455948100990818,16.0,{},2.478574752807617,1751480249.4277627,2025-07-02T18:17:29.427815
false_positive_rate,RSID,16,16,[2],1,64,10000000,low_entropy,,10000000,0.00100480010048001,10048,4.283683657924811e-05,4.283683657924811e-05,0.0009760932614082396,0.11261863506271451,0.0035419980122242123,6.671185001323465,0.0532460979761425,8879.525128706497,{},12.001207500120747,0,16,1.7322687838817648,8,11.961783439490446,7.0,16.0,1.7877336836906619,16.0,{},7.888580799102783,1751480257.3335114,2025-07-02T18:17:37.333567
false_positive_rate,RSID,16,16,[2],1,128,10000000,random,,10000000,0.0020608002060800205,20608,4.283683657924811e-05,4.283683657924811e-05,0.001951233764761473,0.2308548124190295,0.002267999661853537,14.194976996805053,0.3514893621211869,4331.7268958850145,{},7.99985199998522,0,8,0.01808803697880749,8,8.0,8.0,8.0,0.0,16.0,{},17.130852460861206,1751480274.4801724,2025-07-02T18:17:54.480226
false_positive_rate,RSID,16,16,[2],1,128,10000000,sparse,,10000000,0.0019712001971200197,19712,4.283683657924811e-05,4.283683657924811e-05,0.001951233764761473,0.24423115418544097,0.003879002179019153,5.410555000707973,0.12087148372838989,4094.481735285562,{},3.777333177733306,0,6,1.1495904487197255,8,2.831168831168831,2.0,4.0,0.7455948100990818,16.0,{},2.5833911895751953,1751480277.0789332,2025-07-02T18:17:57.078990
false_positive_rate,RSID,16,16,[2],1,128,10000000,low_entropy,,10000000,0.0019072001907200192,19072,4.283683657924811e-05,4.283683657924811e-05,0.001951233764761473,0.23490768650990607,0.004218996764393523,8.28708700282732,0.19177917374368955,4256.991394608239,{},12.001207500120747,0,16,1.7322687838817648,8,12.201342281879194,8.0,16.0,1.5968923922335267,16.0,{},8.53725290298462,1751480285.635512,2025-07-02T18:18:05.635566
false_positive_rate,RSID,16,16,[2],1,256,10000000,random,,10000000,0.0041651004165100414,41651,4.283683657924811e-05,4.283683657924811e-05,0.0038986602163182393,0.43854301930341083,0.0059589983720798045,19.447463000688003,0.572139642770525,2280.27800234608,{},7.999847999984826,0,8,0.01819823808366987,8,8.0,8.0,8.0,0.0,16.0,{},17.17694926261902,1751480302.8865454,2025-07-02T18:18:22.886596
false_positive_rate,RSID,16,16,[2],1,256,10000000,sparse,,10000000,0.0039424003942400395,39424,4.283683657924811e-05,4.283683657924811e-05,0.0038986602163182393,0.4732187719307121,0.0029900002118665725,8.382658001210075,0.13831897778421012,2113.1875135046803,{},3.777333177733306,0,6,1.1495904487197255,8,2.831168831168831,2.0,4.0,0.7455948100990818,16.0,{},2.5011677742004395,1751480305.4035254,2025-07-02T18:18:25.403583
false_positive_rate,RSID,16,16,[2],1,256,10000000,low_entropy,,10000000,0.00403710040371004,40371,4.283683657924811e-05,4.283683657924811e-05,0.0038986602163182393,0.44683119878094246,0.003297001967439428,4.43679900126881,0.10751307195070313,2237.9815973643476,{},12.001207500120747,0,16,1.7322687838817648,8,11.91139240506329,5.0,16.0,1.8014752984933091,16.0,{},7.878748178482056,1751480313.2982838,2025-07-02T18:18:33.298335
false_positive_rate,RSID,16,16,[2],1,512,10000000,random,,10000000,0.00808960080896008,80896,4.283683657924811e-05,4.283683657924811e-05,0.007782120881154042,0.9003479816850123,0.005743000656366348,29.815776000759797,1.127136631408769,1110.6816701343494,{},7.999852299985236,0,8,0.018079744782116745,8,8.0,8.0,8.0,0.0,16.0,{},17.15259289741516,1751480330.4673195,2025-07-02T18:18:50.467368
false_positive_rate,RSID,16,16,[2],1,512,10000000,sparse,,10000000,0.007884800788480079,78848,4.283683657924811e-05,4.283683657924811e-05,0.007782120881154042,0.9356187869363652,0.013111999578541145,5.680718997609802,0.18406479838657477,1068.8113727113664,{},3.777333177733306,0,6,1.1495904487197255,8,2.831168831168831,2.0,4.0,0.7455948100990818,16.0,{},2.486185312271118,1751480332.9706802,2025-07-02T18:18:52.970734
false_positive_rate,RSID,16,16,[2],1,512,10000000,low_entropy,,10000000,0.007475200747520075,74752,4.283683657924811e-05,4.283683657924811e-05,0.007782120881154042,0.8960343684969343,0.0032819989428389817,5.490307001309702,0.23836629032426923,1116.0286202832424,{},12.001207500120747,0,16,1.7322687838817648,8,11.794520547945206,4.0,16.0,1.965168640047046,16.0,{},8.016148567199707,1751480341.061996,2025-07-02T18:19:01.062044
false_positive_rate,RSID,16,16,[2],1,1024,10000000,random,,10000000,0.015667201566720156,156672,4.283683657924811e-05,4.283683657924811e-05,0.015503680356899308,1.8160519419936814,0.01784500273060985,49.53934100194601,2.2066053416789955,550.645043171061,{},7.999851199985143,0,8,0.01811013091692078,8,8.0,8.0,8.0,0.0,16.0,{},17.14102339744568,1751480358.219554,2025-07-02T18:19:18.219610
false_positive_rate,RSID,16,16,[2],1,1024,10000000,sparse,,10000000,0.015769601576960158,157696,4.283683657924811e-05,4.283683657924811e-05,0.015503680356899308,1.859286173006088,0.021252002625260502,7.485596001060912,0.36135136010552005,537.8408200514949,{},3.777333177733306,0,6,1.1495904487197255,8,2.831168831168831,2.0,4.0,0.7455948100990818,16.0,{},2.5683467388153076,1751480360.8065257,2025-07-02T18:19:20.806582
false_positive_rate,RSID,16,16,[2],1,1024,10000000,low_entropy,,10000000,0.013619201361920135,136192,4.283683657924811e-05,4.283683657924811e-05,0.015503680356899308,1.7690013983902717,0.011927000741707161,7.88792500316049,0.43230477396365596,565.2906780684087,{},12.001207500120747,0,16,1.7322687838817648,8,12.413533834586467,8.0,16.0,1.5614135659853834,16.0,{},8.015153408050537,1751480368.8395023,2025-07-02T18:19:28.839558
false_positive_rate,RSID,16,16,[2],1,2048,10000000,random,,10000000,0.031539203153920316,315392,4.283683657924811e-05,4.283683657924811e-05,0.03076699660918969,3.718400550875837,0.010356998245697469,93.18047299893806,4.161672970077086,268.9328345125322,{},7.99985189998522,0,8,0.018090800198622633,8,8.0,8.0,8.0,0.0,16.0,{},17.19076180458069,1751480386.0469556,2025-07-02T18:19:46.047006
false_positive_rate,RSID,16,16,[2],1,2048,10000000,sparse,,10000000,0.03137020313702031,313702,4.283683657924811e-05,4.283683657924811e-05,0.03076699660918969,3.7695257912675184,0.02529099947423674,10.190184002567548,0.7886911930718865,265.285358258219,{},3.777333177733306,0,6,1.1495904487197255,8,2.831168831168831,2.0,4.0,0.7455948100990818,16.0,{},2.616375684738159,1751480388.738599,2025-07-02T18:19:48.738648
false_positive_rate,RSID,16,16,[2],1,2048,10000000,low_entropy,,10000000,0.03084030308403031,308403,4.283683657924811e-05,4.283683657924811e-05,0.03076699660918969,3.5920061466163578,0.03293000190751627,8.556498996767914,0.9445361368737916,278.3959601355338,{},12.001207500120747,0,16,1.7322687838817648,8,12.066225165562914,6.0,16.0,1.7096100565119985,16.0,{},8.172555446624756,1751480396.9278302,2025-07-02T18:19:56.927885
false_positive_rate,RSID,16,16,[2],1,4096,10000000,random,,10000000,0.06389760638976064,638976,4.283683657924811e-05,4.283683657924811e-05,0.060587385138029415,7.5802699013894355,0.04894599987892434,127.24802500088117,7.017915980136156,131.9214240401524,{},7.999849199984911,0,8,0.01816524804204168,8,8.0,8.0,8.0,0.0,16.0,{},17.1837420463562,1751480414.1291614,2025-07-02T18:20:14.129212
false_positive_rate,RSID,16,16,[2],1,4096,10000000,sparse,,10000000,0.062499806249980625,624998,4.283683657924811e-05,4.283683657924811e-05,0.060587385138029415,7.372437048263248,0.041854000301100314,15.338380999310175,1.805200814518985,135.64035792419193,{},3.777333177733306,0,6,1.1495904487197255,8,2.831168831168831,2.0,4.0,0.7455948100990818,16.0,{},2.612236738204956,1751480416.7599645,2025-07-02T18:20:16.760018
false_positive_rate,RSID,16,16,[2],1,4096,10000000,low_entropy,,10000000,0.05541630554163055,554163,4.283683657924811e-05,4.283683657924811e-05,0.060587385138029415,6.95414159784454,0.022828000510344282,12.048231001244858,1.839543396522466,143.79920022191573,{},12.001207500120747,0,16,1.7322687838817648,8,12.205882352941176,6.0,16.0,1.6852196883266808,16.0,{},7.999640703201294,1751480424.7759268,2025-07-02T18:20:24.775976
false_positive_rate,RSID,16,16,[2],1,8192,10000000,random,,10000000,0.11808511180851118,1180851,4.283683657924811e-05,4.283683657924811e-05,0.117503939038195,14.37194515787537,0.03393400038476102,139.3750099996396,10.422775830438873,69.58000389056812,{},7.999852399985247,0,8,0.018076979870167566,8,8.0,8.0,8.0,0.0,16.0,{},17.20196533203125,1751480442.056971,2025-07-02T18:20:42.057025
false_positive_rate,RSID,16,16,[2],1,8192,10000000,sparse,,10000000,0.12148221214822122,1214822,4.283683657924811e-05,4.283683657924811e-05,0.117503939038195,14.42553885577488,0.029032002203166485,28.54939899771125,4.349700544735345,69.32150056908804,{},3.777333177733306,0,6,1.1495904487197255,8,2.8533333333333335,2.0,4.0,0.7428473747831531,16.0,{},2.5806844234466553,1751480444.6534183,2025-07-02T18:20:44.653479
false_positive_rate,RSID,16,16,[2],1,8192,10000000,low_entropy,,10000000,0.11632641163264117,1163264,4.283683657924811e-05,4.283683657924811e-05,0.117503939038195,13.321505905420777,0.020494000636972487,29.143690000637434,4.481060187602735,75.06658834967605,{},12.001207500120747,0,16,1.7322687838817648,8,11.929577464788732,7.0,16.0,1.8676183799195412,16.0,{},8.124728202819824,1751480452.7940352,2025-07-02T18:20:52.794096
false_positive_rate,RSID,16,16,"[2, 3]",2,2,10000000,random,,10000000,0.0,0,2.1418418289624055e-05,4.283618295096822e-05,4.656612873077393e-10,0.00565750004971081,0.0011900010576937348,8.0540570015728,0.020877443921381748,176756.51634348923,{},7.999855399985547,0,8,0.017993834697561956,8,0.0,0.0,0.0,0.0,16.0,{},17.134645700454712,1751480469.9460058,2025-07-02T18:21:09.946055
false_positive_rate,RSID,16,16,"[2, 3]",2,2,10000000,sparse,,10000000,0.0,0,2.1418418289624055e-05,4.283618295096822e-05,4.656612873077393e-10,0.00617567787652724,0.001296000846195966,5.094413001643261,0.014461835534930976,161925.54404445857,{},3.777333177733306,0,6,1.1495904487197255,8,0.0,0.0,0.0,0.0,16.0,{},3.524291515350342,1751480473.4899914,2025-07-02T18:21:13.490043
false_positive_rate,RSID,16,16,"[2, 3]",2,2,10000000,low_entropy,,10000000,0.0,0,2.1418418289624055e-05,4.283618295096822e-05,4.656612873077393e-10,0.006453042817198333,0.001333999534836039,5.041055999754462,0.010813829708259988,154965.65392915867,{},12.001207500120747,0,16,1.7322687838817648,8,0.0,0.0,0.0,0.0,16.0,{},9.430469036102295,1751480482.9965785,2025-07-02T18:21:22.996632
false_positive_rate,RSID,16,16,"[2, 3]",2,4,10000000,random,,10000000,0.0,0,2.1418418289624055e-05,4.283618295096822e-05,9.313225746154785e-10,0.010488148174158789,0.002196997229475528,5.06715400115354,0.023514524350756814,95345.71626894524,{},7.99985149998515,0,8,0.018101848854382915,8,0.0,0.0,0.0,0.0,16.0,{},17.222044944763184,1751480500.2341003,2025-07-02T18:21:40.234153
false_positive_rate,RSID,16,16,"[2, 3]",2,4,10000000,sparse,,10000000,0.0,0,2.1418418289624055e-05,4.283618295096822e-05,9.313225746154785e-10,0.011690267668564822,0.003731998731382191,12.428187998011708,0.016241048395120194,85541.24065858682,{},3.777333177733306,0,6,1.1495904487197255,8,0.0,0.0,0.0,0.0,16.0,{},3.2707035541534424,1751480503.5218847,2025-07-02T18:21:43.521937
false_positive_rate,RSID,16,16,"[2, 3]",2,4,10000000,low_entropy,,10000000,0.0,0,2.1418418289624055e-05,4.283618295096822e-05,9.313225746154785e-10,0.011882767568244565,0.0037799982237629592,7.8615919992444105,0.016304033893148984,84155.47929022813,{},12.001207500120747,0,16,1.7322687838817648,8,0.0,0.0,0.0,0.0,16.0,{},9.143489837646484,1751480512.681874,2025-07-02T18:21:52.681921
false_positive_rate,RSID,16,16,"[2, 3]",2,8,10000000,random,,10000000,0.0,0,2.1418418289624055e-05,4.283618295096822e-05,1.862645149230957e-09,0.020355697714107692,0.002062999556073919,10.140325997781474,0.04487073632977727,49126.294467761785,{},7.999852799985274,0,8,0.018065915985242164,8,0.0,0.0,0.0,0.0,16.0,{},17.15381908416748,1751480529.851034,2025-07-02T18:22:09.851082
false_positive_rate,RSID,16,16,"[2, 3]",2,8,10000000,sparse,,10000000,0.0,0,2.1418418289624055e-05,4.283618295096822e-05,1.862645149230957e-09,0.02266741236113212,0.003559001925168559,3.525636999256676,0.014675561367093614,44116.19571163328,{},3.777333177733306,0,6,1.1495904487197255,8,0.0,0.0,0.0,0.0,16.0,{},3.1565351486206055,1751480533.087536,2025-07-02T18:22:13.087583
false_positive_rate,RSID,16,16,"[2, 3]",2,8,10000000,low_entropy,,10000000,0.0,0,2.1418418289624055e-05,4.283618295096822e-05,1.862645149230957e-09,0.022627986975203494,0.003869001375278458,5.002829999284586,0.021295806115872992,44193.06061541548,{},12.001207500120747,0,16,1.7322687838817648,8,0.0,0.0,0.0,0.0,16.0,{},8.912970066070557,1751480542.016218,2025-07-02T18:22:22.016270
false_positive_rate,RSID,16,16,"[2, 3]",2,16,10000000,random,,10000000,0.0,0,2.1418418289624055e-05,4.283618295096822e-05,3.725290298461914e-09,0.03879596981913477,0.0023649990907870233,6.460098000388825,0.05705796910774008,25775.873232759983,{},7.999859199985962,0,8,0.01788796196945929,8,0.0,0.0,0.0,0.0,16.0,{},17.17748188972473,1751480559.209464,2025-07-02T18:22:39.209515
false_positive_rate,RSID,16,16,"[2, 3]",2,16,10000000,sparse,,10000000,0.0,0,2.1418418289624055e-05,4.283618295096822e-05,3.725290298461914e-09,0.04502283875430167,0.0025420013116672635,4.086018001544289,0.025891540369707384,22210.94954623348,{},3.777333177733306,0,6,1.1495904487197255,8,0.0,0.0,0.0,0.0,16.0,{},3.1456782817840576,1751480562.371729,2025-07-02T18:22:42.371783
false_positive_rate,RSID,16,16,"[2, 3]",2,16,10000000,low_entropy,,10000000,0.0,0,2.1418418289624055e-05,4.283618295096822e-05,3.725290298461914e-09,0.043738660682941397,0.0036390010791365057,6.641204003244638,0.02873606878464158,22863.06860763142,{},12.001207500120747,0,16,1.7322687838817648,8,0.0,0.0,0.0,0.0,16.0,{},8.757105588912964,1751480571.1450555,2025-07-02T18:22:51.145107
false_positive_rate,RSID,16,16,"[2, 3]",2,32,10000000,random,,10000000,0.0,0,2.1418418289624055e-05,4.283618295096822e-05,7.450580596923828e-09,0.07661389829651354,0.016985999536700547,6.138517997896997,0.10474765062431618,13052.462049767633,{},7.999846799984662,0,8,0.018384109497937985,8,0.0,0.0,0.0,0.0,16.0,{},17.151564598083496,1751480588.370419,2025-07-02T18:23:08.370466
false_positive_rate,RSID,16,16,"[2, 3]",2,32,10000000,sparse,,10000000,0.0,0,2.1418418289624055e-05,4.283618295096822e-05,7.450580596923828e-09,0.08896107578641908,0.021593998098978773,4.855710001720581,0.038941551074249355,11240.871259255402,{},3.777333177733306,0,6,1.1495904487197255,8,0.0,0.0,0.0,0.0,16.0,{},3.098130941390991,1751480591.4846976,2025-07-02T18:23:11.484745
false_positive_rate,RSID,16,16,"[2, 3]",2,32,10000000,low_entropy,,10000000,0.0,0,2.1418418289624055e-05,4.283618295096822e-05,7.450580596923828e-09,0.08606307199747248,0.01966099807759747,4.89224299963098,0.0414283335234035,11619.385373896113,{},12.001207500120747,0,16,1.7322687838817648,8,0.0,0.0,0.0,0.0,16.0,{},8.670127153396606,1751480600.1726565,2025-07-02T18:23:20.172705
false_positive_rate,RSID,16,16,"[2, 3]",2,64,10000000,random,,10000000,0.0,0,2.1418418289624055e-05,4.283618295096822e-05,1.4901161082825354e-08,0.15076583116604558,0.0173740008904133,10.584539999399567,0.16948771471207144,6632.802620234636,{},7.999853899985381,0,8,0.018035455259714308,8,0.0,0.0,0.0,0.0,16.0,{},17.100364923477173,1751480617.2907777,2025-07-02T18:23:37.290830
false_positive_rate,RSID,16,16,"[2, 3]",2,64,10000000,sparse,,10000000,0.0,0,2.1418418289624055e-05,4.283618295096822e-05,1.4901161082825354e-08,0.17615699910117674,0.05411199890659191,4.186906997347251,0.0489361079443523,5676.754287949947,{},3.777333177733306,0,6,1.1495904487197255,8,0.0,0.0,0.0,0.0,16.0,{},3.077310085296631,1751480620.3862152,2025-07-02T18:23:40.386263
false_positive_rate,RSID,16,16,"[2, 3]",2,64,10000000,low_entropy,,10000000,0.0,0,2.1418418289624055e-05,4.283618295096822e-05,1.4901161082825354e-08,0.17031050232812125,0.02374299947405234,8.937701000832021,0.06436573379471598,5871.628503997915,{},12.001207500120747,0,16,1.7322687838817648,8,0.0,0.0,0.0,0.0,16.0,{},8.59250521659851,1751480629.0559711,2025-07-02T18:23:49.056016
false_positive_rate,RSID,16,16,"[2, 3]",2,128,10000000,random,,10000000,0.0,0,2.1418418289624055e-05,4.283618295096822e-05,2.9802321943606103e-08,0.30217060238296456,0.04514700049185194,11.862498999107629,0.3040782996379536,3309.3887761213164,{},7.999857799985781,0,8,0.01792704055001635,8,0.0,0.0,0.0,0.0,16.0,{},17.12981414794922,1751480646.2052915,2025-07-02T18:24:06.205349
false_positive_rate,RSID,16,16,"[2, 3]",2,128,10000000,sparse,,10000000,0.0,0,2.1418418289624055e-05,4.283618295096822e-05,2.9802321943606103e-08,0.3632735873982455,0.05849900117027573,6.155684997793287,0.13977838451180988,2752.7462350400147,{},3.777333177733306,0,6,1.1495904487197255,8,0.0,0.0,0.0,0.0,16.0,{},3.1823019981384277,1751480649.4053059,2025-07-02T18:24:09.405358
false_positive_rate,RSID,16,16,"[2, 3]",2,128,10000000,low_entropy,,10000000,0.0,0,2.1418418289624055e-05,4.283618295096822e-05,2.9802321943606103e-08,0.33965853924529976,0.052164999942760915,8.411606999288779,0.10026741411649727,2944.1332528307344,{},12.001207500120747,0,16,1.7322687838817648,8,0.0,0.0,0.0,0.0,16.0,{},8.625423669815063,1751480658.0463922,2025-07-02T18:24:18.046439
false_positive_rate,RSID,16,16,"[2, 3]",2,256,10000000,random,,10000000,0.0,0,2.1418418289624055e-05,4.283618295096822e-05,5.9604642999033786e-08,0.6100488349748339,0.15873799929977395,26.567100998363458,0.5935178758496111,1639.2130312670013,{},7.999855799985577,0,8,0.017982719590868848,8,0.0,0.0,0.0,0.0,16.0,{},17.067043781280518,1751480675.1291974,2025-07-02T18:24:35.129249
false_positive_rate,RSID,16,16,"[2, 3]",2,256,10000000,sparse,,10000000,0.0,0,2.1418418289624055e-05,4.283618295096822e-05,5.9604642999033786e-08,0.7001562788203051,0.2057839992630761,10.076849001052324,0.17209360682139624,1428.2525633918506,{},3.777333177733306,0,6,1.1495904487197255,8,0.0,0.0,0.0,0.0,16.0,{},3.070401668548584,1751480678.2771046,2025-07-02T18:24:38.277158
false_positive_rate,RSID,16,16,"[2, 3]",2,256,10000000,low_entropy,,10000000,0.0,0,2.1418418289624055e-05,4.283618295096822e-05,5.9604642999033786e-08,0.6796936943845155,0.17576900063431822,8.671095998579403,0.14737167293361644,1471.2509594568655,{},12.001207500120747,0,16,1.7322687838817648,8,0.0,0.0,0.0,0.0,16.0,{},8.662070274353027,1751480686.9557428,2025-07-02T18:24:46.955791
false_positive_rate,RSID,16,16,"[2, 3]",2,512,10000000,random,,10000000,0.0,0,2.1418418289624055e-05,4.283618295096822e-05,1.1920928244535389e-07,1.235282699006827,0.15899199934210628,38.58901200146647,1.1413893859393553,809.5312925567601,{},7.999856799985668,0,8,0.017954901681249958,8,0.0,0.0,0.0,0.0,16.0,{},17.139421224594116,1751480704.1109037,2025-07-02T18:25:04.111099
false_positive_rate,RSID,16,16,"[2, 3]",2,512,10000000,sparse,,10000000,0.0,0,2.1418418289624055e-05,4.283618295096822e-05,1.1920928244535389e-07,1.4236620000023033,0.2026289985224139,13.41904400032945,0.275460725478299,702.4139156614295,{},3.777333177733306,0,6,1.1495904487197255,8,0.0,0.0,0.0,0.0,16.0,{},3.11545991897583,1751480707.2430239,2025-07-02T18:25:07.243078
false_positive_rate,RSID,16,16,"[2, 3]",2,512,10000000,low_entropy,,10000000,0.0,0,2.1418418289624055e-05,4.283618295096822e-05,1.1920928244535389e-07,1.3667137128135238,0.18831399938790128,5.30165799864335,0.3222953213492102,731.6821296402996,{},12.001207500120747,0,16,1.7322687838817648,8,0.0,0.0,0.0,0.0,16.0,{},8.763108968734741,1751480716.0219536,2025-07-02T18:25:16.022000
false_positive_rate,RSID,16,16,"[2, 3]",2,1024,10000000,random,,10000000,0.0,0,2.1418418289624055e-05,4.283618295096822e-05,2.3841855067985307e-07,2.551907766549751,0.1502679988334421,61.47817300006864,2.60919570736964,391.8636923747551,{},7.999861499986162,0,8,0.017823575200808482,8,0.0,0.0,0.0,0.0,16.0,{},17.07736325263977,1751480733.1767747,2025-07-02T18:25:33.176826
false_positive_rate,RSID,16,16,"[2, 3]",2,1024,10000000,sparse,,10000000,0.0,0,2.1418418289624055e-05,4.283618295096822e-05,2.3841855067985307e-07,2.8445912074801445,0.20531100017251447,8.276682998257456,0.4776542862960597,351.5443615836249,{},3.777333177733306,0,6,1.1495904487197255,8,0.0,0.0,0.0,0.0,16.0,{},3.1949877738952637,1751480736.388938,2025-07-02T18:25:36.388994
false_positive_rate,RSID,16,16,"[2, 3]",2,1024,10000000,low_entropy,,10000000,0.0,0,2.1418418289624055e-05,4.283618295096822e-05,2.3841855067985307e-07,2.707307682804072,0.17851900338428095,9.989452999434434,0.5170534368773368,369.3706505365722,{},12.001207500120747,0,16,1.7322687838817648,8,0.0,0.0,0.0,0.0,16.0,{},8.705535411834717,1751480745.113054,2025-07-02T18:25:45.113116
false_positive_rate,RSID,16,16,"[2, 3]",2,2048,10000000,random,,10000000,0.0,0,2.1418418289624055e-05,4.283618295096822e-05,4.768370446273096e-07,5.376065613773831,1.0431590017105918,86.4232659987465,4.746767536779557,186.00963452490882,{},7.9998511999851125,0,8,0.018110130916907358,8,0.0,0.0,0.0,0.0,16.0,{},17.10086154937744,1751480762.229984,2025-07-02T18:26:02.230046
false_positive_rate,RSID,16,16,"[2, 3]",2,2048,10000000,sparse,,10000000,0.0,0,2.1418418289624055e-05,4.283618295096822e-05,4.768370446273096e-07,5.716549140524697,1.4655569975730032,14.292060001025675,0.839812958026193,174.93071001716507,{},3.777333177733306,0,6,1.1495904487197255,8,0.0,0.0,0.0,0.0,16.0,{},3.210489511489868,1751480765.4586983,2025-07-02T18:26:05.458757
false_positive_rate,RSID,16,16,"[2, 3]",2,2048,10000000,low_entropy,,10000000,0.0,0,2.1418418289624055e-05,4.283618295096822e-05,4.768370446273096e-07,5.504814227159086,1.253406000614632,12.54267200056347,0.9752591330138249,181.65917299557594,{},12.001207500120747,0,16,1.7322687838817648,8,0.0,0.0,0.0,0.0,16.0,{},8.93547773361206,1751480774.481795,2025-07-02T18:26:14.481859
false_positive_rate,RSID,16,16,"[2, 3]",2,4096,10000000,random,,10000000,0.0,0,2.1418418289624055e-05,4.283618295096822e-05,9.536738617699214e-07,10.89517843222025,0.9988630008592736,128.85551400177064,8.801598176935396,91.7837193967109,{},7.999846499984652,0,8,0.01823939161409079,8,0.0,0.0,0.0,0.0,16.0,{},17.124526739120483,1751480791.623221,2025-07-02T18:26:31.623286
false_positive_rate,RSID,16,16,"[2, 3]",2,4096,10000000,sparse,,10000000,0.0,0,2.1418418289624055e-05,4.283618295096822e-05,9.536738617699214e-07,11.394524275917686,1.4158870035316795,20.18513200164307,2.0219209447059043,87.76145241214667,{},3.777333177733306,0,6,1.1495904487197255,8,0.0,0.0,0.0,0.0,16.0,{},3.243759870529175,1751480794.8828044,2025-07-02T18:26:34.882865
false_positive_rate,RSID,16,16,"[2, 3]",2,4096,10000000,low_entropy,,10000000,0.0,0,2.1418418289624055e-05,4.283618295096822e-05,9.536738617699214e-07,10.895580295897314,1.3027170025452506,26.094770000781864,2.1755524962561905,91.78033412103308,{},12.001207500120747,0,16,1.7322687838817648,8,0.0,0.0,0.0,0.0,16.0,{},8.741636037826538,1751480803.6424794,2025-07-02T18:26:43.642599
false_positive_rate,RSID,16,16,"[2, 3]",2,8192,10000000,random,,10000000,0.0,0,2.1418418289624055e-05,4.283618295096822e-05,1.907346814045141e-06,22.207703257232097,1.0640759974194225,183.06157600090955,14.622808315554405,45.02942012584497,{},7.999846599984653,0,8,0.01823665093847758,8,0.0,0.0,0.0,0.0,16.0,{},17.0860652923584,1751480820.7452052,2025-07-02T18:27:00.745258
false_positive_rate,RSID,16,16,"[2, 3]",2,8192,10000000,sparse,,10000000,0.0,0,2.1418418289624055e-05,4.283618295096822e-05,1.907346814045141e-06,22.46307387017273,1.4794470007473137,45.193525998911355,4.525857692366555,44.51750485172181,{},3.777333177733306,0,6,1.1495904487197255,8,0.0,0.0,0.0,0.0,16.0,{},3.2632102966308594,1751480824.0875278,2025-07-02T18:27:04.087587
false_positive_rate,RSID,16,16,"[2, 3]",2,8192,10000000,low_entropy,,10000000,0.0,0,2.1418418289624055e-05,4.283618295096822e-05,1.907346814045141e-06,21.293031934238826,1.308727001742227,36.0188590020698,5.446184979043136,46.963720483226126,{},12.001207500120747,0,16,1.7322687838817648,8,0.0,0.0,0.0,0.0,16.0,{},8.726227283477783,1751480832.8330023,2025-07-02T18:27:12.833071
false_positive_rate,RSID,16,16,"[2, 3, 4]",3,2,10000000,random,,10000000,0.0,0,1.4278945526416036e-05,4.283618294099479e-05,7.105427357601002e-15,0.006858716791062224,0.0014649995137006044,13.238170999102294,0.023458456147076014,145799.86759376427,{},7.999851799985204,0,8,0.018093562995912162,8,0.0,0.0,0.0,0.0,16.0,{},17.146934986114502,1751480849.996736,2025-07-02T18:27:29.996787
false_positive_rate,RSID,16,16,"[2, 3, 4]",3,2,10000000,sparse,,10000000,0.0,0,1.4278945526416036e-05,4.283618294099479e-05,7.105427357601002e-15,0.007872175439703555,0.0018689970602281392,4.715420000138693,0.00980778569940775,127029.689271973,{},3.777333177733306,0,6,1.1495904487197255,8,0.0,0.0,0.0,0.0,16.0,{},4.072210311889648,1751480854.0863392,2025-07-02T18:27:34.086420
false_positive_rate,RSID,16,16,"[2, 3, 4]",3,2,10000000,low_entropy,,10000000,0.0,0,1.4278945526416036e-05,4.283618294099479e-05,7.105427357601002e-15,0.008219624873360433,0.0018129976524505764,5.056694000813877,0.010562930957038837,121660.05327578528,{},12.001207500120747,0,16,1.7322687838817648,8,0.0,0.0,0.0,0.0,16.0,{},9.975733041763306,1751480864.0785854,2025-07-02T18:27:44.078638
false_positive_rate,RSID,16,16,"[2, 3, 4]",3,4,10000000,random,,10000000,0.0,0,1.4278945526416036e-05,4.283618294099479e-05,1.4210854715202004e-14,0.012527222877996338,0.003945002390537411,12.442210001609055,0.026201898945217936,79826.15219183716,{},7.999850299985028,0,8,0.01813495438063591,8,0.0,0.0,0.0,0.0,16.0,{},16.985511779785156,1751480881.1589127,2025-07-02T18:28:01.158981
false_positive_rate,RSID,16,16,"[2, 3, 4]",3,4,10000000,sparse,,10000000,0.0,0,1.4278945526416036e-05,4.283618294099479e-05,1.4210854715202004e-14,0.015185253520301728,0.0047050016291905195,4.875965001701843,0.015919472039184264,65853.3621887223,{},3.777333177733306,0,6,1.1495904487197255,8,0.0,0.0,0.0,0.0,16.0,{},3.9152657985687256,1751480885.091206,2025-07-02T18:28:05.091251
false_positive_rate,RSID,16,16,"[2, 3, 4]",3,4,10000000,low_entropy,,10000000,0.0,0,1.4278945526416036e-05,4.283618294099479e-05,1.4210854715202004e-14,0.01527763849840507,0.004673998773796484,7.979582998814294,0.016697343972560775,65455.1421742566,{},12.001207500120747,0,16,1.7322687838817648,8,0.0,0.0,0.0,0.0,16.0,{},9.672050714492798,1751480894.7792745,2025-07-02T18:28:14.779322
false_positive_rate,RSID,16,16,"[2, 3, 4]",3,8,10000000,random,,10000000,0.0,0,1.4278945526416036e-05,4.283618294099479e-05,2.842170943040401e-14,0.024341182238292753,0.003997000021627173,9.53289100289112,0.04605092636182468,41082.63888788576,{},7.999850899985093,0,8,0.018118409188656412,8,0.0,0.0,0.0,0.0,16.0,{},17.12065815925598,1751480911.9150972,2025-07-02T18:28:31.915146
false_positive_rate,RSID,16,16,"[2, 3, 4]",3,8,10000000,sparse,,10000000,0.0,0,1.4278945526416036e-05,4.283618294099479e-05,2.842170943040401e-14,0.029905762439320978,0.004534998879535124,6.018110001605237,0.023498289785361583,33438.37168602565,{},3.777333177733306,0,6,1.1495904487197255,8,0.0,0.0,0.0,0.0,16.0,{},3.7675387859344482,1751480915.699338,2025-07-02T18:28:35.699391
false_positive_rate,RSID,16,16,"[2, 3, 4]",3,8,10000000,low_entropy,,10000000,0.0,0,1.4278945526416036e-05,4.283618294099479e-05,2.842170943040401e-14,0.029387989080489046,0.003745000867638737,7.084156997734681,0.022649294198727486,34027.50685870879,{},12.001207500120747,0,16,1.7322687838817648,8,0.0,0.0,0.0,0.0,16.0,{},9.476657390594482,1751480925.256196,2025-07-02T18:28:45.256245
false_positive_rate,RSID,16,16,"[2, 3, 4]",3,16,10000000,random,,10000000,0.0,0,1.4278945526416036e-05,4.283618294099479e-05,5.684341886080802e-14,0.04629347380346275,0.0039620026655029505,5.689980000170181,0.05628633403168717,21601.316942544934,{},7.999854399985446,0,8,0.018021592433088606,8,0.0,0.0,0.0,0.0,16.0,{},17.03977084159851,1751480942.3125815,2025-07-02T18:29:02.312637
false_positive_rate,RSID,16,16,"[2, 3, 4]",3,16,10000000,sparse,,10000000,0.0,0,1.4278945526416036e-05,4.283618294099479e-05,5.684341886080802e-14,0.059262575225127,0.005211000825511292,8.074520999798551,0.036190421133938284,16874.055779742856,{},3.777333177733306,0,6,1.1495904487197255,8,0.0,0.0,0.0,0.0,16.0,{},3.7061567306518555,1751480946.0349357,2025-07-02T18:29:06.034991
false_positive_rate,RSID,16,16,"[2, 3, 4]",3,16,10000000,low_entropy,,10000000,0.0,0,1.4278945526416036e-05,4.283618294099479e-05,5.684341886080802e-14,0.05750543925514626,0.003612996806623414,4.152351000811905,0.030850992329526098,17389.65936010146,{},12.001207500120747,0,16,1.7322687838817648,8,0.0,0.0,0.0,0.0,16.0,{},9.362974405288696,1751480955.4139774,2025-07-02T18:29:15.414025
false_positive_rate,RSID,16,16,"[2, 3, 4]",3,32,10000000,random,,10000000,0.0,0,1.4278945526416036e-05,4.283618294099479e-05,1.1368683772161603e-13,0.0931334571307768,0.022367003111867234,11.148067998874467,0.11507809949219514,10737.279929336382,{},7.999846899984692,0,8,0.018228426435955517,8,0.0,0.0,0.0,0.0,16.0,{},17.11402440071106,1751480972.5444446,2025-07-02T18:29:32.544495
false_positive_rate,RSID,16,16,"[2, 3, 4]",3,32,10000000,sparse,,10000000,0.0,0,1.4278945526416036e-05,4.283618294099479e-05,1.1368683772161603e-13,0.11638866297385057,0.029945000278530642,8.135318999848096,0.044912771941642816,8591.902118719872,{},3.777333177733306,0,6,1.1495904487197255,8,0.0,0.0,0.0,0.0,16.0,{},3.67490553855896,1751480976.2968955,2025-07-02T18:29:36.296949
false_positive_rate,RSID,16,16,"[2, 3, 4]",3,32,10000000,low_entropy,,10000000,0.0,0,1.4278945526416036e-05,4.283618294099479e-05,1.1368683772161603e-13,0.1128247124827741,0.027396999939810485,4.153510999458376,0.041313262974016815,8863.306433443633,{},12.001207500120747,0,16,1.7322687838817648,8,0.0,0.0,0.0,0.0,16.0,{},9.314014911651611,1751480985.627601,2025-07-02T18:29:45.627661
false_positive_rate,RSID,16,16,"[2, 3, 4]",3,64,10000000,random,,10000000,0.0,0,1.4278945526416036e-05,4.283618294099479e-05,2.2737367544323206e-13,0.18140929165532038,0.03782000203500502,7.605017002788372,0.172794651480615,5512.3968065539375,{},7.999851199985126,0,8,0.018110130916902837,8,0.0,0.0,0.0,0.0,16.0,{},16.996405839920044,1751481002.6398387,2025-07-02T18:30:02.639894
false_positive_rate,RSID,16,16,"[2, 3, 4]",3,64,10000000,sparse,,10000000,0.0,0,1.4278945526416036e-05,4.283618294099479e-05,2.2737367544323206e-13,0.23408038272162401,0.03004199970746413,5.551777998334728,0.0768938981507829,4272.036760932813,{},3.777333177733306,0,6,1.1495904487197255,8,0.0,0.0,0.0,0.0,16.0,{},3.6670382022857666,1751481006.3233972,2025-07-02T18:30:06.323446
false_positive_rate,RSID,16,16,"[2, 3, 4]",3,64,10000000,low_entropy,,10000000,0.0,0,1.4278945526416036e-05,4.283618294099479e-05,2.2737367544323206e-13,0.22305413180787104,0.03059799928450957,4.919725000945618,0.06624485409618124,4483.216660883717,{},12.001207500120747,0,16,1.7322687838817648,8,0.0,0.0,0.0,0.0,16.0,{},9.161101579666138,1751481015.501559,2025-07-02T18:30:15.501606
false_positive_rate,RSID,16,16,"[2, 3, 4]",3,128,10000000,random,,10000000,0.0,0,1.4278945526416036e-05,4.283618294099479e-05,4.547473508864641e-13,0.3695031191563673,0.058781002735486254,16.90733400027966,0.32909701558846177,2706.337100166176,{},7.999850499985048,0,8,0.018129440996566264,8,0.0,0.0,0.0,0.0,16.0,{},16.978255033493042,1751481032.5562124,2025-07-02T18:30:32.556255
false_positive_rate,RSID,16,16,"[2, 3, 4]",3,128,10000000,sparse,,10000000,0.0,0,1.4278945526416036e-05,4.283618294099479e-05,4.547473508864641e-13,0.46857072870083855,0.08138900011545047,7.070315998134902,0.11976174674583882,2134.149529085192,{},3.777333177733306,0,6,1.1495904487197255,8,0.0,0.0,0.0,0.0,16.0,{},3.6916937828063965,1751481036.2640307,2025-07-02T18:30:36.264083
false_positive_rate,RSID,16,16,"[2, 3, 4]",3,128,10000000,low_entropy,,10000000,0.0,0,1.4278945526416036e-05,4.283618294099479e-05,4.547473508864641e-13,0.44560117497184065,0.07446399831678718,5.3419310024764854,0.10287293310313647,2244.159253088132,{},12.001207500120747,0,16,1.7322687838817648,8,0.0,0.0,0.0,0.0,16.0,{},9.17246389389038,1751481045.453111,2025-07-02T18:30:45.453161
false_positive_rate,RSID,16,16,"[2, 3, 4]",3,256,10000000,random,,10000000,0.0,0,1.4278945526416036e-05,4.283618294099479e-05,9.094947017729282e-13,0.7410930748367693,0.20629199934774078,15.384805999929085,0.6163115225623257,1349.358176394047,{},7.99985449998546,0,8,0.018024367468087082,8,0.0,0.0,0.0,0.0,16.0,{},17.041837692260742,1751481062.511655,2025-07-02T18:31:02.511705
false_positive_rate,RSID,16,16,"[2, 3, 4]",3,256,10000000,sparse,,10000000,0.0,0,1.4278945526416036e-05,4.283618294099479e-05,9.094947017729282e-13,0.9403021123672692,0.26839600104722194,5.758630999480374,0.1899064169344601,1063.4879863052074,{},3.777333177733306,0,6,1.1495904487197255,8,0.0,0.0,0.0,0.0,16.0,{},3.6709787845611572,1751481066.1981263,2025-07-02T18:31:06.198178
false_positive_rate,RSID,16,16,"[2, 3, 4]",3,256,10000000,low_entropy,,10000000,0.0,0,1.4278945526416036e-05,4.283618294099479e-05,9.094947017729282e-13,0.8861586470112156,0.2711240013013594,5.030096999689704,0.17263899760358303,1128.4661086056565,{},12.001207500120747,0,16,1.7322687838817648,8,0.0,0.0,0.0,0.0,16.0,{},9.120107650756836,1751481075.4035668,2025-07-02T18:31:15.403631
false_positive_rate,RSID,16,16,"[2, 3, 4]",3,512,10000000,random,,10000000,0.0,0,1.4278945526416036e-05,4.283618294099479e-05,1.8189894035458565e-12,1.4892651784274797,0.22363500102073886,28.388779999659164,1.1119416401882096,671.472088708811,{},7.999851699985196,0,8,0.018096325370837146,8,0.0,0.0,0.0,0.0,16.0,{},16.99999237060547,1751481092.4206889,2025-07-02T18:31:32.420745
false_positive_rate,RSID,16,16,"[2, 3, 4]",3,512,10000000,sparse,,10000000,0.0,0,1.4278945526416036e-05,4.283618294099479e-05,1.8189894035458565e-12,1.8824949195318375,0.2929479996964801,9.709594000014476,0.32272094722280426,531.2099329589121,{},3.777333177733306,0,6,1.1495904487197255,8,0.0,0.0,0.0,0.0,16.0,{},3.7324657440185547,1751481096.1709394,2025-07-02T18:31:36.170992
false_positive_rate,RSID,16,16,"[2, 3, 4]",3,512,10000000,low_entropy,,10000000,0.0,0,1.4278945526416036e-05,4.283618294099479e-05,1.8189894035458565e-12,1.7956918636257688,0.2712059977056924,7.751712000754196,0.3183611406771807,556.8884173595637,{},12.001207500120747,0,16,1.7322687838817648,8,0.0,0.0,0.0,0.0,16.0,{},9.197720050811768,1751481105.386195,2025-07-02T18:31:45.386242
false_positive_rate,RSID,16,16,"[2, 3, 4]",3,1024,10000000,random,,10000000,0.0,0,1.4278945526416036e-05,4.283618294099479e-05,3.637978807091713e-12,3.065961366017995,0.21525299962377176,45.00401799668907,2.2141803705059564,326.16197029865987,{},7.999850499985074,0,8,0.01812944099656821,8,0.0,0.0,0.0,0.0,16.0,{},17.02008557319641,1751481122.422219,2025-07-02T18:32:02.422271
false_positive_rate,RSID,16,16,"[2, 3, 4]",3,1024,10000000,sparse,,10000000,0.0,0,1.4278945526416036e-05,4.283618294099479e-05,3.637978807091713e-12,3.7547830976173158,0.29678400096599944,11.713233001501067,0.5363272565471104,266.3269685629972,{},3.777333177733306,0,6,1.1495904487197255,8,0.0,0.0,0.0,0.0,16.0,{},3.7372334003448486,1751481126.24568,2025-07-02T18:32:06.245734
false_positive_rate,RSID,16,16,"[2, 3, 4]",3,1024,10000000,low_entropy,,10000000,0.0,0,1.4278945526416036e-05,4.283618294099479e-05,3.637978807091713e-12,3.5898083274050387,0.26739699751487933,10.40220700087957,0.6212125915979541,278.56640488737986,{},12.001207500120747,0,16,1.7322687838817648,8,0.0,0.0,0.0,0.0,16.0,{},9.247217893600464,1751481135.5097492,2025-07-02T18:32:15.509806
false_positive_rate,RSID,16,16,"[2, 3, 4]",3,2048,10000000,random,,10000000,0.0,0,1.4278945526416036e-05,4.283618294099479e-05,7.275957614183426e-12,6.38831152347396,1.4008830003149342,79.51711599889677,4.3542016620054005,156.5358853157807,{},7.99985779998578,0,8,0.017927040549997185,8,0.0,0.0,0.0,0.0,16.0,{},17.00644540786743,1751481152.536333,2025-07-02T18:32:32.536390
false_positive_rate,RSID,16,16,"[2, 3, 4]",3,2048,10000000,sparse,,10000000,0.0,0,1.4278945526416036e-05,4.283618294099479e-05,7.275957614183426e-12,7.728233008815164,1.8764319975161925,19.978535998234292,1.2352013875299834,129.3956844804441,{},3.777333177733306,0,6,1.1495904487197255,8,0.0,0.0,0.0,0.0,16.0,{},3.898857831954956,1751481156.451538,2025-07-02T18:32:36.451595
false_positive_rate,RSID,16,16,"[2, 3, 4]",3,2048,10000000,low_entropy,,10000000,0.0,0,1.4278945526416036e-05,4.283618294099479e-05,7.275957614183426e-12,7.278560334130441,1.7581809988769237,17.978200998186367,1.1869518822501364,137.38980706264468,{},12.001207500120747,0,16,1.7322687838817648,8,0.0,0.0,0.0,0.0,16.0,{},9.311571598052979,1751481165.7803333,2025-07-02T18:32:45.780386
false_positive_rate,RSID,16,16,"[2, 3, 4]",3,4096,10000000,random,,10000000,0.0,0,1.4278945526416036e-05,4.283618294099479e-05,1.4551915228366852e-11,13.041189824715222,1.455230998544721,126.43666700023459,8.112331181219888,76.680119946175,{},7.999850899985117,0,8,0.018123927579524586,8,0.0,0.0,0.0,0.0,16.0,{},17.03028631210327,1751481182.8994482,2025-07-02T18:33:02.899505
false_positive_rate,RSID,16,16,"[2, 3, 4]",3,4096,10000000,sparse,,10000000,0.0,0,1.4278945526416036e-05,4.283618294099479e-05,1.4551915228366852e-11,15.193219606289091,1.9530360004864633,35.03540700330632,2.435528586950372,65.81883405318905,{},3.777333177733306,0,6,1.1495904487197255,8,0.0,0.0,0.0,0.0,16.0,{},3.803649663925171,1751481186.7218268,2025-07-02T18:33:06.721883
false_positive_rate,RSID,16,16,"[2, 3, 4]",3,4096,10000000,low_entropy,,10000000,0.0,0,1.4278945526416036e-05,4.283618294099479e-05,1.4551915228366852e-11,14.488870873358131,1.8086039999616332,31.306282999139512,2.6730082838590863,69.01849072578744,{},12.001207500120747,0,16,1.7322687838817648,8,0.0,0.0,0.0,0.0,16.0,{},9.39769196510315,1751481196.1395988,2025-07-02T18:33:16.139649
false_positive_rate,RSID,16,16,"[2, 3, 4]",3,8192,10000000,random,,10000000,0.0,0,1.4278945526416036e-05,4.283618294099479e-05,2.9103830456733704e-11,25.985055370165938,1.4416019985219464,198.27077599984477,15.187646303108037,38.483658616641776,{},7.999856299985666,0,8,0.017968816026170904,8,0.0,0.0,0.0,0.0,16.0,{},17.003445625305176,1751481213.160736,2025-07-02T18:33:33.160794
false_positive_rate,RSID,16,16,"[2, 3, 4]",3,8192,10000000,sparse,,10000000,0.0,0,1.4278945526416036e-05,4.283618294099479e-05,2.9103830456733704e-11,29.97121680763461,1.9743439988815226,56.71552100102417,5.6751777155278775,33.36534537180581,{},3.777333177733306,0,6,1.1495904487197255,8,0.0,0.0,0.0,0.0,16.0,{},3.8750901222229004,1751481217.0532038,2025-07-02T18:33:37.053266
false_positive_rate,RSID,16,16,"[2, 3, 4]",3,8192,10000000,low_entropy,,10000000,0.0,0,1.4278945526416036e-05,4.283618294099479e-05,2.9103830456733704e-11,28.878305999178803,1.7697029979899526,58.78660099915578,6.125539110152022,34.62806994386847,{},12.001207500120747,0,16,1.7322687838817648,8,0.0,0.0,0.0,0.0,16.0,{},9.502079725265503,1751481226.638111,2025-07-02T18:33:46.638161
false_positive_rate,SHA1ID,8,16,[2],1,2,10000000,random,,10000000,0.007816800781680079,78168,0.010966230164287516,0.010966230164287516,0.0077972412109375,0.005043022012484993,0.0010229996405541897,7.442997000907781,0.015159881394452747,198293.80032930715,{},15.937366593736582,0,16,0.25131108416586984,16,15.945,15.0,16.0,0.22798026230355994,8.0,{},17.140647649765015,1751481243.7802932,2025-07-02T18:34:03.780351
false_positive_rate,SHA1ID,8,16,[2],1,2,10000000,sparse,,10000000,0.008266900826690083,82669,0.010966230164287516,0.010966230164287516,0.0077972412109375,0.004967499751470302,0.0010170006135012954,8.049165997363161,0.013400516636120104,201308.51535604318,{},3.776370177637046,0,6,1.1510143362695495,16,2.847,2.0,4.0,0.7573579074651561,8.0,{},3.205106735229492,1751481246.9870212,2025-07-02T18:34:06.987080
false_positive_rate,SHA1ID,8,16,[2],1,2,10000000,low_entropy,,10000000,0.007791800779180078,77918,0.010966230164287516,0.010966230164287516,0.0077972412109375,0.005131054771437674,0.0011539996194187552,10.787859999254579,0.014059497074496847,194891.7024948867,{},12.001207500120747,0,16,1.7322687838817648,16,11.973,6.0,16.0,1.7505059268680014,8.0,{},9.037607192993164,1751481256.026165,2025-07-02T18:34:16.026218
false_positive_rate,SHA1ID,8,16,[2],1,4,10000000,random,,10000000,0.015663601566360156,156636,0.010966230164287516,0.010966230164287516,0.015533685451373458,0.009310684529035928,0.0011030024325009435,13.130127998010721,0.02362367091608714,107403.48863517393,{},15.937503893750407,0,16,0.2509923142311745,16,15.926,14.0,16.0,0.26930280355020436,8.0,{},16.97056746482849,1751481272.9981427,2025-07-02T18:34:32.998192
false_positive_rate,SHA1ID,8,16,[2],1,4,10000000,sparse,,10000000,0.016533901653390165,165339,0.010966230164287516,0.010966230164287516,0.015533685451373458,0.009377006748189295,0.0010570001904852688,10.072386998217553,0.0195148026715765,106643.83921799998,{},3.776370177637046,0,6,1.1510143362695495,16,2.847,2.0,4.0,0.7573579074651561,8.0,{},3.0560038089752197,1751481276.1208355,2025-07-02T18:34:36.120883
false_positive_rate,SHA1ID,8,16,[2],1,4,10000000,low_entropy,,10000000,0.015494001549400154,154940,0.010966230164287516,0.010966230164287516,0.015533685451373458,0.009546477235171989,0.0011029987945221364,5.338830000255257,0.01840187097343111,104750.68188668697,{},12.001207500120747,0,16,1.7322687838817648,16,11.967,6.0,16.0,1.772543652494911,8.0,{},9.00509238243103,1751481285.1274276,2025-07-02T18:34:45.127480
false_positive_rate,SHA1ID,8,16,[2],1,8,10000000,random,,10000000,0.03069680306968031,306968,0.010966230164287516,0.010966230164287516,0.030826075519044704,0.017531779166921484,0.0011080010153818876,8.40235099894926,0.034635804766004114,57039.276532000506,{},15.937444793744524,0,16,0.25118529210532875,16,15.942,15.0,16.0,0.23374344910606587,8.0,{},16.939258575439453,1751481302.0680182,2025-07-02T18:35:02.068071
false_positive_rate,SHA1ID,8,16,[2],1,8,10000000,sparse,,10000000,0.03306750330675033,330675,0.010966230164287516,0.010966230164287516,0.030826075519044704,0.018228825721836737,0.0011800002539530396,7.078536000335589,0.02127152617610423,54858.16888369702,{},3.776370177637046,0,6,1.1510143362695495,16,2.847,2.0,4.0,0.7573579074651561,8.0,{},2.9530270099639893,1751481305.0224252,2025-07-02T18:35:05.022479
false_positive_rate,SHA1ID,8,16,[2],1,8,10000000,low_entropy,,10000000,0.03102240310224031,310224,0.010966230164287516,0.010966230164287516,0.030826075519044704,0.017770986392372644,0.0012380005500745028,8.043771002121503,0.018623746608875752,56271.49657990863,{},12.001207500120747,0,16,1.7322687838817648,16,11.993,6.0,16.0,1.6795686946356199,8.0,{},8.560319423675537,1751481313.5843778,2025-07-02T18:35:13.584431
false_positive_rate,SHA1ID,8,16,[2],1,16,10000000,random,,10000000,0.06061760606176061,606176,0.010966230164287516,0.010966230164287516,0.06070190410618359,0.033153410091231794,0.0011399970389902592,6.231555998965632,0.046733562232673505,30162.80971544685,{},15.937295393729498,0,16,0.2514409210046375,16,15.93,14.0,16.0,0.25903667693977234,8.0,{},16.892058610916138,1751481330.5390656,2025-07-02T18:35:30.539114
false_positive_rate,SHA1ID,8,16,[2],1,16,10000000,sparse,,10000000,0.06543710654371065,654371,0.010966230164287516,0.010966230164287516,0.06070190410618359,0.034880611548363936,0.0011539996194187552,4.716589999588905,0.022522662419949165,28669.222115370412,{},3.776370177637046,0,6,1.1510143362695495,16,2.848,2.0,4.0,0.7568989364505674,8.0,{},2.8792641162872314,1751481333.4197223,2025-07-02T18:35:33.419777
false_positive_rate,SHA1ID,8,16,[2],1,16,10000000,low_entropy,,10000000,0.0605232060523206,605232,0.010966230164287516,0.010966230164287516,0.06070190410618359,0.03398664026947765,0.001229000190505758,8.327592000568984,0.030247887307709113,29423.32610905554,{},12.001207500120747,0,16,1.7322687838817648,16,12.111,6.0,16.0,1.7007877586577345,8.0,{},8.462892293930054,1751481341.8840199,2025-07-02T18:35:41.884072
false_positive_rate,SHA1ID,8,16,[2],1,32,10000000,random,,10000000,0.11680571168057116,1168057,0.010966230164287516,0.010966230164287516,0.1177190870502508,0.06620741208684443,0.0011640004231594503,12.996818997635273,0.10891798418817789,15104.049055539243,{},15.937462493746219,0,16,0.25110070737254436,16,15.939,14.0,16.0,0.2515531752930183,8.0,{},16.9149067401886,1751481358.8002584,2025-07-02T18:35:58.800304
false_positive_rate,SHA1ID,8,16,[2],1,32,10000000,sparse,,10000000,0.12551221255122125,1255122,0.010966230164287516,0.010966230164287516,0.1177190870502508,0.06711544666251251,0.0012139971659053117,4.416184001456713,0.04566336813212155,14899.699692508377,{},3.776370177637046,0,6,1.1510143362695495,16,2.846,2.0,4.0,0.7485212087843605,8.0,{},2.8563663959503174,1751481361.6579726,2025-07-02T18:36:01.658011
false_positive_rate,SHA1ID,8,16,[2],1,32,10000000,low_entropy,,10000000,0.11709181170918118,1170918,0.010966230164287516,0.010966230164287516,0.1177190870502508,0.06621373028571607,0.0012550008250400424,13.200606997997966,0.0571438877099277,15102.607807851064,{},12.001207500120747,0,16,1.7322687838817648,16,12.003,6.0,16.0,1.6920375291346228,8.0,{},8.590319871902466,1751481370.310622,2025-07-02T18:36:10.310665
false_positive_rate,SHA1ID,8,16,[2],1,64,10000000,random,,10000000,0.2207922220792222,2207922,0.010966230164287516,0.010966230164287516,0.22158039064455715,0.11864191879389814,0.0013120006769895554,11.013786999683362,0.14247508554072816,8428.724098243689,{},15.93748199374817,0,16,0.25107748577103217,16,15.935,15.0,16.0,0.24652586071242097,8.0,{},16.842588424682617,1751481387.1545632,2025-07-02T18:36:27.154614
false_positive_rate,SHA1ID,8,16,[2],1,64,10000000,sparse,,10000000,0.2299160229916023,2299160,0.010966230164287516,0.010966230164287516,0.22158039064455715,0.1245057870780099,0.0012429991329554468,11.399707000236958,0.07348955948522282,8031.755177560089,{},3.776370177637046,0,6,1.1510143362695495,16,2.871,2.0,4.0,0.7499059941085949,8.0,{},2.787079334259033,1751481389.9430938,2025-07-02T18:36:29.943150
false_positive_rate,SHA1ID,8,16,[2],1,64,10000000,low_entropy,,10000000,0.22135032213503222,2213503,0.010966230164287516,0.010966230164287516,0.22158039064455715,0.1229623142768147,0.001414999132975936,7.59475199811277,0.0611318388459762,8132.573023542679,{},12.001207500120747,0,16,1.7322687838817648,16,12.028,6.0,16.0,1.6873695505134614,8.0,{},8.369266033172607,1751481398.3137875,2025-07-02T18:36:38.313835
false_positive_rate,SHA1ID,8,16,[2],1,128,10000000,random,,10000000,0.3941631394163139,3941631,0.010966230164287516,0.010966230164287516,0.3940629117709197,0.21653086864155446,0.001239000994246453,13.004393000301206,0.2905447658845381,4618.279168571579,{},15.93751879375196,0,16,0.2510018006912777,16,15.922,14.0,16.0,0.27913437624198134,8.0,{},16.91068935394287,1751481415.2259252,2025-07-02T18:36:55.225973
false_positive_rate,SHA1ID,8,16,[2],1,128,10000000,sparse,,10000000,0.39433203943320394,3943320,0.010966230164287516,0.010966230164287516,0.3940629117709197,0.2211315493113247,0.00133900175569579,11.812313001428265,0.14753530419374422,4522.1950604259055,{},3.776370177637046,0,6,1.1510143362695495,16,2.882,2.0,4.0,0.7576780318842563,8.0,{},2.757866382598877,1751481418.052976,2025-07-02T18:36:58.053031
false_positive_rate,SHA1ID,8,16,[2],1,128,10000000,low_entropy,,10000000,0.39276333927633394,3927633,0.010966230164287516,0.010966230164287516,0.3940629117709197,0.2212039147634589,0.0015670011634938419,4.282972000510199,0.11545871736321098,4520.715653108287,{},12.001207500120747,0,16,1.7322687838817648,16,11.871,5.0,16.0,1.8067537186899603,8.0,{},8.35913634300232,1751481426.413476,2025-07-02T18:37:06.413526
false_positive_rate,SHA1ID,8,16,[2],1,256,10000000,random,,10000000,0.6335950633595063,6335950,0.010966230164287516,0.010966230164287516,0.6328402451084638,0.3416944070664631,0.0014120014384388924,13.929476001067087,0.44324404412338164,2926.5916541779675,{},15.937336693733652,0,16,0.2512974625301101,16,15.937,15.0,16.0,0.24296296014001809,8.0,{},16.82638430595398,1751481443.2413206,2025-07-02T18:37:23.241370
false_positive_rate,SHA1ID,8,16,[2],1,256,10000000,sparse,,10000000,0.6350153635015363,6350153,0.010966230164287516,0.010966230164287516,0.6328402451084638,0.3538802337244551,0.0015779987734276801,6.134936997113982,0.22347729224466328,2825.8147946704444,{},3.776370177637046,0,6,1.1510143362695495,16,2.926,2.0,4.0,0.7619212557738496,8.0,{},2.6394846439361572,1751481445.8821118,2025-07-02T18:37:25.882160
false_positive_rate,SHA1ID,8,16,[2],1,256,10000000,low_entropy,,10000000,0.6301034630103463,6301034,0.010966230164287516,0.010966230164287516,0.6328402451084638,0.3489716243310878,0.0015709993022028357,6.727715001034085,0.2169938928106465,2865.562499291482,{},12.001207500120747,0,16,1.7322687838817648,16,12.033,6.0,16.0,1.714033546929581,8.0,{},8.16850996017456,1751481454.051958,2025-07-02T18:37:34.052005
false_positive_rate,SHA1ID,8,16,[2],1,512,10000000,random,,10000000,0.8626332862633286,8626332,0.010966230164287516,0.010966230164287516,0.865193714387987,0.47354326293208343,0.0014569995983038098,19.009305997315096,0.6708043543971436,2111.739471929563,{},15.937430093743044,0,16,0.2511655065120944,16,15.944,14.0,16.0,0.2384617369726221,8.0,{},16.81490445137024,1751481470.9301465,2025-07-02T18:37:50.930194
false_positive_rate,SHA1ID,8,16,[2],1,512,10000000,sparse,,10000000,0.8326985832698584,8326985,0.010966230164287516,0.010966230164287516,0.865193714387987,0.5081699338680663,0.001686003088252619,15.47085799757042,0.4565876995306538,1967.8456621552607,{},3.776370177637046,0,6,1.1510143362695495,16,3.004,2.0,4.0,0.7668011476256409,8.0,{},2.5281686782836914,1751481473.4596717,2025-07-02T18:37:53.459726
false_positive_rate,SHA1ID,8,16,[2],1,512,10000000,low_entropy,,10000000,0.8664220866422087,8664220,0.010966230164287516,0.010966230164287516,0.865193714387987,0.4782530408030292,0.0016070007404778153,11.772861998906592,0.3995141155970384,2090.9433180412434,{},12.001207500120747,0,16,1.7322687838817648,16,11.977,6.0,16.0,1.7048375289158788,8.0,{},8.15738320350647,1751481481.6186411,2025-07-02T18:38:01.618693
false_positive_rate,SHA1ID,8,16,[2],1,1024,10000000,random,,10000000,0.9812605981260598,9812605,0.010966230164287516,0.010966230164287516,0.9818272653594924,0.5448989213760095,0.0014110009942669421,22.08152599996538,0.9193113440110408,1835.202751869546,{},15.937376693737681,0,16,0.2512119150673293,16,15.943,14.0,16.0,0.2403143774308978,8.0,{},16.855559587478638,1751481498.4755657,2025-07-02T18:38:18.475625
false_positive_rate,SHA1ID,8,16,[2],1,1024,10000000,sparse,,10000000,0.9937225993722599,9937225,0.010966230164287516,0.010966230164287516,0.9818272653594924,0.5633276000718468,0.001606000296305865,6.109661997470539,0.5197695843140014,1775.1659955458601,{},3.776370177637046,0,6,1.1510143362695495,16,2.969,2.0,4.0,0.828274712882145,8.0,{},2.4200046062469482,1751481500.8971,2025-07-02T18:38:20.897151
false_positive_rate,SHA1ID,8,16,[2],1,1024,10000000,low_entropy,,10000000,0.9801470980147098,9801470,0.010966230164287516,0.010966230164287516,0.9818272653594924,0.5429478186223593,0.0018190003174822778,4.8982239968609065,0.5308643301883207,1841.7976197737296,{},12.001207500120747,0,16,1.7322687838817648,16,11.913,6.0,16.0,1.7405260698995577,8.0,{},8.071597814559937,1751481509.035629,2025-07-02T18:38:29.035683
false_positive_rate,SHA1ID,8,16,[2],1,2048,10000000,random,,10000000,0.99987969998797,9998796,0.010966230164287516,0.010966230164287516,0.9996697517156857,0.5770234842866914,0.0023089996830094606,29.087671002343995,1.0672535015603541,1733.0317174805919,{},15.93745749374572,0,16,0.25112335575847816,16,15.939,14.0,16.0,0.2515531752930183,8.0,{},16.88502311706543,1751481525.9220483,2025-07-02T18:38:45.922104
false_positive_rate,SHA1ID,8,16,[2],1,2048,10000000,sparse,,10000000,1.0,9999999,0.010966230164287516,0.010966230164287516,0.9996697517156857,0.5843525594245935,0.0017330021364614367,4.105975000129547,0.5044614640841821,1711.2956619625156,{},3.776370177637046,0,6,1.1510143362695495,16,3.04,2.0,4.0,0.7787168933572713,8.0,{},2.3509910106658936,1751481528.274484,2025-07-02T18:38:48.274540
false_positive_rate,SHA1ID,8,16,[2],1,2048,10000000,low_entropy,,10000000,0.99947009994701,9994700,0.010966230164287516,0.010966230164287516,0.9996697517156857,0.5564771221323254,0.001992000761674717,6.143738002720056,0.5857134550854038,1797.0190691185483,{},12.001207500120747,0,16,1.7322687838817648,16,11.974,5.0,16.0,1.741644050889848,8.0,{},8.093727588653564,1751481536.36965,2025-07-02T18:38:56.369701
false_positive_rate,SHA1ID,8,16,[2],1,4096,10000000,random,,10000000,1.0,9999999,0.010966230164287516,0.010966230164287516,0.9999998909360707,0.5832924996013106,0.002248001692350954,31.586697998136515,1.241471400741684,1714.4057238581252,{},15.93731879373191,0,16,0.2514264719684342,16,15.935,13.0,16.0,0.2622498808388671,8.0,{},16.90808653831482,1751481553.2794015,2025-07-02T18:39:13.279457
false_positive_rate,SHA1ID,8,16,[2],1,4096,10000000,sparse,,10000000,1.0,9999999,0.010966230164287516,0.010966230164287516,0.9999998909360707,0.6685804249308922,0.0028089998522773385,4.614108998794109,0.5468119383258868,1495.7063693621676,{},3.776370177637046,0,6,1.1510143362695495,16,2.948,2.0,4.0,0.8805089437365189,8.0,{},2.3389663696289062,1751481555.6836727,2025-07-02T18:39:15.683737
false_positive_rate,SHA1ID,8,16,[2],1,4096,10000000,low_entropy,,10000000,1.0,9999999,0.010966230164287516,0.010966230164287516,0.9999998909360707,0.5626222954599333,0.0031960007618181407,6.689074998575961,0.5689974750410659,1777.3913477469262,{},12.001207500120747,0,16,1.7322687838817648,16,11.988,5.0,16.0,1.7227466441702912,8.0,{},7.809186935424805,1751481563.4945168,2025-07-02T18:39:23.494577
false_positive_rate,SHA1ID,8,16,[2],1,8192,10000000,random,,10000000,0.99987969998797,9998796,0.010966230164287516,0.010966230164287516,0.9999999999999881,0.5935471803334226,0.0019760009308811277,28.335007998975925,1.2159683326678645,1684.7860340912653,{},15.937474693747484,0,16,0.2511057366952571,16,15.934,13.0,16.0,0.2639014967748383,8.0,{},16.971571922302246,1751481580.467661,2025-07-02T18:39:40.467723
false_positive_rate,SHA1ID,8,16,[2],1,8192,10000000,sparse,,10000000,1.0,9999999,0.010966230164287516,0.010966230164287516,0.9999999999999881,0.7035325681604613,0.001962001988431439,3.6159170012979303,0.5861438714509318,1421.3983051484272,{},3.776370177637046,0,6,1.1510143362695495,16,2.945,2.0,4.0,0.8831619330564469,8.0,{},2.410179376602173,1751481582.8793886,2025-07-02T18:39:42.879455
false_positive_rate,SHA1ID,8,16,[2],1,8192,10000000,low_entropy,,10000000,1.0,9999999,0.010966230164287516,0.010966230164287516,0.9999999999999881,0.5849050576712099,0.004151999746682122,4.8602850001771,0.5649061826486718,1709.679181064845,{},12.001207500120747,0,16,1.7322687838817648,16,11.948,6.0,16.0,1.7587768476984227,8.0,{},8.439428091049194,1751481591.3203664,2025-07-02T18:39:51.320436
false_positive_rate,SHA1ID,16,16,[2],1,2,10000000,random,,10000000,2.9600002960000295e-05,296,4.283683657924811e-05,4.283683657924811e-05,3.0517345294356346e-05,0.005218868816756691,0.0010650001058820635,6.089566999435192,0.020272335457842693,191612.4039732921,{},7.9998477999847815,0,8,0.01820373060365122,8,8.0,8.0,8.0,0.0,16.0,{},16.945898056030273,1751481608.3434079,2025-07-02T18:40:08.343468
false_positive_rate,SHA1ID,16,16,[2],1,2,10000000,sparse,,10000000,2.2600002260000225e-05,226,4.283683657924811e-05,4.283683657924811e-05,3.0517345294356346e-05,0.005355651910691949,0.001252999936696142,6.5571289997024,0.008795090761730413,186718.63233000896,{},3.777333177733306,0,6,1.1495904487197255,8,2.938053097345133,2.0,4.0,0.8443795003098452,16.0,{},3.471496105194092,1751481611.8164191,2025-07-02T18:40:11.816481
false_positive_rate,SHA1ID,16,16,[2],1,2,10000000,low_entropy,,10000000,3.200000320000032e-05,320,4.283683657924811e-05,4.283683657924811e-05,3.0517345294356346e-05,0.005709257071250242,0.0012370001059025526,6.063603999791667,0.0108845454515933,175154.13783618872,{},12.001207500120747,0,16,1.7322687838817648,8,12.25625,8.0,16.0,1.758006239323399,16.0,{},9.738560676574707,1751481621.5568125,2025-07-02T18:40:21.556880
false_positive_rate,SHA1ID,16,16,[2],1,4,10000000,random,,10000000,6.160000616000062e-05,616,4.283683657924811e-05,4.283683657924811e-05,6.103375928034893e-05,0.009577821009438577,0.0012599994079209864,7.55257399941911,0.023576644616144424,104407.88139750557,{},7.999855699985553,0,8,0.01798549901234718,8,8.0,8.0,8.0,0.0,16.0,{},16.992295026779175,1751481638.5507565,2025-07-02T18:40:38.550826
false_positive_rate,SHA1ID,16,16,[2],1,4,10000000,sparse,,10000000,4.520000452000045e-05,452,4.283683657924811e-05,4.283683657924811e-05,6.103375928034893e-05,0.01011273395820586,0.0022890017135068774,4.0571499994257465,0.01307509689117223,98885.22768747037,{},3.777333177733306,0,6,1.1495904487197255,8,2.938053097345133,2.0,4.0,0.8443795003098452,16.0,{},3.2446999549865723,1751481641.7971673,2025-07-02T18:40:41.797235
false_positive_rate,SHA1ID,16,16,[2],1,4,10000000,low_entropy,,10000000,5.5200005520000554e-05,552,4.283683657924811e-05,4.283683657924811e-05,6.103375928034893e-05,0.010366968809882379,0.0016089979908429086,8.039225001994055,0.015207848344273108,96460.21111269706,{},12.001207500120747,0,16,1.7322687838817648,8,11.934782608695652,7.0,16.0,1.7945429426544455,16.0,{},9.163935422897339,1751481651.0414553,2025-07-02T18:40:51.041515
false_positive_rate,SHA1ID,16,16,[2],1,8,10000000,random,,10000000,0.00013360001336000133,1336,4.283683657924811e-05,4.283683657924811e-05,0.00012206379344092966,0.018472967390080957,0.001986001734621823,7.135570998798357,0.03833882334324739,54133.15461905428,{},7.9998515999851465,0,8,0.018104611603870852,8,8.0,8.0,8.0,0.0,16.0,{},17.00140690803528,1751481668.0444188,2025-07-02T18:41:08.044478
false_positive_rate,SHA1ID,16,16,[2],1,8,10000000,sparse,,10000000,9.04000090400009e-05,904,4.283683657924811e-05,4.283683657924811e-05,0.00012206379344092966,0.019607521677385723,0.0024850014597177505,13.628624001285061,0.026011129378420237,51000.83613082764,{},3.777333177733306,0,6,1.1495904487197255,8,2.938053097345133,2.0,4.0,0.8443795003098452,16.0,{},3.154249906539917,1751481671.2002866,2025-07-02T18:41:11.200355
false_positive_rate,SHA1ID,16,16,[2],1,8,10000000,low_entropy,,10000000,0.00012480001248000124,1248,4.283683657924811e-05,4.283683657924811e-05,0.00012206379344092966,0.01984784181380731,0.001629003236303106,11.238685001444537,0.0259375116607942,50383.31166587301,{},12.001207500120747,0,16,1.7322687838817648,8,12.012820512820513,7.0,16.0,1.7830655663598574,16.0,{},9.236283302307129,1751481680.4382184,2025-07-02T18:41:20.438273
false_positive_rate,SHA1ID,16,16,[2],1,16,10000000,random,,10000000,0.0002384000238400024,2384,4.283683657924811e-05,4.283683657924811e-05,0.00024411268731217017,0.035248765656293396,0.0019450017134658992,5.968202000076417,0.05450341581786185,28369.78774663724,{},7.999852799985274,0,8,0.018065915985260743,8,8.0,8.0,8.0,0.0,16.0,{},16.935075759887695,1751481697.3747625,2025-07-02T18:41:37.374837
false_positive_rate,SHA1ID,16,16,[2],1,16,10000000,sparse,,10000000,0.0001808000180800018,1808,4.283683657924811e-05,4.283683657924811e-05,0.00024411268731217017,0.03840232993722924,0.0024709988792892545,7.319222000660375,0.029077589884906926,26040.086672724185,{},3.777333177733306,0,6,1.1495904487197255,8,2.938053097345133,2.0,4.0,0.8443795003098452,16.0,{},3.0941648483276367,1751481700.5555818,2025-07-02T18:41:40.555652
false_positive_rate,SHA1ID,16,16,[2],1,16,10000000,low_entropy,,10000000,0.00023200002320000233,2320,4.283683657924811e-05,4.283683657924811e-05,0.00024411268731217017,0.038362038121498375,0.0017359998309984803,5.826927997986786,0.029778600844479718,26067.436689178212,{},12.001207500120747,0,16,1.7322687838817648,8,11.951724137931034,7.0,15.0,1.5462124334700456,16.0,{},9.009466409683228,1751481709.5666094,2025-07-02T18:41:49.566701
false_positive_rate,SHA1ID,16,16,[2],1,32,10000000,random,,10000000,0.0004672000467200047,4672,4.283683657924811e-05,4.283683657924811e-05,0.0004881657836202091,0.0702433948373126,0.0021000014385208488,8.7056960001064,0.09722484283212048,14236.213985899354,{},7.999851099985116,0,8,0.01811289076177261,8,8.0,8.0,8.0,0.0,16.0,{},17.17569637298584,1751481726.7438352,2025-07-02T18:42:06.743913
false_positive_rate,SHA1ID,16,16,[2],1,32,10000000,sparse,,10000000,0.0003616000361600036,3616,4.283683657924811e-05,4.283683657924811e-05,0.0004881657836202091,0.07931528654417022,0.00145800004247576,12.292047998926137,0.0755533582176903,12607.910070943333,{},3.777333177733306,0,6,1.1495904487197255,8,2.938053097345133,2.0,4.0,0.8443795003098452,16.0,{},3.2198734283447266,1751481729.9652944,2025-07-02T18:42:09.965379
false_positive_rate,SHA1ID,16,16,[2],1,32,10000000,low_entropy,,10000000,0.0005280000528000053,5280,4.283683657924811e-05,4.283683657924811e-05,0.0004881657836202091,0.07600383639316916,0.0029719994927290827,8.127115997922374,0.04388669736105197,13157.230574874968,{},12.001207500120747,0,16,1.7322687838817648,8,11.975757575757576,7.0,16.0,1.805552094366959,16.0,{},8.895421743392944,1751481738.862587,2025-07-02T18:42:18.862650
false_positive_rate,SHA1ID,16,16,[2],1,64,10000000,random,,10000000,0.0009344000934400094,9344,4.283683657924811e-05,4.283683657924811e-05,0.0009760932614082396,0.13800881676825574,0.0030330011213663965,8.153138998750364,0.16202649240751793,7245.913872873781,{},7.999857599985787,0,8,0.017932616243636318,8,8.0,8.0,8.0,0.0,16.0,{},16.928702354431152,1751481755.8668315,2025-07-02T18:42:35.866891
false_positive_rate,SHA1ID,16,16,[2],1,64,10000000,sparse,,10000000,0.0007219000721900073,7219,4.283683657924811e-05,4.283683657924811e-05,0.0009760932614082396,0.1514957745115538,0.001410997356288135,12.976277001143899,0.10497487330269664,6600.844170236149,{},3.777333177733306,0,6,1.1495904487197255,8,2.938053097345133,2.0,4.0,0.8443795003098452,16.0,{},3.067708730697632,1751481758.9360743,2025-07-02T18:42:38.936141
false_positive_rate,SHA1ID,16,16,[2],1,64,10000000,low_entropy,,10000000,0.0009856000985600099,9856,4.283683657924811e-05,4.283683657924811e-05,0.0009760932614082396,0.1502387331625541,0.003117002052022144,6.438493997848127,0.05851723355425277,6656.07316402241,{},12.001207500120747,0,16,1.7322687838817648,8,12.246753246753247,8.0,16.0,1.679949320168205,16.0,{},8.893885374069214,1751481767.8314972,2025-07-02T18:42:47.831559
false_positive_rate,SHA1ID,16,16,[2],1,128,10000000,random,,10000000,0.0022528002252800226,22528,4.283683657924811e-05,4.283683657924811e-05,0.001951233764761473,0.28032302103747947,0.0025569970603100955,13.426818000880303,0.31912610691896265,3567.3131528726603,{},7.999850099985019,0,8,0.01814046608685315,8,8.0,8.0,8.0,0.0,16.0,{},17.03499412536621,1751481784.8679826,2025-07-02T18:43:04.868065
false_positive_rate,SHA1ID,16,16,[2],1,128,10000000,sparse,,10000000,0.0014387001438700144,14387,4.283683657924811e-05,4.283683657924811e-05,0.001951233764761473,0.3052339119972985,0.002920001861639321,20.587282997439615,0.21345308806298155,3276.175944725469,{},3.777333177733306,0,6,1.1495904487197255,8,2.938053097345133,2.0,4.0,0.8443795003098452,16.0,{},3.138942003250122,1751481788.0086575,2025-07-02T18:43:08.008721
false_positive_rate,SHA1ID,16,16,[2],1,128,10000000,low_entropy,,10000000,0.0018688001868800187,18688,4.283683657924811e-05,4.283683657924811e-05,0.001951233764761473,0.3044204617503667,0.00392299989471212,8.37202500042622,0.1410484419824644,3284.930304126626,{},12.001207500120747,0,16,1.7322687838817648,8,12.095890410958905,7.0,15.0,1.6524318613738336,16.0,{},9.108006477355957,1751481797.196192,2025-07-02T18:43:17.196257
false_positive_rate,SHA1ID,16,16,[2],1,256,10000000,random,,10000000,0.0037376003737600375,37376,4.283683657924811e-05,4.283683657924811e-05,0.0038986602163182393,0.5621932785948438,0.005981997674098238,18.958936001581606,0.6173636481906074,1778.747697765826,{},7.999848599984871,0,8,0.0181817505551619,8,8.0,8.0,8.0,0.0,16.0,{},16.970546007156372,1751481814.168257,2025-07-02T18:43:34.168314
false_positive_rate,SHA1ID,16,16,[2],1,256,10000000,sparse,,10000000,0.002885100288510029,28851,4.283683657924811e-05,4.283683657924811e-05,0.0038986602163182393,0.6128831607951609,0.0030150004022289068,14.0367599997262,0.2375527049628358,1631.6323631776563,{},3.777333177733306,0,6,1.1495904487197255,8,2.938053097345133,2.0,4.0,0.8443795003098452,16.0,{},3.1317172050476074,1751481817.3015795,2025-07-02T18:43:37.301630
false_positive_rate,SHA1ID,16,16,[2],1,256,10000000,low_entropy,,10000000,0.003200000320000032,32000,4.283683657924811e-05,4.283683657924811e-05,0.0038986602163182393,0.5897004494400669,0.005945999873802066,10.904213999310741,0.1676736413290081,1695.7762215537077,{},12.001207500120747,0,16,1.7322687838817648,8,11.944,8.0,16.0,1.7311452856418492,16.0,{},8.843430757522583,1751481826.1465778,2025-07-02T18:43:46.146663
false_positive_rate,SHA1ID,16,16,[2],1,512,10000000,random,,10000000,0.008345600834560084,83456,4.283683657924811e-05,4.283683657924811e-05,0.007782120881154042,1.1359405370422404,0.009329000022262335,32.55356399677112,1.1402043106410362,880.3277701522985,{},7.99985109998512,0,8,0.018112890761765425,8,8.0,8.0,8.0,0.0,16.0,{},16.995163917541504,1751481843.1437573,2025-07-02T18:44:03.143826
false_positive_rate,SHA1ID,16,16,[2],1,512,10000000,sparse,,10000000,0.005752300575230057,57523,4.283683657924811e-05,4.283683657924811e-05,0.007782120881154042,1.2191919526864892,0.02419900192762725,14.511908000713447,0.27298614658361525,820.2153875741226,{},3.777333177733306,0,6,1.1495904487197255,8,2.938053097345133,2.0,4.0,0.8443795003098452,16.0,{},3.1492908000946045,1751481846.3696382,2025-07-02T18:44:06.369702
false_positive_rate,SHA1ID,16,16,[2],1,512,10000000,low_entropy,,10000000,0.007731200773120077,77312,4.283683657924811e-05,4.283683657924811e-05,0.007782120881154042,1.1908686598325717,0.009552000847179443,9.942833999957656,0.2517113084208015,839.723164887548,{},12.001207500120747,0,16,1.7322687838817648,8,12.211920529801324,8.0,16.0,1.5423782767697989,16.0,{},8.966496229171753,1751481855.3377845,2025-07-02T18:44:15.337900
false_positive_rate,SHA1ID,16,16,[2],1,1024,10000000,random,,10000000,0.014540801454080146,145408,4.283683657924811e-05,4.283683657924811e-05,0.015503680356899308,2.3879867835131527,0.005874000635230914,52.90800900183967,2.1811502401308895,418.7627866720528,{},7.999852599985247,0,8,0.01807144877552083,8,8.0,8.0,8.0,0.0,16.0,{},16.903992652893066,1751481872.2437623,2025-07-02T18:44:32.243830
false_positive_rate,SHA1ID,16,16,[2],1,1024,10000000,sparse,,10000000,0.011486701148670115,114867,4.283683657924811e-05,4.283683657924811e-05,0.015503680356899308,2.460476506436767,0.02477000089129433,26.753572998131858,0.563610690946334,406.4253397193327,{},3.777333177733306,0,6,1.1495904487197255,8,2.938053097345133,2.0,4.0,0.8443795003098452,16.0,{},3.2612550258636475,1751481875.5065336,2025-07-02T18:44:35.506602
false_positive_rate,SHA1ID,16,16,[2],1,1024,10000000,low_entropy,,10000000,0.015155201515520151,151552,4.283683657924811e-05,4.283683657924811e-05,0.015503680356899308,2.3553467914288513,0.0077359982242342085,10.159821998968255,0.5101639591759417,424.56592958583326,{},12.001207500120747,0,16,1.7322687838817648,8,11.716216216216216,7.0,15.0,1.7204671762640225,16.0,{},8.944310665130615,1751481884.4524388,2025-07-02T18:44:44.452502
false_positive_rate,SHA1ID,16,16,[2],1,2048,10000000,random,,10000000,0.030515203051520307,305152,4.283683657924811e-05,4.283683657924811e-05,0.03076699660918969,4.870741441360087,0.01650700141908601,100.2918000012869,4.182513554380814,205.30755164059045,{},7.999849499984962,0,8,0.018156991153514566,8,8.0,8.0,8.0,0.0,16.0,{},17.01854133605957,1751481901.54621,2025-07-02T18:45:01.546278
false_positive_rate,SHA1ID,16,16,[2],1,2048,10000000,sparse,,10000000,0.02297340229734023,229734,4.283683657924811e-05,4.283683657924811e-05,0.03076699660918969,4.920313505110594,0.048591002268949524,13.139669001247967,0.8249498928640528,203.239082014048,{},3.777333177733306,0,6,1.1495904487197255,8,2.938053097345133,2.0,4.0,0.8443795003098452,16.0,{},3.2744507789611816,1751481904.8222826,2025-07-02T18:45:04.822342
false_positive_rate,SHA1ID,16,16,[2],1,2048,10000000,low_entropy,,10000000,0.030225903022590303,302259,4.283683657924811e-05,4.283683657924811e-05,0.03076699660918969,4.720289329878415,0.03599399860831909,11.301688999083126,0.9875703974558293,211.85142056234037,{},12.001207500120747,0,16,1.7322687838817648,8,11.81081081081081,6.0,16.0,1.6536256290237543,16.0,{},8.989710807800293,1751481913.813511,2025-07-02T18:45:13.813600
false_positive_rate,SHA1ID,16,16,[2],1,4096,10000000,random,,10000000,0.06717440671744067,671744,4.283683657924811e-05,4.283683657924811e-05,0.060587385138029415,10.35697834086111,0.05105099990032613,161.93985200152383,9.136140029816088,96.55325782180375,{},7.999852899985313,0,8,0.0180631489537771,8,8.0,8.0,8.0,0.0,16.0,{},16.972595691680908,1751481930.7877815,2025-07-02T18:45:30.787844
false_positive_rate,SHA1ID,16,16,[2],1,4096,10000000,sparse,,10000000,0.045706204570620454,457062,4.283683657924811e-05,4.283683657924811e-05,0.060587385138029415,9.747412770728012,0.0559960026293993,22.4634119986149,1.9365228718514218,102.59132587501087,{},3.777333177733306,0,6,1.1495904487197255,8,2.938053097345133,2.0,4.0,0.8443795003098452,16.0,{},3.297605276107788,1751481934.0868788,2025-07-02T18:45:34.086948
false_positive_rate,SHA1ID,16,16,[2],1,4096,10000000,low_entropy,,10000000,0.06372860637286064,637286,4.283683657924811e-05,4.283683657924811e-05,0.060587385138029415,9.41304328938855,0.020450999727472663,26.100176000909414,2.374616791361644,106.23556795147361,{},12.001207500120747,0,16,1.7322687838817648,8,12.07643312101911,7.0,16.0,1.6376984054407737,16.0,{},9.15621042251587,1751481943.3241255,2025-07-02T18:45:43.324180
false_positive_rate,SHA1ID,16,16,[2],1,8192,10000000,random,,10000000,0.10731521073152107,1073152,4.283683657924811e-05,4.283683657924811e-05,0.117503939038195,18.85567498640611,0.008127000910462812,172.84489200028474,14.323141026977046,53.034431316881744,{},7.999849699984989,0,8,0.01815148447176419,8,8.0,8.0,8.0,0.0,16.0,{},16.967896699905396,1751481960.2935123,2025-07-02T18:46:00.293601
false_positive_rate,SHA1ID,16,16,[2],1,8192,10000000,sparse,,10000000,0.0903526090352609,903526,4.283683657924811e-05,4.283683657924811e-05,0.117503939038195,19.055997732380092,0.0434989997302182,31.935622999299085,4.888401808853929,52.476916404161436,{},3.777333177733306,0,6,1.1495904487197255,8,2.9464285714285716,2.0,4.0,0.8434546913299675,16.0,{},3.3919308185577393,1751481963.6873004,2025-07-02T18:46:03.687378
false_positive_rate,SHA1ID,16,16,[2],1,8192,10000000,low_entropy,,10000000,0.12709631270963126,1270963,4.283683657924811e-05,4.283683657924811e-05,0.117503939038195,18.13356471151833,0.10566000128164887,32.50144800040289,5.390957077426895,55.1463551656121,{},12.001207500120747,0,16,1.7322687838817648,8,12.070512820512821,7.0,16.0,1.8013961091729178,16.0,{},9.00935983657837,1751481972.6983807,2025-07-02T18:46:12.698453
false_positive_rate,SHA256ID,8,16,[2],1,2,10000000,random,,10000000,0.007776200777620078,77762,0.010966230164287516,0.010966230164287516,0.0077972412109375,0.008198417061790073,0.0016129997675307095,11.955480000324314,0.02224952772613835,121974.76567283299,{},15.937414293741444,0,16,0.2511440507683268,16,15.942,15.0,16.0,0.23374344910606587,8.0,{},17.003365516662598,1751481989.7033505,2025-07-02T18:46:29.703407
false_positive_rate,SHA256ID,8,16,[2],1,2,10000000,sparse,,10000000,0.006312200631220063,63122,0.010966230164287516,0.010966230164287516,0.0077972412109375,0.007880639305195973,0.0015759978850837797,4.407405998790637,0.011528852729944522,126893.25843661772,{},3.776370177637046,0,6,1.1510143362695495,16,3.293,2.0,4.0,0.7636432413110195,8.0,{},4.389086484909058,1751481994.1766174,2025-07-02T18:46:34.176683
false_positive_rate,SHA256ID,8,16,[2],1,2,10000000,low_entropy,,10000000,0.007724200772420077,77242,0.010966230164287516,0.010966230164287516,0.0077972412109375,0.008529455021375067,0.0016230005712714046,8.062713997787796,0.013217581878260368,117240.78472703947,{},12.001207500120747,0,16,1.7322687838817648,16,12.153,6.0,16.0,1.735393615293084,8.0,{},10.82443356513977,1751482005.0025465,2025-07-02T18:46:45.002613
false_positive_rate,SHA256ID,8,16,[2],1,4,10000000,random,,10000000,0.015508601550860155,155086,0.010966230164287516,0.010966230164287516,0.015533685451373458,0.015466672933108251,0.001676999090705067,20.001244000013685,0.03776926951761298,64655.146218252354,{},15.937429293742875,0,16,0.25110040153393537,16,15.937,13.0,16.0,0.2665164160047182,8.0,{},16.994248390197754,1751482021.9983413,2025-07-02T18:47:01.998406
false_positive_rate,SHA256ID,8,16,[2],1,4,10000000,sparse,,10000000,0.012624401262440126,126244,0.010966230164287516,0.010966230164287516,0.015533685451373458,0.015239382287859843,0.001582000550115481,10.645324000506662,0.019535161734800213,65619.45760732247,{},3.776370177637046,0,6,1.1510143362695495,16,3.293,2.0,4.0,0.7636432413110195,8.0,{},4.154345989227295,1751482026.1541555,2025-07-02T18:47:06.154216
false_positive_rate,SHA256ID,8,16,[2],1,4,10000000,low_entropy,,10000000,0.015524401552440155,155244,0.010966230164287516,0.010966230164287516,0.015533685451373458,0.01604089609720896,0.0016939993656706065,4.748270999698434,0.016871998729803644,62340.65690220357,{},12.001207500120747,0,16,1.7322687838817648,16,11.938,7.0,16.0,1.68171222270637,8.0,{},10.521244287490845,1751482036.6769812,2025-07-02T18:47:16.677047
false_positive_rate,SHA256ID,8,16,[2],1,8,10000000,random,,10000000,0.030734403073440306,307344,0.010966230164287516,0.010966230164287516,0.030826075519044704,0.02954993205571234,0.0016279991541523486,5.822876999445725,0.047415913937092616,33841.0253571696,{},15.937437893743718,0,16,0.25119770628165566,16,15.935,14.0,16.0,0.258408591188451,8.0,{},17.0477192401886,1751482053.8118863,2025-07-02T18:47:33.811943
false_positive_rate,SHA256ID,8,16,[2],1,8,10000000,sparse,,10000000,0.02506960250696025,250696,0.010966230164287516,0.010966230164287516,0.030826075519044704,0.029581061879878707,0.001686999894445762,8.066824997513322,0.026582995697870107,33805.41253254362,{},3.776370177637046,0,6,1.1510143362695495,16,3.299,2.0,4.0,0.7652444054026138,8.0,{},4.065664052963257,1751482057.8791063,2025-07-02T18:47:37.879176
false_positive_rate,SHA256ID,8,16,[2],1,8,10000000,low_entropy,,10000000,0.03112560311256031,311256,0.010966230164287516,0.010966230164287516,0.030826075519044704,0.03141773704586375,0.0018370010366197675,5.211818999669049,0.025196449420809394,31829.154293964442,{},12.001207500120747,0,16,1.7322687838817648,16,12.027,6.0,16.0,1.7355895252046207,8.0,{},10.525922775268555,1751482068.4067156,2025-07-02T18:47:48.406816
false_positive_rate,SHA256ID,8,16,[2],1,16,10000000,random,,10000000,0.06095360609536061,609536,0.010966230164287516,0.010966230164287516,0.06070190410618359,0.05639650141269696,0.0017509992176201195,7.042058001388796,0.07161435937705453,17731.59637478616,{},15.9373560937356,0,16,0.2513488523029508,16,15.945,15.0,16.0,0.22798026230355994,8.0,{},16.826056003570557,1751482085.234549,2025-07-02T18:48:05.234618
false_positive_rate,SHA256ID,8,16,[2],1,16,10000000,sparse,,10000000,0.04916800491680049,491680,0.010966230164287516,0.010966230164287516,0.06070190410618359,0.05717180902959512,0.0017989987100008875,12.114459001168143,0.04706995197419922,17491.137974702666,{},3.776370177637046,0,6,1.1510143362695495,16,3.299,2.0,4.0,0.7717506073855723,8.0,{},3.948287010192871,1751482089.1842873,2025-07-02T18:48:09.184361
false_positive_rate,SHA256ID,8,16,[2],1,16,10000000,low_entropy,,10000000,0.060758406075840606,607584,0.010966230164287516,0.010966230164287516,0.06070190410618359,0.06081384799836945,0.0017210004443768412,7.92210099825752,0.041689430986678475,16443.623169953204,{},12.001207500120747,0,16,1.7322687838817648,16,12.019,7.0,16.0,1.693705700527692,8.0,{},10.478436946868896,1751482099.744586,2025-07-02T18:48:19.744668
false_positive_rate,SHA256ID,8,16,[2],1,32,10000000,random,,10000000,0.11785531178553117,1178553,0.010966230164287516,0.010966230164287516,0.1177190870502508,0.11097768904147139,0.0017179991118609905,8.108199999696808,0.12760938039788985,9010.820180498702,{},15.9372643937264,0,16,0.2514363699153967,16,15.934,14.0,16.0,0.2639014967748383,8.0,{},16.888588666915894,1751482116.635049,2025-07-02T18:48:36.635114
false_positive_rate,SHA256ID,8,16,[2],1,32,10000000,sparse,,10000000,0.09601660960166096,960166,0.010966230164287516,0.010966230164287516,0.1177190870502508,0.11137057247757735,0.0018909995560534298,8.290924997709226,0.06434996371615763,8979.032591408593,{},3.776370177637046,0,6,1.1510143362695495,16,3.309,2.0,4.0,0.7768648531115305,8.0,{},3.8969719409942627,1751482120.5335186,2025-07-02T18:48:40.533587
false_positive_rate,SHA256ID,8,16,[2],1,32,10000000,low_entropy,,10000000,0.1188320118832012,1188320,0.010966230164287516,0.010966230164287516,0.1177190870502508,0.11447018790026722,0.0020189982024021447,9.094848999666283,0.06431049557088628,8735.89899993224,{},12.001207500120747,0,16,1.7322687838817648,16,12.109,7.0,16.0,1.7323738049277932,8.0,{},10.072383165359497,1751482130.607681,2025-07-02T18:48:50.607753
false_positive_rate,SHA256ID,8,16,[2],1,64,10000000,random,,10000000,0.22104562210456222,2210456,0.010966230164287516,0.010966230164287516,0.22158039064455715,0.2062383181594873,0.0017669990484137088,10.275253000145312,0.21985001233444196,4848.7594784723005,{},15.937472293747264,0,16,0.25104021784528724,16,15.92,15.0,16.0,0.2712931993250107,8.0,{},17.00079321861267,1751482147.6102905,2025-07-02T18:49:07.610355
false_positive_rate,SHA256ID,8,16,[2],1,64,10000000,sparse,,10000000,0.18404721840472185,1840472,0.010966230164287516,0.010966230164287516,0.22158039064455715,0.2099816415028928,0.0019090002751909196,6.84880799963139,0.09311229749435976,4762.321090752229,{},3.776370177637046,0,6,1.1510143362695495,16,3.303,2.0,4.0,0.7843411247665137,8.0,{},3.829756736755371,1751482151.520025,2025-07-02T18:49:11.520096
false_positive_rate,SHA256ID,8,16,[2],1,64,10000000,low_entropy,,10000000,0.22125432212543222,2212543,0.010966230164287516,0.010966230164287516,0.22158039064455715,0.21532587963692523,0.0020429979485925287,7.226611996884458,0.10087554542185581,4644.123603192353,{},12.001207500120747,0,16,1.7322687838817648,16,11.971,6.0,16.0,1.7430315545049666,8.0,{},10.070029497146606,1751482161.5918534,2025-07-02T18:49:21.591920
false_positive_rate,SHA256ID,8,16,[2],1,128,10000000,random,,10000000,0.39572263957226395,3957226,0.010966230164287516,0.010966230164287516,0.3940629117709197,0.36898013494765536,0.0019899998733308166,17.493495000962866,0.4335703249397263,2710.1730019743827,{},15.937389493738946,0,16,0.251279185687416,16,15.941,15.0,16.0,0.23562470159132298,8.0,{},16.956727981567383,1751482178.5503042,2025-07-02T18:49:38.550374
false_positive_rate,SHA256ID,8,16,[2],1,128,10000000,sparse,,10000000,0.3313816331381633,3313816,0.010966230164287516,0.010966230164287516,0.3940629117709197,0.3886996639058999,0.00204800016945228,6.587355997908162,0.19202872195972995,2572.680382461276,{},3.776370177637046,0,6,1.1510143362695495,16,3.283,2.0,4.0,0.8030635093191572,8.0,{},3.815598964691162,1751482182.3674514,2025-07-02T18:49:42.367569
false_positive_rate,SHA256ID,8,16,[2],1,128,10000000,low_entropy,,10000000,0.3917951391795139,3917951,0.010966230164287516,0.010966230164287516,0.3940629117709197,0.38240719443494803,0.0021470004867296666,11.918763997528004,0.1960283168849529,2615.013562905422,{},12.001207500120747,0,16,1.7322687838817648,16,11.924,6.0,16.0,1.739604552764794,8.0,{},9.790432214736938,1751482192.1595752,2025-07-02T18:49:52.159646
false_positive_rate,SHA256ID,8,16,[2],1,256,10000000,random,,10000000,0.6356917635691763,6356917,0.010966230164287516,0.010966230164287516,0.6328402451084638,0.5905890599350203,0.0020280021999496967,29.769493001367664,0.7069875876016479,1693.2247273764692,{},15.937322593732244,0,16,0.2514540656378901,16,15.942,15.0,16.0,0.23374344910606587,8.0,{},16.935693502426147,1751482209.174569,2025-07-02T18:50:09.174633
false_positive_rate,SHA256ID,8,16,[2],1,256,10000000,sparse,,10000000,0.5667176566717657,5667176,0.010966230164287516,0.010966230164287516,0.6328402451084638,0.6404536644247052,0.002157998096663505,8.899828000721755,0.36253990541890335,1561.3932053902156,{},3.776370177637046,0,6,1.1510143362695495,16,3.264,2.0,4.0,0.8088905982887921,8.0,{},3.6006953716278076,1751482212.7767522,2025-07-02T18:50:12.776818
false_positive_rate,SHA256ID,8,16,[2],1,256,10000000,low_entropy,,10000000,0.6326120632612063,6326120,0.010966230164287516,0.010966230164287516,0.6328402451084638,0.6087046582412122,0.0022130006982479244,11.15891500012367,0.39795856352642694,1642.832836024936,{},12.001207500120747,0,16,1.7322687838817648,16,11.963,5.0,16.0,1.7342522884517122,8.0,{},9.609548091888428,1751482222.3878927,2025-07-02T18:50:22.387961
false_positive_rate,SHA256ID,8,16,[2],1,512,10000000,random,,10000000,0.8623439862343987,8623439,0.010966230164287516,0.010966230164287516,0.865193714387987,0.8391688142926724,0.002102002326864749,55.77332299799309,1.35093364287992,1191.6553415332655,{},15.937389693739,0,16,0.2512462024694719,16,15.93,14.0,16.0,0.25903667693977234,8.0,{},16.92516565322876,1751482239.3147278,2025-07-02T18:50:39.314795
false_positive_rate,SHA256ID,8,16,[2],1,512,10000000,sparse,,10000000,0.8543080854308085,8543080,0.010966230164287516,0.010966230164287516,0.865193714387987,0.9307447663706653,0.0024619985197205096,8.444983999652322,0.6999098936471493,1074.4084051091554,{},3.776370177637046,0,6,1.1510143362695495,16,3.255,2.0,4.0,0.8160729134090899,8.0,{},3.474208354949951,1751482242.7904456,2025-07-02T18:50:42.790517
false_positive_rate,SHA256ID,8,16,[2],1,512,10000000,low_entropy,,10000000,0.8644246864424686,8644246,0.010966230164287516,0.010966230164287516,0.865193714387987,0.8470902932412785,0.00248300057137385,6.219322000106331,0.6901271350190216,1180.5116974881541,{},12.001207500120747,0,16,1.7322687838817648,16,11.999,6.0,16.0,1.7779198519618369,8.0,{},9.429929256439209,1751482252.3106742,2025-07-02T18:50:52.310727
false_positive_rate,SHA256ID,8,16,[2],1,1024,10000000,random,,10000000,0.9820291982029198,9820291,0.010966230164287516,0.010966230164287516,0.9818272653594924,0.9688242059807927,0.002764001692412421,110.55917200064869,2.1844385300899942,1032.178999891571,{},15.937514893751489,0,16,0.2509257194870276,16,15.936,14.0,16.0,0.25279240494919936,8.0,{},16.987112283706665,1751482269.2991061,2025-07-02T18:51:09.299171
false_positive_rate,SHA256ID,8,16,[2],1,1024,10000000,sparse,,10000000,0.9878888987888899,9878888,0.010966230164287516,0.010966230164287516,0.9818272653594924,1.0098462325233823,0.00394000016967766,8.490502001222922,0.8775564525461732,990.2497705033975,{},3.776370177637046,0,6,1.1510143362695495,16,3.205,2.0,4.0,0.8117727514520304,8.0,{},3.187494993209839,1751482272.4880688,2025-07-02T18:51:12.488144
false_positive_rate,SHA256ID,8,16,[2],1,1024,10000000,low_entropy,,10000000,0.9824227982422798,9824227,0.010966230164287516,0.010966230164287516,0.9818272653594924,0.9666117894110898,0.0028050017135683447,7.284254999831319,0.9365003696646258,1034.5414891010712,{},12.001207500120747,0,16,1.7322687838817648,16,12.06,5.0,16.0,1.7211623979160129,8.0,{},9.333726167678833,1751482281.8234699,2025-07-02T18:51:21.823535
false_positive_rate,SHA256ID,8,16,[2],1,2048,10000000,random,,10000000,0.99987659998766,9998765,0.010966230164287516,0.010966230164287516,0.9996697517156857,0.9500409656692046,0.0037950012483634055,65.88403500063578,1.6294725588114831,1052.5861895814191,{},15.93730979373097,0,16,0.2514484886207555,16,15.955,14.0,16.0,0.21207310060448492,8.0,{},16.922909021377563,1751482298.7479084,2025-07-02T18:51:38.747972
false_positive_rate,SHA256ID,8,16,[2],1,2048,10000000,sparse,,10000000,1.0,9999999,0.010966230164287516,0.010966230164287516,0.9996697517156857,1.0815846972905894,0.00404199818149209,10.085749003337696,0.9816269503003339,924.5692940229627,{},3.776370177637046,0,6,1.1510143362695495,16,3.212,2.0,4.0,0.7956481634491467,8.0,{},3.008206367492676,1751482301.8358278,2025-07-02T18:51:41.835892
false_positive_rate,SHA256ID,8,16,[2],1,2048,10000000,low_entropy,,10000000,0.99959039995904,9995903,0.010966230164287516,0.010966230164287516,0.9996697517156857,1.0207483596816638,0.0032380012271460146,10.697003999666777,1.0820529798851803,979.6733842529667,{},12.001207500120747,0,16,1.7322687838817648,16,11.989,5.0,16.0,1.7443849919097563,8.0,{},9.41845965385437,1751482311.255935,2025-07-02T18:51:51.256006
false_positive_rate,SHA256ID,8,16,[2],1,4096,10000000,random,,10000000,1.0,9999999,0.010966230164287516,0.010966230164287516,0.9999998909360707,1.0024800004008025,0.004428002284839749,29.39625200087903,1.6565973949954311,997.5261347859199,{},15.937426993742676,0,16,0.25119837512911347,16,15.937,14.0,16.0,0.25105975384358203,8.0,{},16.966000080108643,1751482328.2236197,2025-07-02T18:52:08.223682
false_positive_rate,SHA256ID,8,16,[2],1,4096,10000000,sparse,,10000000,1.0,9999999,0.010966230164287516,0.010966230164287516,0.9999998909360707,0.999564897740554,0.004598998202709481,6.766722999600461,0.7620022079438316,1000.4352916558289,{},3.776370177637046,0,6,1.1510143362695495,16,3.341,2.0,4.0,0.8226293211404515,8.0,{},2.991119146347046,1751482331.216272,2025-07-02T18:52:11.216341
false_positive_rate,SHA256ID,8,16,[2],1,4096,10000000,low_entropy,,10000000,0.99987969998797,9998796,0.010966230164287516,0.010966230164287516,0.9999998909360707,0.9834122491513752,0.005275000148685649,7.820482998795342,1.000700397849548,1016.8675454906517,{},12.001207500120747,0,16,1.7322687838817648,16,11.995,7.0,16.0,1.6896671269809331,8.0,{},9.166048526763916,1751482340.3838072,2025-07-02T18:52:20.383884
false_positive_rate,SHA256ID,8,16,[2],1,8192,10000000,random,,10000000,1.0,9999999,0.010966230164287516,0.010966230164287516,0.9999999999999881,1.023199645024201,0.004214001819491386,82.15323100012029,2.6785959527833283,977.326375026594,{},15.93752389375241,0,16,0.2509132148179056,16,15.942,13.0,16.0,0.25423611073173696,8.0,{},16.929708242416382,1751482357.3953137,2025-07-02T18:52:37.395375
false_positive_rate,SHA256ID,8,16,[2],1,8192,10000000,sparse,,10000000,1.0,9999999,0.010966230164287516,0.010966230164287516,0.9999999999999881,0.9962972884872775,0.003198001650162041,4.161849999945844,0.7569332144581331,1003.716472538377,{},3.776370177637046,0,6,1.1510143362695495,16,3.375,2.0,4.0,0.7989837294964147,8.0,{},3.0323903560638428,1751482360.4292662,2025-07-02T18:52:40.429328
false_positive_rate,SHA256ID,8,16,[2],1,8192,10000000,low_entropy,,10000000,1.0,9999999,0.010966230164287516,0.010966230164287516,0.9999999999999881,0.9624960320228965,0.003363002178957686,9.321623998403084,0.9781375971628578,1038.965322172062,{},12.001207500120747,0,16,1.7322687838817648,16,11.891,5.0,16.0,1.7969749580892884,8.0,{},9.290420293807983,1751482369.7211828,2025-07-02T18:52:49.721260
false_positive_rate,SHA256ID,16,16,[2],1,2,10000000,random,,10000000,3.440000344000034e-05,344,4.283683657924811e-05,4.283683657924811e-05,3.0517345294356346e-05,0.008028755676985501,0.0014870020095258951,8.517819002008764,0.021311242173693925,124552.30178027572,{},7.999856699985682,0,8,0.017957685413853113,8,8.0,8.0,8.0,0.0,16.0,{},17.384047746658325,1751482387.1068256,2025-07-02T18:53:07.106888
false_positive_rate,SHA256ID,16,16,[2],1,2,10000000,sparse,,10000000,2.1800002180000217e-05,218,4.283683657924811e-05,4.283683657924811e-05,3.0517345294356346e-05,0.008044291888018957,0.0017849997675511986,9.201105000101961,0.015424350632860408,124311.74973764743,{},3.777333177733306,0,6,1.1495904487197255,8,3.256880733944954,2.0,4.0,0.6411524847580238,16.0,{},4.463163614273071,1751482391.57149,2025-07-02T18:53:11.571553
false_positive_rate,SHA256ID,16,16,[2],1,2,10000000,low_entropy,,10000000,3.00000030000003e-05,300,4.283683657924811e-05,4.283683657924811e-05,3.0517345294356346e-05,0.008610649500244705,0.0018099999579135329,9.631076998630306,0.014706516932808679,116135.25785384496,{},12.001207500120747,0,16,1.7322687838817648,8,11.906666666666666,6.0,16.0,1.8160274104637175,16.0,{},11.016953706741333,1751482402.6722367,2025-07-02T18:53:22.672298
false_positive_rate,SHA256ID,16,16,[2],1,4,10000000,random,,10000000,5.360000536000054e-05,536,4.283683657924811e-05,4.283683657924811e-05,6.103375928034893e-05,0.015131549273009668,0.0025699991965666413,10.178591001022141,0.031247206345837004,66087.08612433443,{},7.9998512999851314,0,8,0.01810737065085481,8,8.0,8.0,8.0,0.0,16.0,{},17.115680932998657,1751482419.7895079,2025-07-02T18:53:39.789574
false_positive_rate,SHA256ID,16,16,[2],1,4,10000000,sparse,,10000000,4.3600004360000434e-05,436,4.283683657924811e-05,4.283683657924811e-05,6.103375928034893e-05,0.01558425639026213,0.002200999006163329,9.324243001174182,0.01819484629195398,64167.32213317878,{},3.777333177733306,0,6,1.1495904487197255,8,3.256880733944954,2.0,4.0,0.6411524847580238,16.0,{},4.2786619663238525,1751482424.0697892,2025-07-02T18:53:44.069856
false_positive_rate,SHA256ID,16,16,[2],1,4,10000000,low_entropy,,10000000,5.320000532000053e-05,532,4.283683657924811e-05,4.283683657924811e-05,6.103375928034893e-05,0.01658558003217739,0.004017998435301706,6.694540999887977,0.021555914189053633,60293.339036676305,{},12.001207500120747,0,16,1.7322687838817648,8,12.19548872180451,8.0,16.0,1.596324003785188,16.0,{},10.861294984817505,1751482434.9327185,2025-07-02T18:53:54.932783
false_positive_rate,SHA256ID,16,16,[2],1,8,10000000,random,,10000000,0.00012560001256000126,1256,4.283683657924811e-05,4.283683657924811e-05,0.00012206379344092966,0.02944363200176231,0.0018419996195007116,9.772654997505015,0.049164594652207065,33963.20127693983,{},7.999857399985773,0,8,0.017938190201955265,8,8.0,8.0,8.0,0.0,16.0,{},16.934855937957764,1751482451.8691773,2025-07-02T18:54:11.869245
false_positive_rate,SHA256ID,16,16,[2],1,8,10000000,sparse,,10000000,8.720000872000087e-05,872,4.283683657924811e-05,4.283683657924811e-05,0.00012206379344092966,0.03056533011575711,0.0037380013964138925,6.774213001335738,0.025378795142436263,32716.806794259934,{},3.777333177733306,0,6,1.1495904487197255,8,3.256880733944954,2.0,4.0,0.6411524847580238,16.0,{},4.197279453277588,1751482456.147807,2025-07-02T18:54:16.147867
false_positive_rate,SHA256ID,16,16,[2],1,8,10000000,low_entropy,,10000000,0.00013520001352000134,1352,4.283683657924811e-05,4.283683657924811e-05,0.00012206379344092966,0.03166800899617782,0.0021569976524915546,11.156437001773156,0.032635475323931656,31577.608814014653,{},12.001207500120747,0,16,1.7322687838817648,8,11.994082840236686,8.0,15.0,1.611706587228274,16.0,{},10.42223310470581,1751482466.5715868,2025-07-02T18:54:26.571643
false_positive_rate,SHA256ID,16,16,[2],1,16,10000000,random,,10000000,0.0002704000270400027,2704,4.283683657924811e-05,4.283683657924811e-05,0.00024411268731217017,0.05726788955911153,0.0018020000425167382,8.317164003528887,0.07693906642227284,17461.792423270752,{},7.999852299985242,0,8,0.018079744782115943,8,8.0,8.0,8.0,0.0,16.0,{},16.985044240951538,1751482483.558125,2025-07-02T18:54:43.558190
false_positive_rate,SHA256ID,16,16,[2],1,16,10000000,sparse,,10000000,0.00017440001744000174,1744,4.283683657924811e-05,4.283683657924811e-05,0.00024411268731217017,0.06067417243373564,0.003916000423487276,6.516606001241598,0.04145830215913169,16481.47737148182,{},3.777333177733306,0,6,1.1495904487197255,8,3.256880733944954,2.0,4.0,0.6411524847580238,16.0,{},4.169177532196045,1751482487.7289205,2025-07-02T18:54:47.728988
false_positive_rate,SHA256ID,16,16,[2],1,16,10000000,low_entropy,,10000000,0.0002720000272000027,2720,4.283683657924811e-05,4.283683657924811e-05,0.00024411268731217017,0.06199899016515189,0.004135999915888533,4.930806997435866,0.03954091554856429,16129.294966518268,{},12.001207500120747,0,16,1.7322687838817648,8,11.894117647058824,8.0,15.0,1.6944444129307135,16.0,{},10.559004068374634,1751482498.2894976,2025-07-02T18:54:58.289561
false_positive_rate,SHA256ID,16,16,[2],1,32,10000000,random,,10000000,0.0005312000531200054,5312,4.283683657924811e-05,4.283683657924811e-05,0.0004881657836202091,0.11449217450785483,0.0032770003599580377,13.151011000445578,0.1288970036271176,8734.221393719745,{},7.999849799984988,0,8,0.018148730503519693,8,8.0,8.0,8.0,0.0,16.0,{},16.858521223068237,1751482515.2353506,2025-07-02T18:55:15.235422
false_positive_rate,SHA256ID,16,16,[2],1,32,10000000,sparse,,10000000,0.0003488000348800035,3488,4.283683657924811e-05,4.283683657924811e-05,0.0004881657836202091,0.12121729188981419,0.003908997314283624,10.960873998556053,0.07029465466219072,8249.648085761512,{},3.777333177733306,0,6,1.1495904487197255,8,3.256880733944954,2.0,4.0,0.6411524847580238,16.0,{},4.154601812362671,1751482519.3915818,2025-07-02T18:55:19.391641
false_positive_rate,SHA256ID,16,16,[2],1,32,10000000,low_entropy,,10000000,0.0005312000531200054,5312,4.283683657924811e-05,4.283683657924811e-05,0.0004881657836202091,0.1217055657925381,0.004449000698514283,6.9909330013615545,0.05677623499521406,8216.55109598374,{},12.001207500120747,0,16,1.7322687838817648,8,11.903614457831326,7.0,16.0,1.8110401579663755,16.0,{},10.402495861053467,1751482529.7956748,2025-07-02T18:55:29.795759
false_positive_rate,SHA256ID,16,16,[2],1,64,10000000,random,,10000000,0.0010304001030400102,10304,4.283683657924811e-05,4.283683657924811e-05,0.0009760932614082396,0.22824177386070293,0.0032290008675772697,11.325047998980153,0.23381294013167866,4381.318910579029,{},7.999860299986052,0,8,0.017862796386902934,8,8.0,8.0,8.0,0.0,16.0,{},16.78732419013977,1751482546.5847228,2025-07-02T18:55:46.584783
false_positive_rate,SHA256ID,16,16,[2],1,64,10000000,sparse,,10000000,0.000697600069760007,6976,4.283683657924811e-05,4.283683657924811e-05,0.0009760932614082396,0.24049525703170382,0.004073001036886126,10.006610998971155,0.0899415515296107,4158.086160793486,{},3.777333177733306,0,6,1.1495904487197255,8,3.256880733944954,2.0,4.0,0.6411524847580238,16.0,{},4.098496198654175,1751482550.6847446,2025-07-02T18:55:50.684807
false_positive_rate,SHA256ID,16,16,[2],1,64,10000000,low_entropy,,10000000,0.0010432001043200105,10432,4.283683657924811e-05,4.283683657924811e-05,0.0009760932614082396,0.24353653581902357,0.004341000021668151,8.72294900182169,0.08938207393357178,4106.160074244951,{},12.001207500120747,0,16,1.7322687838817648,8,11.889570552147239,5.0,15.0,1.758436753362071,16.0,{},10.33859372138977,1751482561.097897,2025-07-02T18:56:01.097961
false_positive_rate,SHA256ID,16,16,[2],1,128,10000000,random,,10000000,0.0017792001779200178,17792,4.283683657924811e-05,4.283683657924811e-05,0.001951233764761473,0.45764766014028313,0.003730998287210241,18.472892999852775,0.4349876168270418,2185.0871032389177,{},7.999843099984341,0,8,0.018332330472532823,8,8.0,8.0,8.0,0.0,16.0,{},16.838973999023438,1751482577.9385645,2025-07-02T18:56:17.938630
false_positive_rate,SHA256ID,16,16,[2],1,128,10000000,sparse,,10000000,0.001395200139520014,13952,4.283683657924811e-05,4.283683657924811e-05,0.001951233764761473,0.48061148625158295,0.00435599940828979,11.87212800141424,0.13326775140167887,2080.6826898775694,{},3.777333177733306,0,6,1.1495904487197255,8,3.256880733944954,2.0,4.0,0.6411524847580238,16.0,{},4.129238128662109,1751482582.0694056,2025-07-02T18:56:22.069475
false_positive_rate,SHA256ID,16,16,[2],1,128,10000000,low_entropy,,10000000,0.0017792001779200178,17792,4.283683657924811e-05,4.283683657924811e-05,0.001951233764761473,0.4887638098790338,0.004465000529307872,7.331940003496129,0.13254358898122787,2045.9779954810774,{},12.001207500120747,0,16,1.7322687838817648,8,11.798561151079136,8.0,16.0,1.6367183174196749,16.0,{},10.204735517501831,1751482592.2757068,2025-07-02T18:56:32.275770
false_positive_rate,SHA256ID,16,16,[2],1,256,10000000,random,,10000000,0.0036096003609600363,36096,4.283683657924811e-05,4.283683657924811e-05,0.0038986602163182393,0.9242045684866561,0.008014001650735736,29.365493999648606,0.7971521670822913,1082.0115308859115,{},7.999855799985578,0,8,0.017982719590857454,8,7.99290780141844,7.0,8.0,0.08391602529219315,16.0,{},16.86083173751831,1751482609.1381202,2025-07-02T18:56:49.138192
false_positive_rate,SHA256ID,16,16,[2],1,256,10000000,sparse,,10000000,0.002790400279040028,27904,4.283683657924811e-05,4.283683657924811e-05,0.0038986602163182393,0.9559003531880539,0.00466799974674359,11.666963000607211,0.24018582851157855,1046.1341463729646,{},3.777333177733306,0,6,1.1495904487197255,8,3.256880733944954,2.0,4.0,0.6411524847580238,16.0,{},4.113143444061279,1751482613.3331325,2025-07-02T18:56:53.333200
false_positive_rate,SHA256ID,16,16,[2],1,256,10000000,low_entropy,,10000000,0.00396800039680004,39680,4.283683657924811e-05,4.283683657924811e-05,0.0038986602163182393,0.9756127320117549,0.011716998415067792,10.534335997363087,0.2702142079131552,1024.996873439687,{},12.001207500120747,0,16,1.7322687838817648,8,12.161290322580646,7.0,16.0,1.713264648098033,16.0,{},10.487648248672485,1751482623.8224382,2025-07-02T18:57:03.822508
false_positive_rate,SHA256ID,16,16,[2],1,512,10000000,random,,10000000,0.007321600732160073,73216,4.283683657924811e-05,4.283683657924811e-05,0.007782120881154042,1.889008909420517,0.0057489996834192425,52.54970299938577,1.4667883224226188,529.3781278706439,{},7.999849199984936,0,8,0.018165248042052252,8,8.0,8.0,8.0,0.0,16.0,{},16.78085970878601,1751482640.6050603,2025-07-02T18:57:20.605124
false_positive_rate,SHA256ID,16,16,[2],1,512,10000000,sparse,,10000000,0.005580800558080056,55808,4.283683657924811e-05,4.283683657924811e-05,0.007782120881154042,1.9201948612479536,0.014150999049888924,11.133276002510684,0.3818981808010828,520.7804792009964,{},3.777333177733306,0,6,1.1495904487197255,8,3.256880733944954,2.0,4.0,0.6411524847580238,16.0,{},4.133291006088257,1751482644.7398863,2025-07-02T18:57:24.739948
false_positive_rate,SHA256ID,16,16,[2],1,512,10000000,low_entropy,,10000000,0.008243200824320082,82432,4.283683657924811e-05,4.283683657924811e-05,0.007782120881154042,1.9596230203045388,0.021733998437412083,7.476152997696772,0.40399244108847027,510.30223141826184,{},12.001207500120747,0,16,1.7322687838817648,8,12.217391304347826,8.0,15.0,1.6139748863713552,16.0,{},10.201029539108276,1751482654.942424,2025-07-02T18:57:34.942487
