test_type,system_type,gf_exp,vec_len,tag_pos,num_tags,num_validation_messages,num_messages,message_pattern,rm_order,total_messages,false_positive_rate,false_positives,code_rate_bulk,code_rate_subsequently,avg_execution_time_ms,min_execution_time_ms,max_execution_time_ms,std_execution_time_ms,throughput_msgs_per_sec,message_pdf,avg_hamming_distance,min_hamming_distance,max_hamming_distance,std_hamming_distance,message_length,collisions_avg_hamming_distance,collisions_min_hamming_distance,collisions_max_hamming_distance,collisions_std_hamming_distance,tag_size_bits,tag_pdf,total_analysis_time,analysis_timestamp,timestamp
execution_time,RMID,8,4,[2],1,1,10000,random,1,10000,0.0042004200420042,42,0.009070031620653759,0.009070031620653759,0.001106004195796563,0.0008930001058615744,0.48574899847153574,0.004907095688635272,904155.70194088,{},3.9803980398039798,0,4,0.17660047803969678,4,2.9761904761904763,2.0,3.0,0.15245533898649638,8.0,{},0.04577279090881348,1751406979.7656312,2025-07-01T21:56:19.765772
execution_time,RMID,8,4,"[2, 3]",2,1,10000,random,1,10000,0.0042004200420042,42,0.004535015810326879,0.009034739668822421,0.0020961814228802164,0.0013140015653334558,2.53040900133783,0.02603755346404066,477057.9440714487,{},3.9804980498049813,0,4,0.17689410647477083,4,2.9761904761904763,2.0,3.0,0.15245533898649638,8.0,{},0.03220629692077637,1751406979.8009958,2025-07-01T21:56:19.801038
execution_time,RMID,8,4,"[2, 3, 4]",3,1,10000,random,1,10000,0.0033003300330033004,33,0.003023343873551253,0.009034602348139843,0.0027132741172355276,0.0017409984138794243,0.11470000026747584,0.0022160029612374866,368558.41201141506,{},3.978197819781978,0,4,0.18301516391575182,4,3.0,3.0,3.0,0.0,8.0,{},0.031783103942871094,1751406979.8344908,2025-07-01T21:56:19.834540
execution_time,RMID,8,8,[2],1,1,10000,random,1,10000,0.0033003300330033004,33,0.010097509768442016,0.010097509768442016,0.001523915681446988,0.000914998963708058,0.03749000097741373,0.0009494667727667368,656204.2849053697,{},7.962196219621962,0,8,0.3051019005489595,8,8.0,8.0,8.0,0.0,8.0,{},0.03068709373474121,1751406979.866279,2025-07-01T21:56:19.866323
execution_time,RMID,8,8,"[2, 3]",2,1,10000,random,1,10000,0.0032003200320032004,32,0.005048754884221008,0.010058219847164032,0.0019424414201173652,0.0013809985830448568,0.12053899990860373,0.001631950803854473,514816.04008401884,{},7.962896289628963,0,8,0.30469633878939717,8,7.96875,7.0,8.0,0.17399263633843817,8.0,{},0.0320131778717041,1751406979.8993723,2025-07-01T21:56:19.899421
execution_time,RMID,8,8,"[2, 3, 4]",3,1,10000,random,1,10000,0.0,0,0.003365836589480672,0.010058066970416548,0.0024723175299979435,0.0017989987100008875,1.1996579996775836,0.014089447126227716,404478.7887746894,{},7.956995699569957,0,8,0.3115499603869656,8,0.0,0.0,0.0,0.0,8.0,{},0.03424072265625,1751406979.9464426,2025-07-01T21:56:19.946483
execution_time,RMID,8,16,[2],1,1,10000,random,1,10000,0.004500450045004501,45,0.010966230164287516,0.010966230164287516,0.0014958601037121805,0.0009739997040014714,0.16706799942767248,0.0026427877368239558,668511.7127720459,{},15.923792379237927,0,16,0.561167774140403,16,15.977777777777778,15.0,16.0,0.14740554623801777,8.0,{},0.03137612342834473,1751406979.9789202,2025-07-01T21:56:19.978964
execution_time,RMID,8,16,"[2, 3]",2,1,10000,random,1,10000,0.0,0,0.005483115082143758,0.010923560008006242,0.0022642674012182426,0.0015000005078036338,0.2223129995400086,0.003766717016468903,441643.9504724444,{},15.919491949194922,0,16,0.5642094494708116,16,0.0,0.0,0.0,0.0,8.0,{},0.031150341033935547,1751406980.0111341,2025-07-01T21:56:20.011176
execution_time,RMID,8,16,"[2, 3, 4]",3,1,10000,random,1,10000,0.0,0,0.0036554100547625053,0.010923393978793286,0.0031542413279582343,0.0019880026229657233,0.36859800093225203,0.005583852946066755,317033.4467234021,{},15.921392139213921,0,16,0.5615490962255864,16,0.0,0.0,0.0,0.0,8.0,{},0.032164573669433594,1751406980.0443952,2025-07-01T21:56:20.044441
execution_time,RMID,8,32,[2],1,1,10000,random,1,10000,0.0037003700370037006,37,0.01171875,0.01171875,0.0016839901930141678,0.0010610019671730697,0.028688002203125507,0.0009299110049865325,593827.6862587327,{},31.83428342834282,0,32,1.0706110807516729,32,31.89189189189189,30.0,32.0,0.38791081336236016,8.0,{},0.03174996376037598,1751406980.077279,2025-07-01T21:56:20.077321
execution_time,RMID,8,32,"[2, 3]",2,1,10000,random,1,10000,0.0,0,0.005859375,0.011673151750972763,0.002489964377017284,0.0016880003386177123,0.19201299801352434,0.003482423034170443,401612.17133471405,{},31.84248424842483,0,32,1.066052249869597,32,0.0,0.0,0.0,0.0,8.0,{},0.03192567825317383,1751406980.132203,2025-07-01T21:56:20.132244
execution_time,RMID,8,32,"[2, 3, 4]",3,1,10000,random,1,10000,0.0,0,0.00390625,0.011672974328575988,0.0033784267586729356,0.0022620006348006427,0.060566999309230596,0.0021748820690082756,295995.76117281447,{},31.84058405840584,0,32,1.068531993092624,32,0.0,0.0,0.0,0.0,8.0,{},0.032592058181762695,1751406980.1659253,2025-07-01T21:56:20.165966
execution_time,RMID,8,64,[2],1,1,10000,random,1,10000,0.004100410041004101,41,0.012382519536884032,0.012382519536884032,0.0019178832938434697,0.0012169984984211624,0.06617799954256043,0.0013024955356008775,521408.160345348,{},63.6894689468947,0,64,2.074608993525008,64,63.80487804878049,62.0,64.0,0.4536847618960555,8.0,{},0.032297372817993164,1751406980.1993375,2025-07-01T21:56:20.199385
execution_time,RMID,8,64,"[2, 3]",2,1,10000,random,1,10000,0.0,0,0.006191259768442016,0.012334338527012888,0.0029568254572924705,0.002021002728724852,0.06423300146707334,0.0020006612250217004,338200.5513831337,{},63.68726872687269,0,64,2.0741342789702086,64,0.0,0.0,0.0,0.0,8.0,{},0.03322124481201172,1751406980.2336433,2025-07-01T21:56:20.233684
execution_time,RMID,8,64,"[2, 3, 4]",3,1,10000,random,1,10000,0.0,0,0.004127506512294678,0.012334151055115771,0.003873472358818471,0.002772001607809216,0.11767500109272078,0.002179931279972477,258166.29302216863,{},63.6887688768877,0,64,2.0749616273931943,64,0.0,0.0,0.0,0.0,8.0,{},0.03447532653808594,1751406980.2692904,2025-07-01T21:56:20.269337
execution_time,RMID,8,128,[2],1,1,10000,random,1,10000,0.0044004400440044,44,0.012976281620653759,0.012976281620653759,0.0021992768221424414,0.0015219993656501174,1.012311000522459,0.011358383972354646,454694.9205902342,{},127.36943694369437,0,128,4.0897262387106945,128,127.45454545454545,125.0,128.0,0.721568539381252,8.0,{},0.03457355499267578,1751406980.3242352,2025-07-01T21:56:20.324277
execution_time,RMID,8,128,"[2, 3]",2,1,10000,random,1,10000,0.0,0,0.006488140810326879,0.012925790252480009,0.004183839754883525,0.0026099987735506147,2.592681001260644,0.027541912928594786,239014.8902889421,{},127.38103810381038,0,128,4.088662726782368,128,0.0,0.0,0.0,0.0,8.0,{},0.03685641288757324,1751406980.3622751,2025-07-01T21:56:20.362315
execution_time,RMID,8,128,"[2, 3, 4]",3,1,10000,random,1,10000,0.0,0,0.0043254272068845865,0.012925593790998505,0.006266471854784819,0.0036669989640358835,5.014278001908679,0.050340220611713095,159579.42893120015,{},127.35753575357536,0,128,4.091087988848383,128,0.0,0.0,0.0,0.0,8.0,{},0.0445098876953125,1751406980.4079506,2025-07-01T21:56:20.407995
execution_time,RMID,8,256,[2],1,1,10000,random,1,10000,0.004100410041004101,41,0.013513404760301943,0.013513404760301943,0.0035513041362893656,0.0021939995349384844,0.34567699913168326,0.004261591472812273,281586.69649873057,{},254.75207520752076,0,256,8.118254628865932,256,255.1951219512195,254.0,256.0,0.7397927262489317,8.0,{},0.03871512413024902,1751406980.4478347,2025-07-01T21:56:20.447883
execution_time,RMID,8,256,"[2, 3]",2,1,10000,random,1,10000,0.0,0,0.006756702380150971,0.013460823418822168,0.006765884763169133,0.0038809994293842465,0.5393669998738915,0.008861969575645631,147800.3298908687,{},254.7395739573957,0,256,8.116281945973702,256,0.0,0.0,0.0,0.0,8.0,{},0.04438281059265137,1751406980.4933267,2025-07-01T21:56:20.493370
execution_time,RMID,8,256,"[2, 3, 4]",3,1,10000,random,1,10000,0.0,0,0.004504468253433981,0.013460618825272417,0.009024204518736931,0.005742000212194398,4.163361998507753,0.05793190435896057,110813.09138370067,{},254.7469746974697,0,256,8.117377439252666,256,0.0,0.0,0.0,0.0,8.0,{},0.05419039726257324,1751406980.5700445,2025-07-01T21:56:20.570093
execution_time,RMID,8,512,[2],1,1,10000,random,1,10000,0.0031003100310031005,31,0.014003759768442016,0.014003759768442016,0.005398491741693073,0.003353998181410134,1.2072099998476915,0.012491427714596262,185236.92317187472,{},509.4866486648665,0,512,16.174099524914,512,510.0,507.0,512.0,1.2951522516054665,8.0,{},0.0536341667175293,1751406980.6248896,2025-07-01T21:56:20.624938
execution_time,RMID,8,512,"[2, 3]",2,1,10000,random,1,10000,0.0,0,0.007001879884221008,0.01394927043082162,0.00993297456925914,0.006381000275723636,0.08595499821240082,0.003632702583353964,100674.77702951431,{},509.5083508350836,0,512,16.17267580927128,512,0.0,0.0,0.0,0.0,8.0,{},0.06364727020263672,1751406980.6896932,2025-07-01T21:56:20.689737
execution_time,RMID,8,512,"[2, 3, 4]",3,1,10000,random,1,10000,0.0,0,0.004667919922814005,0.013949058413275211,0.014539490817625476,0.008775998139753938,0.3486420027911663,0.008452626084661477,68778.19949428707,{},509.4976497649766,0,512,16.172863150571064,512,0.0,0.0,0.0,0.0,8.0,{},0.06655478477478027,1751406980.7574296,2025-07-01T21:56:20.757474
execution_time,RMID,8,1024,[2],1,1,10000,random,1,10000,0.004100410041004101,41,0.014454842648988641,0.014454842648988641,0.009501179316897515,0.005544003215618432,0.22956300017540343,0.006477170137506311,105250.0922934414,{},1018.9696969696968,0,1024,32.287185072969855,1024,1019.8780487804878,1016.0,1023.0,1.7557587749087984,8.0,{},0.07541298866271973,1751406980.834032,2025-07-01T21:56:20.834080
execution_time,RMID,8,1024,"[2, 3]",2,1,10000,random,1,10000,0.0,0,0.007227421324494321,0.014398598125062615,0.018349804200177962,0.010554002074059099,0.6615220008825418,0.011013154570960759,54496.49429993927,{},1018.9654965496547,0,1024,32.28590902252588,1024,0.0,0.0,0.0,0.0,8.0,{},0.09715580940246582,1751406980.953623,2025-07-01T21:56:20.953672
execution_time,RMID,8,1024,"[2, 3, 4]",3,1,10000,random,1,10000,0.0,0,0.004818280882996214,0.014398379278101312,0.026848938796720217,0.015777997759869322,0.5429599987110123,0.011264370251061384,37245.41992408865,{},1019.005300530053,0,1024,32.28637260501905,1024,0.0,0.0,0.0,0.0,8.0,{},0.11338233947753906,1751406981.068319,2025-07-01T21:56:21.068362
execution_time,RMID,8,2048,[2],1,1,10000,random,1,10000,0.005900590059005901,59,0.014872480164287516,0.014872480164287516,0.015769614745911775,0.010072999430121854,0.4734920003102161,0.009426449801329378,63413.0900540387,{},2037.9682968296827,0,2048,64.51059799556818,2048,2040.3389830508474,2034.0,2046.0,2.8795607568264816,8.0,{},0.12718510627746582,1751406981.196633,2025-07-01T21:56:21.196678
execution_time,RMID,8,2048,"[2, 3]",2,1,10000,random,1,10000,0.0,0,0.007436240082143758,0.01481461059166383,0.03032502328603328,0.01957599670276977,5.110308997245738,0.052550477222464566,32976.067011317595,{},2037.9140914091397,0,2048,64.50988881881095,2048,0.0,0.0,0.0,0.0,8.0,{},0.1754746437072754,1751406981.3732145,2025-07-01T21:56:21.373256
execution_time,RMID,8,2048,"[2, 3, 4]",3,1,10000,random,1,10000,0.0,0,0.004957493388095839,0.014814385421651949,0.04909901206507838,0.029271999665070325,1.5471840015379712,0.026141543791299085,20367.00858002088,{},2037.957395739574,0,2048,64.51034467144092,2048,0.0,0.0,0.0,0.0,8.0,{},0.18876314163208008,1751406981.563152,2025-07-01T21:56:21.563196
execution_time,RMID,8,4096,[2],1,1,10000,random,1,10000,0.0036003600360036,36,0.015261291389095776,0.015261291389095776,0.030547454828936987,0.019082999642705545,0.24505100009264424,0.01360131188783763,32735.95150888709,{},4075.931993199319,0,4092,128.9605159762,4096,4080.722222222222,4072.0,4091.0,4.200602543492428,8.0,{},0.2436056137084961,1751406981.8301668,2025-07-01T21:56:21.830223
execution_time,RMID,8,4096,"[2, 3]",2,1,10000,random,1,10000,0.0,0,0.007630645694547888,0.015201908932328867,0.06425452886520584,0.03764400025829673,0.4810880018339958,0.0295707573592561,15563.10531974821,{},4075.8924892489235,0,4093,128.95769662049048,4096,0.0,0.0,0.0,0.0,8.0,{},0.281461238861084,1751406982.1127887,2025-07-01T21:56:22.112831
execution_time,RMID,8,4096,"[2, 3, 4]",3,1,10000,random,1,10000,0.0,0,0.005087097129698592,0.01520167787569773,0.0886819358008858,0.05647899888572283,0.4778719994646963,0.039560871566546627,11276.253624472769,{},4075.940494049404,0,4094,128.959666810821,4096,0.0,0.0,0.0,0.0,8.0,{},0.3388814926147461,1751406982.4528313,2025-07-01T21:56:22.452874
execution_time,RMID,8,8192,[2],1,1,10000,random,1,10000,0.0035003500350035003,35,0.015625,0.015625,0.058478127717298385,0.03693599865073338,0.42308699994464405,0.028929824049955272,17100.41068404778,{},8151.897989798978,0,8181,257.8590216296475,8192,8160.228571428572,8144.0,8173.0,6.642227312691834,8.0,{},0.41710996627807617,1751406982.871096,2025-07-01T21:56:22.871140
execution_time,RMID,8,8192,"[2, 3]",2,1,10000,random,1,10000,0.0,0,0.0078125,0.01556420233463035,0.11996454975609393,0.07412300328724086,0.5222500003583264,0.05633204480845037,8335.795883310122,{},8151.804680468043,0,8179,257.8567417310666,8192,0.0,0.0,0.0,0.0,8.0,{},0.5302798748016357,1751406983.402512,2025-07-01T21:56:23.402551
execution_time,RMID,8,8192,"[2, 3, 4]",3,1,10000,random,1,10000,0.0,0,0.005208333333333333,0.015563965771434651,0.17821516449417754,0.11045299834222533,6.194199999299599,0.11191433820432882,5611.1947759230725,{},8151.776277627761,0,8179,257.85862693862407,8192,0.0,0.0,0.0,0.0,8.0,{},0.6615002155303955,1751406984.0850463,2025-07-01T21:56:24.085086
execution_time,RMID,16,4,[2],1,1,10000,random,1,10000,0.00010001000100010001,1,3.5429811018178744e-05,3.5429811018178744e-05,0.0012287157510632392,0.0009329996828455478,0.10062300134450197,0.001247769534744773,813857.8830251622,{},1.997999799979999,0,2,0.06318546044848909,2,1.0,1.0,1.0,0.0,16.0,{},0.054141998291015625,1751406984.1548526,2025-07-01T21:56:24.154893
execution_time,RMID,16,4,"[2, 3]",2,1,10000,random,1,10000,0.00010001000100010001,1,1.7714905509089372e-05,3.5429270410414915e-05,0.0019389859001915607,0.001362997863907367,0.12484100079745986,0.001783372003695563,515733.5078616125,{},1.997999799979999,0,2,0.06318546044848909,2,1.0,1.0,1.0,0.0,16.0,{},0.055306434631347656,1751406984.2267194,2025-07-01T21:56:24.226767
execution_time,RMID,16,4,"[2, 3, 4]",3,1,10000,random,1,10000,0.00010001000100010001,1,1.1809937006059582e-05,3.542927040216602e-05,0.002356307209554463,0.0017950005712918937,0.10827200094354339,0.001589975623009161,424392.8787999943,{},1.997999799979999,0,2,0.06318546044848909,2,1.0,1.0,1.0,0.0,16.0,{},0.05183100700378418,1751406984.294491,2025-07-01T21:56:24.294535
execution_time,RMID,16,8,[2],1,1,10000,random,1,10000,0.0,0,3.9443397532976625e-05,3.9443397532976625e-05,0.0016812176034640134,0.0009790019248612225,0.03774899960262701,0.0013333817786890213,594807.0005569657,{},3.995999599959998,0,4,0.12637092089697818,4,0.0,0.0,0.0,0.0,16.0,{},0.06562232971191406,1751406984.3772714,2025-07-01T21:56:24.377376
execution_time,RMID,16,8,"[2, 3]",2,1,10000,random,1,10000,0.0,0,1.9721698766488312e-05,3.944279568367725e-05,0.001770843876095818,0.0013900025805924088,0.08629500007373281,0.001374194240226686,564702.520362609,{},3.9958995899589986,0,4,0.12676241666640747,4,0.0,0.0,0.0,0.0,16.0,{},0.05313372611999512,1751406984.482542,2025-07-01T21:56:24.482581
execution_time,RMID,16,8,"[2, 3, 4]",3,1,10000,random,1,10000,0.0,0,1.3147799177658874e-05,3.94427956744939e-05,0.0022336984698486544,0.001938999048434198,0.31286000012187287,0.0032530977119582948,447687.9997449949,{},3.995999599959998,0,4,0.12637092089697818,4,0.0,0.0,0.0,0.0,16.0,{},0.060608625411987305,1751406984.5603116,2025-07-01T21:56:24.560358
execution_time,RMID,16,16,[2],1,1,10000,random,1,10000,0.0,0,4.283683657924811e-05,4.283683657924811e-05,0.0013600937016999418,0.000990999978967011,0.21110499801579863,0.00338110077120377,735243.4606160803,{},7.991899189918996,0,8,0.25293623675902477,8,0.0,0.0,0.0,0.0,16.0,{},0.05481410026550293,1751406984.6320996,2025-07-01T21:56:24.632148
execution_time,RMID,16,16,"[2, 3]",2,1,10000,random,1,10000,0.0,0,2.1418418289624055e-05,4.283618295096822e-05,0.0018912237183457408,0.0014799989003222436,0.08461700053885579,0.0014389439587363226,528758.1740327914,{},7.991799179917996,0,8,0.25313044292268155,8,0.0,0.0,0.0,0.0,16.0,{},0.051423072814941406,1751406984.6996155,2025-07-01T21:56:24.699658
execution_time,RMID,16,16,"[2, 3, 4]",3,1,10000,random,1,10000,0.0,0,1.4278945526416036e-05,4.283618294099479e-05,0.0025307396970423515,0.0020090010366402566,0.04230899867252447,0.0012165702406300987,395141.3893608613,{},7.991799179917997,0,8,0.2531304433185657,8,0.0,0.0,0.0,0.0,16.0,{},0.05550050735473633,1751406984.771045,2025-07-01T21:56:24.771085
execution_time,RMID,16,32,[2],1,1,10000,random,1,10000,0.0,0,4.57763671875e-05,4.57763671875e-05,0.0015179186744019282,0.0010170006135012954,0.11609899956965819,0.0025218958427295026,658796.8228232041,{},15.983698369836992,0,16,0.5057705041457582,16,0.0,0.0,0.0,0.0,16.0,{},0.05447673797607422,1751406984.8655968,2025-07-01T21:56:24.865641
execution_time,RMID,16,32,"[2, 3]",2,1,10000,random,1,10000,0.0,0,2.288818359375e-05,4.577566870622702e-05,0.0019437645696367303,0.001534001057734713,0.10427799861645326,0.0013469072214678224,514465.5971308757,{},15.983698369836992,0,16,0.5057705033202341,16,0.0,0.0,0.0,0.0,16.0,{},0.05512857437133789,1751406984.937646,2025-07-01T21:56:24.937685
execution_time,RMID,16,32,"[2, 3, 4]",3,1,10000,random,1,10000,0.0,0,1.52587890625e-05,4.57756686955692e-05,0.0025617742740543744,0.002106000465573743,0.27908600168302655,0.004111909439153164,390354.45477300265,{},15.983898389838993,0,16,0.5055793280280932,16,0.0,0.0,0.0,0.0,16.0,{},0.06183600425720215,1751406985.015588,2025-07-01T21:56:25.015628
execution_time,RMID,16,64,[2],1,1,10000,random,1,10000,0.0,0,4.836921694095325e-05,4.836921694095325e-05,0.001426009007398984,0.0010889998520724475,0.11517799794091843,0.0017766588692579549,701257.8425601834,{},31.96709670967098,0,32,1.011383134638616,32,0.0,0.0,0.0,0.0,16.0,{},0.056002140045166016,1751406985.0872393,2025-07-01T21:56:25.087279
execution_time,RMID,16,64,"[2, 3]",2,1,10000,random,1,10000,0.0,0,2.4184608470476625e-05,4.8368478896536496e-05,0.002263232831575322,0.0017139973351731896,0.04006400195066817,0.0011406932276074022,441845.83488211,{},31.96719671967198,0,32,1.0113369858571404,32,0.0,0.0,0.0,0.0,16.0,{},0.05645895004272461,1751406985.1591208,2025-07-01T21:56:25.159161
execution_time,RMID,16,64,"[2, 3, 4]",3,1,10000,random,1,10000,0.0,0,1.6123072313651084e-05,4.8368478885275003e-05,0.0027997025799359975,0.0023510001483373344,0.8414170006290078,0.008615957098436934,357180.7974055803,{},31.967396739673983,0,32,1.0112446530731507,32,0.0,0.0,0.0,0.0,16.0,{},0.06289505958557129,1751406985.268239,2025-07-01T21:56:25.268280
execution_time,RMID,16,128,[2],1,1,10000,random,1,10000,0.0,0,5.0688600080678744e-05,5.0688600080678744e-05,0.0015923870028951208,0.001263000740436837,0.06067499998607673,0.0012589917720684121,627988.0444778177,{},63.93549354935496,0,64,2.0220423886795,64,0.0,0.0,0.0,0.0,16.0,{},0.05626726150512695,1751406985.3402462,2025-07-01T21:56:25.340285
execution_time,RMID,16,128,"[2, 3]",2,1,10000,random,1,10000,0.0,0,2.5344300040339372e-05,5.068782664582392e-05,0.0028346094963218466,0.0020549996406771243,0.09324200073024258,0.0022997634965556796,352782.27963943087,{},63.934793479347945,0,64,2.022192887547428,64,0.0,0.0,0.0,0.0,16.0,{},0.05269622802734375,1751406985.408693,2025-07-01T21:56:25.408737
execution_time,RMID,16,128,"[2, 3, 4]",3,1,10000,random,1,10000,0.0,0,1.6896200026892916e-05,5.068782663402242e-05,0.003800464414854567,0.0029479997465386987,0.3797489989665337,0.004144886867916467,263125.73697345547,{},63.935193519351955,0,64,2.0221069192244014,64,0.0,0.0,0.0,0.0,16.0,{},0.05690407752990723,1751406985.4816647,2025-07-01T21:56:25.481704
execution_time,RMID,16,256,[2],1,1,10000,random,1,10000,0.0,0,5.278673734492946e-05,5.278673734492946e-05,0.002262900996534717,0.0016650010365992785,0.1713919991743751,0.003095680095844198,441910.6277876696,{},127.86998699869991,0,128,4.044052781152706,128,0.0,0.0,0.0,0.0,16.0,{},0.05476236343383789,1751406985.5530112,2025-07-01T21:56:25.553048
execution_time,RMID,16,256,"[2, 3]",2,1,10000,random,1,10000,0.0,0,2.639336867246473e-05,5.27859318955292e-05,0.0034414169107466835,0.0028239992388989776,0.09582599886925891,0.0017533729698089562,290577.9874787185,{},127.86988698869892,0,128,4.044061920215892,128,0.0,0.0,0.0,0.0,16.0,{},0.06116318702697754,1751406985.654413,2025-07-01T21:56:25.654455
execution_time,RMID,16,256,"[2, 3, 4]",3,1,10000,random,1,10000,0.0,0,1.7595579114976487e-05,5.2785931883239205e-05,0.005225643260157736,0.004086999979335815,0.15100200107553974,0.003789300850336271,191364.00060531782,{},127.86988698869892,0,128,4.0440619204354435,128,0.0,0.0,0.0,0.0,16.0,{},0.061730384826660156,1751406985.7325213,2025-07-01T21:56:25.732569
execution_time,RMID,16,512,[2],1,1,10000,random,1,10000,0.0,0,5.4702186595476625e-05,5.4702186595476625e-05,0.002894767790243812,0.002387001586612314,0.12180799967609346,0.002307628920803546,345450.85217898426,{},255.73907390739078,0,256,8.08788513330846,256,0.0,0.0,0.0,0.0,16.0,{},0.06859254837036133,1751406985.8165593,2025-07-01T21:56:25.816606
execution_time,RMID,16,512,"[2, 3]",2,1,10000,random,1,10000,0.0,0,2.7351093297738312e-05,5.4701351919086256e-05,0.005322649975236195,0.0041719977161847055,0.054937998356763273,0.0020716578664821774,187876.34066724902,{},255.7407740774077,0,256,8.08783474863349,256,0.0,0.0,0.0,0.0,16.0,{},0.07011675834655762,1751406985.9019501,2025-07-01T21:56:25.901992
execution_time,RMID,16,512,"[2, 3, 4]",3,1,10000,random,1,10000,0.0,0,1.8234062198492208e-05,5.47013519063503e-05,0.009374784886039388,0.006057998689357191,10.670419000234688,0.11554630563816545,106669.11424166821,{},255.7407740774077,0,256,8.08783474850959,256,0.0,0.0,0.0,0.0,16.0,{},0.08234548568725586,1751406985.999291,2025-07-01T21:56:25.999334
execution_time,RMID,16,1024,[2],1,1,10000,random,1,10000,0.0,0,5.646422909761188e-05,5.646422909761188e-05,0.0046710221077884044,0.003658999048639089,0.09232500087819062,0.002349288482857529,214085.9060231405,{},511.4800480048005,0,512,16.17547624343776,512,0.0,0.0,0.0,0.0,16.0,{},0.08174538612365723,1751406986.130993,2025-07-01T21:56:26.131038
execution_time,RMID,16,1024,"[2, 3]",2,1,10000,random,1,10000,0.0,0,2.823211454880594e-05,5.646336753499691e-05,0.008908081702194317,0.0065449967223685235,0.3351170016685501,0.005849921434408075,112257.61431371597,{},511.48114811481156,0,512,16.175471385083252,512,0.0,0.0,0.0,0.0,16.0,{},0.08804726600646973,1751406986.2340066,2025-07-01T21:56:26.234044
execution_time,RMID,16,1024,"[2, 3, 4]",3,1,10000,random,1,10000,0.0,0,1.882140969920396e-05,5.6463367521850706e-05,0.01281563664538307,0.010368999937782064,1.630391001526732,0.017183055622075467,78029.67793724532,{},511.48044804480446,0,512,16.17547673157801,512,0.0,0.0,0.0,0.0,16.0,{},0.10115694999694824,1751406986.3502254,2025-07-01T21:56:26.350266
execution_time,RMID,16,2048,[2],1,1,10000,random,1,10000,0.0,0,5.809562564174811e-05,5.809562564174811e-05,0.008609688241661683,0.006433001544792205,0.16921299902605824,0.005720042685989401,116148.22417855615,{},1022.959495949595,0,1024,32.35068923389008,1024,0.0,0.0,0.0,0.0,16.0,{},0.10591292381286621,1751406986.4718513,2025-07-01T21:56:26.471893
execution_time,RMID,16,2048,"[2, 3]",2,1,10000,random,1,10000,0.0,0,2.9047812820874055e-05,5.8094739186377225e-05,0.015782989105722917,0.012638996850000694,0.34133699955418706,0.00859580423740057,63359.3543847407,{},1022.9613961396137,0,1024,32.35071780607083,1024,0.0,0.0,0.0,0.0,16.0,{},0.5773601531982422,1751406987.0648274,2025-07-01T21:56:27.064873
execution_time,RMID,16,2048,"[2, 3, 4]",3,1,10000,random,1,10000,0.0,0,1.936520854724937e-05,5.809473917285119e-05,0.02412886620122238,0.018185000953963026,0.1450199997634627,0.010563572907402145,41444.135487366555,{},1022.9608960896088,0,1024,32.35071257367892,1024,0.0,0.0,0.0,0.0,16.0,{},0.15000081062316895,1751406987.2608328,2025-07-01T21:56:27.260871
execution_time,RMID,16,4096,[2],1,1,10000,random,1,10000,0.00010001000100010001,1,5.9614419488655376e-05,5.9614419488655376e-05,0.01582046878114686,0.011762000212911516,0.73716499900911,0.01178592662163681,63209.25212985426,{},2045.924492449245,0,2048,64.70125772025543,2048,2048.0,2048.0,2048.0,0.0,16.0,{},0.16498637199401855,1751406987.4412425,2025-07-01T21:56:27.441285
execution_time,RMID,16,4096,"[2, 3]",2,1,10000,random,1,10000,0.0,0,2.9807209744327688e-05,5.9613509858683166e-05,0.03089460006121979,0.022100000933278352,0.3962219998356886,0.016078528421809953,32368.11604676645,{},2045.9206920692072,0,2048,64.70116979232714,2048,0.0,0.0,0.0,0.0,16.0,{},0.20715904235839844,1751406987.6634405,2025-07-01T21:56:27.663480
execution_time,RMID,16,4096,"[2, 3, 4]",3,1,10000,random,1,10000,0.0,0,1.9871473162885124e-05,5.961350984480353e-05,0.043427754890714876,0.03361999915796332,0.5945980010437779,0.022589633992181227,23026.748735146015,{},2045.9196919691974,0,2048,64.70114230886479,2048,0.0,0.0,0.0,0.0,16.0,{},0.21599435806274414,1751406987.894372,2025-07-01T21:56:27.894416
execution_time,RMID,16,8192,[2],1,1,10000,random,1,10000,0.0,0,6.103515625e-05,6.103515625e-05,0.03003546164721472,0.021143998310435563,0.3064929987885989,0.016480324384377448,33293.97802323219,{},4091.846184618463,0,4096,129.40222338413042,4096,0.0,0.0,0.0,0.0,16.0,{},0.2652759552001953,1751406988.1752303,2025-07-01T21:56:28.175275
execution_time,RMID,16,8192,"[2, 3]",2,1,10000,random,1,10000,0.0,0,3.0517578125e-05,6.103422494163602e-05,0.056944658582711,0.03966100121033378,0.3973809980379883,0.02492365135503673,17560.90957236173,{},4091.8432843284327,0,4096,129.40215080629613,4096,0.0,0.0,0.0,0.0,16.0,{},0.35565710067749023,1751406988.5827134,2025-07-01T21:56:28.582761
execution_time,RMID,16,8192,"[2, 3, 4]",3,1,10000,random,1,10000,0.0,0,2.0345052083333332e-05,6.10342249274256e-05,0.08553123264217248,0.06173799920361489,0.5428600015875418,0.04094801977703715,11691.63554772546,{},4091.838983898391,0,4096,129.40202624401346,4096,0.0,0.0,0.0,0.0,16.0,{},0.4029378890991211,1751406989.000799,2025-07-01T21:56:29.000842
execution_time,RMID,32,4,[2],1,1,10000,random,1,10000,0.0,0,5.406160128506278e-10,5.406160128506278e-10,0.0014709728002069795,0.0009830000635702163,0.07427400123560801,0.0019244632079003954,679822.2236735382,{},0.9989998999899995,0,1,0.031592730224244546,1,0.0,0.0,0.0,0.0,32.0,{},0.03161191940307617,1751406989.0334947,2025-07-01T21:56:29.033539
execution_time,RMID,32,4,"[2, 3]",2,1,10000,random,1,10000,0.0,0,2.703080064253139e-10,5.406160127247558e-10,0.0020651584270766554,0.0014870020095258951,0.0870730000315234,0.001586181233774779,484224.351453537,{},0.9989998999899995,0,1,0.031592730224244546,1,0.0,0.0,0.0,0.0,32.0,{},0.031110286712646484,1751406989.0657685,2025-07-01T21:56:29.065812
execution_time,RMID,32,4,"[2, 3, 4]",3,1,10000,random,1,10000,0.0,0,1.8020533761687595e-10,5.406160127247558e-10,0.0028130096966261123,0.0019930012058466673,0.28585099789779633,0.004977730625303425,355491.1315092114,{},0.9989998999899995,0,1,0.031592730224244546,1,0.0,0.0,0.0,0.0,32.0,{},0.03318381309509277,1751406989.100015,2025-07-01T21:56:29.100098
execution_time,RMID,32,8,[2],1,1,10000,random,1,10000,0.0,0,6.018584828640232e-10,6.018584828640232e-10,0.0013695407813442036,0.000990999978967011,0.1911590006784536,0.0022948923584326535,730171.7580242485,{},1.997999799979999,0,2,0.06318546044848909,2,0.0,0.0,0.0,0.0,32.0,{},0.03249764442443848,1751406989.1638727,2025-07-01T21:56:29.163911
execution_time,RMID,32,8,"[2, 3]",2,1,10000,random,1,10000,0.0,0,3.009292414320116e-10,6.018584827238921e-10,0.0020779384541576426,0.0015049990906845778,0.11673100016196258,0.0020363227681251166,481246.2072681461,{},1.997999799979999,0,2,0.06318546044848909,2,0.0,0.0,0.0,0.0,32.0,{},0.032570838928222656,1751406989.1975043,2025-07-01T21:56:29.197546
execution_time,RMID,32,8,"[2, 3, 4]",3,1,10000,random,1,10000,0.0,0,2.0061949428800773e-10,6.018584827238921e-10,0.0027104936601332454,0.00201099828700535,0.44462100049713627,0.005282503349614967,368936.48367760464,{},1.997999799979999,0,2,0.06318546044848909,2,0.0,0.0,0.0,0.0,32.0,{},0.032933712005615234,1751406989.2314978,2025-07-01T21:56:29.231537
execution_time,RMID,32,16,[2],1,1,10000,random,1,10000,0.0,0,6.53638253467531e-10,6.53638253467531e-10,0.0015690741081222515,0.001009997504297644,0.1174160024675075,0.002147311325163836,637318.5274191567,{},3.995999599959998,0,4,0.12637092089697818,4,0.0,0.0,0.0,0.0,32.0,{},0.030426979064941406,1751406989.263012,2025-07-01T21:56:29.263051
execution_time,RMID,32,16,"[2, 3]",2,1,10000,random,1,10000,0.0,0,3.268191267337655e-10,6.53638253315344e-10,0.0023210982037621076,0.001538999640615657,0.4713690032076556,0.0071132227566699175,430830.5432226733,{},3.995999599959998,0,4,0.12637092089697818,4,0.0,0.0,0.0,0.0,32.0,{},0.0329442024230957,1751406989.297058,2025-07-01T21:56:29.297097
execution_time,RMID,32,16,"[2, 3, 4]",3,1,10000,random,1,10000,0.0,0,2.1787941782251032e-10,6.53638253315344e-10,0.0033381388081065457,0.0020610023057088256,0.08359300045412965,0.002451067266743475,299568.1298727115,{},3.995999599959998,0,4,0.12637092089697818,4,0.0,0.0,0.0,0.0,32.0,{},0.03771352767944336,1751406989.370504,2025-07-01T21:56:29.370544
execution_time,RMID,32,32,[2],1,1,10000,random,1,10000,0.0,0,6.984919309616089e-10,6.984919309616089e-10,0.0018234275615947246,0.0010559997463133186,0.10294700041413307,0.0018115408605806147,548417.7277244974,{},7.991999199919996,0,8,0.25274184179395637,8,0.0,0.0,0.0,0.0,32.0,{},0.03125619888305664,1751406989.4028513,2025-07-01T21:56:29.402892
execution_time,RMID,32,32,"[2, 3]",2,1,10000,random,1,10000,0.0,0,3.4924596548080444e-10,6.984919307989786e-10,0.002545499343807661,0.0016140002117026597,0.12969299859832972,0.0025531192048333278,392850.2289472837,{},7.991999199919996,0,8,0.25274184179395637,8,0.0,0.0,0.0,0.0,32.0,{},0.03642916679382324,1751406989.4408603,2025-07-01T21:56:29.440900
execution_time,RMID,32,32,"[2, 3, 4]",3,1,10000,random,1,10000,0.0,0,2.3283064365386963e-10,6.984919307989786e-10,0.0028569486723686375,0.002139997377526015,0.06678200224996544,0.0018698638467819382,350023.7892516706,{},7.991999199919996,0,8,0.25274184179395637,8,0.0,0.0,0.0,0.0,32.0,{},0.03177809715270996,1751406989.47372,2025-07-01T21:56:29.473758
execution_time,RMID,32,64,[2],1,1,10000,random,1,10000,0.0,0,7.380556784203071e-10,7.380556784203071e-10,0.0019344729520075225,0.0011040028766728938,0.2382970014878083,0.0033972731514471605,516936.6668901925,{},15.983998399839992,0,16,0.5054836835879127,16,0.0,0.0,0.0,0.0,32.0,{},0.031589508056640625,1751406989.5063624,2025-07-01T21:56:29.506401
execution_time,RMID,32,64,"[2, 3]",2,1,10000,random,1,10000,0.0,0,3.690278392101536e-10,7.380556782484651e-10,0.002018202097376458,0.0016920021153055131,0.2922970015788451,0.0033867510375677565,495490.5166831112,{},15.983998399839992,0,16,0.5054836835879127,16,0.0,0.0,0.0,0.0,32.0,{},0.035517215728759766,1751406989.5691679,2025-07-01T21:56:29.569204
execution_time,RMID,32,64,"[2, 3, 4]",3,1,10000,random,1,10000,0.0,0,2.4601855947343573e-10,7.380556782484651e-10,0.0028816665669999376,0.0022890017135068774,0.17958699754672125,0.0037941640617661777,347021.41165523045,{},15.983998399839992,0,16,0.5054836835879127,16,0.0,0.0,0.0,0.0,32.0,{},0.034605979919433594,1751406989.604841,2025-07-01T21:56:29.604879
execution_time,RMID,32,128,[2],1,1,10000,random,1,10000,0.0,0,7.734466565044974e-10,7.734466565044974e-10,0.0017243431320206521,0.0012029995559714735,0.10273799853166565,0.001994704691970332,579930.9786029427,{},31.967996799679984,0,32,1.0109673671758255,32,0.0,0.0,0.0,0.0,32.0,{},0.03315877914428711,1751406989.639099,2025-07-01T21:56:29.639135
execution_time,RMID,32,128,"[2, 3]",2,1,10000,random,1,10000,0.0,0,3.867233282522487e-10,7.734466563244154e-10,0.002540268623387336,0.0018840000848285854,0.10706600005505607,0.0017750651719746489,393659.15509618196,{},31.967996799679984,0,32,1.0109673671758255,32,0.0,0.0,0.0,0.0,32.0,{},0.03338885307312012,1751406989.673623,2025-07-01T21:56:29.673666
execution_time,RMID,32,128,"[2, 3, 4]",3,1,10000,random,1,10000,0.0,0,2.5781555216816583e-10,7.734466563244154e-10,0.0035380285840408356,0.002568001946201548,0.9331369983556215,0.010591653274988337,282643.2789465723,{},31.967996799679984,0,32,1.0109673671758255,32,0.0,0.0,0.0,0.0,32.0,{},0.03597259521484375,1751406989.710701,2025-07-01T21:56:29.710750
execution_time,RMID,32,256,[2],1,1,10000,random,1,10000,0.0,0,8.0546169044387e-10,8.0546169044387e-10,0.002118802659257273,0.0014319994079414755,0.22242100021685474,0.0036510266682664933,471964.6710045857,{},63.93599359935997,0,64,2.021934734351651,64,0.0,0.0,0.0,0.0,32.0,{},0.03891944885253906,1751406989.7779014,2025-07-01T21:56:29.777940
execution_time,RMID,32,256,"[2, 3]",2,1,10000,random,1,10000,0.0,0,4.02730845221935e-10,8.054616902563339e-10,0.0033347229002724144,0.0023220018192660064,0.36054699739906937,0.006246926663398557,299874.9910879581,{},63.93599359935997,0,64,2.021934734351651,64,0.0,0.0,0.0,0.0,32.0,{},0.03663516044616699,1751406989.8156903,2025-07-01T21:56:29.815728
execution_time,RMID,32,256,"[2, 3, 4]",3,1,10000,random,1,10000,0.0,0,2.6848723014795664e-10,8.054616902563339e-10,0.004542970078221118,0.0031700001272838563,0.17700799799058586,0.003997789498307006,220120.3139756465,{},63.93599359935997,0,64,2.021934734351651,64,0.0,0.0,0.0,0.0,32.0,{},0.03524971008300781,1751406989.8520694,2025-07-01T21:56:29.852108
execution_time,RMID,32,512,[2],1,1,10000,random,1,10000,0.0,0,8.346891265178928e-10,8.346891265178928e-10,0.0029787957941709883,0.0018810023902915418,0.06973599738557823,0.0018856828817267765,335706.12727358984,{},127.87198719871994,0,128,4.043869468703302,128,0.0,0.0,0.0,0.0,32.0,{},0.03829622268676758,1751406989.891478,2025-07-01T21:56:29.891524
execution_time,RMID,32,512,"[2, 3]",2,1,10000,random,1,10000,0.0,0,4.173445632589464e-10,8.346891263235516e-10,0.005456110419695404,0.0031750023481436074,0.3912229985871818,0.009990120595504439,183280.74820300768,{},127.87198719871994,0,128,4.043869468703302,128,0.0,0.0,0.0,0.0,32.0,{},0.04149508476257324,1751406989.934289,2025-07-01T21:56:29.934332
execution_time,RMID,32,512,"[2, 3, 4]",3,1,10000,random,1,10000,0.0,0,2.782297088392976e-10,8.346891263235516e-10,0.007296645154764648,0.0044190019252710044,13.406664002104662,0.13713919358360802,137049.28481372132,{},127.87198719871994,0,128,4.043869468703302,128,0.0,0.0,0.0,0.0,32.0,{},0.05272197723388672,1751406990.0147185,2025-07-01T21:56:30.014760
execution_time,RMID,32,1024,[2],1,1,10000,random,1,10000,0.0,0,8.615757613771344e-10,8.615757613771344e-10,0.004145227024247373,0.0027890018827747554,0.6028319985489361,0.007876341013445743,241241.3105845668,{},255.74397439743987,0,256,8.087738937406604,256,0.0,0.0,0.0,0.0,32.0,{},0.04808974266052246,1751406990.0639625,2025-07-01T21:56:30.064005
execution_time,RMID,32,1024,"[2, 3]",2,1,10000,random,1,10000,0.0,0,4.307878806885672e-10,8.615757611765332e-10,0.006975761175865541,0.0049100017349701375,0.19026600057259202,0.004547166875515306,143353.53157727933,{},255.74397439743987,0,256,8.087738937406604,256,0.0,0.0,0.0,0.0,32.0,{},0.05229640007019043,1751406990.1173835,2025-07-01T21:56:30.117424
execution_time,RMID,32,1024,"[2, 3, 4]",3,1,10000,random,1,10000,0.0,0,2.871919204590448e-10,8.615757611765332e-10,0.009907177022645085,0.00703100158716552,0.35017499976675026,0.006898670082690893,100936.92660525543,{},255.74397439743987,0,256,8.087738937406604,256,0.0,0.0,0.0,0.0,32.0,{},0.05890512466430664,1751406990.17739,2025-07-01T21:56:30.177430
execution_time,RMID,32,2048,[2],1,1,10000,random,1,10000,0.0,0,8.864688971214006e-10,8.864688971214006e-10,0.006799144904187514,0.004569999873638153,0.12221500219311565,0.004074742280442786,147077.31841163023,{},511.48794879487974,0,512,16.175477874813208,512,0.0,0.0,0.0,0.0,32.0,{},0.06699514389038086,1751406990.2454748,2025-07-01T21:56:30.245517
execution_time,RMID,32,2048,"[2, 3]",2,1,10000,random,1,10000,0.0,0,4.432344485607003e-10,8.864688969150035e-10,0.011840539432049326,0.008422000973951072,1.178173999505816,0.014293353055563502,84455.61165002792,{},511.48794879487974,0,512,16.175477874813208,512,0.0,0.0,0.0,0.0,32.0,{},0.0848548412322998,1751406990.3629115,2025-07-01T21:56:30.362952
execution_time,RMID,32,2048,"[2, 3, 4]",3,1,10000,random,1,10000,0.0,0,2.954896323738002e-10,8.864688969150035e-10,0.016969549471920118,0.012210002751089633,0.3801519997068681,0.006736851273791245,58929.083630341614,{},511.48794879487974,0,512,16.175477874813208,512,0.0,0.0,0.0,0.0,32.0,{},0.09174728393554688,1751406990.4558034,2025-07-01T21:56:30.455844
execution_time,RMID,32,4096,[2],1,1,10000,random,1,10000,0.0,0,9.096438520607815e-10,9.096438520607815e-10,0.011588631551343561,0.008126997272484004,0.28820800071116537,0.005153944090427659,86291.46552545819,{},1022.9758975897595,0,1024,32.350955749626415,1024,0.0,0.0,0.0,0.0,32.0,{},0.1073305606842041,1751406990.5642905,2025-07-01T21:56:30.564332
execution_time,RMID,32,4096,"[2, 3]",2,1,10000,random,1,10000,0.0,0,4.5482192603039074e-10,9.096438518489885e-10,0.02133221251821942,0.015536999853793532,0.1467020010750275,0.007151985632424546,46877.462857915925,{},1022.9758975897595,0,1024,32.350955749626415,1024,0.0,0.0,0.0,0.0,32.0,{},0.12799620628356934,1751406990.6934538,2025-07-01T21:56:30.693493
execution_time,RMID,32,4096,"[2, 3, 4]",3,1,10000,random,1,10000,0.0,0,3.032146173535938e-10,9.096438518489885e-10,0.031423036204222314,0.02259599932585843,0.2993019988934975,0.012499771234080385,31823.786648141595,{},1022.9758975897595,0,1024,32.350955749626415,1024,0.0,0.0,0.0,0.0,32.0,{},0.14418363571166992,1751406990.8387043,2025-07-01T21:56:30.838750
execution_time,RMID,32,8192,[2],1,1,10000,random,1,10000,0.0,0,9.313225746154785e-10,9.313225746154785e-10,0.021577405654571925,0.01529200017102994,0.4701170000771526,0.009363041353784313,46344.774529838585,{},2045.951795179519,0,2048,64.70191149925283,2048,0.0,0.0,0.0,0.0,32.0,{},0.1809694766998291,1751406991.0490522,2025-07-01T21:56:31.049092
execution_time,RMID,32,8192,"[2, 3]",2,1,10000,random,1,10000,0.0,0,4.656612873077393e-10,9.313225743986381e-10,0.04088765655813569,0.029970000468892977,0.29031699887127616,0.011922251757580276,24457.258844809567,{},2045.951795179519,0,2048,64.70191149925283,2048,0.0,0.0,0.0,0.0,32.0,{},0.2317652702331543,1751406991.2819655,2025-07-01T21:56:31.282010
execution_time,RMID,32,8192,"[2, 3, 4]",3,1,10000,random,1,10000,0.0,0,3.104408582051595e-10,9.313225743986381e-10,0.06072778256848897,0.0441999982285779,0.36408999949344434,0.019290679930627573,16466.9276187089,{},2045.951795179519,0,2048,64.70191149925283,2048,0.0,0.0,0.0,0.0,32.0,{},0.27060508728027344,1751406991.5536592,2025-07-01T21:56:31.553701
execution_time,RS2ID,8,4,[2],1,1,10000,random,,10000,0.0028002800280028,28,0.009070031620653759,0.009070031620653759,0.0005314782536988652,0.0004169996827840805,0.04653699943446554,0.0005689026317593173,1881544.5280035832,{},3.9824982498249826,0,4,0.17078479416056594,4,4.0,4.0,4.0,0.0,8.0,{},0.05190110206604004,1751406991.6211307,2025-07-01T21:56:31.621176
execution_time,RS2ID,8,8,[2],1,1,10000,random,,10000,0.0028002800280028,28,0.010097509768442016,0.010097509768442016,0.0007097583831268966,0.0005000001692678779,0.017229998775292188,0.0004814789484163479,1408930.1708483119,{},7.9615961596159615,0,8,0.3060080497847099,8,8.0,8.0,8.0,0.0,8.0,{},0.051100969314575195,1751406991.6885176,2025-07-01T21:56:31.688562
execution_time,RS2ID,8,16,[2],1,1,10000,random,,10000,0.004300430043004301,43,0.010966230164287516,0.010966230164287516,0.0007323787564890786,0.0005750007403548807,0.04274199818610214,0.0009083187347941129,1365413.7167957467,{},15.925892589258924,0,16,0.5581469445335888,16,15.930232558139535,15.0,16.0,0.2547546779093796,8.0,{},0.06057882308959961,1751406991.796097,2025-07-01T21:56:31.796139
execution_time,RS2ID,8,32,[2],1,1,10000,random,,10000,0.004300430043004301,43,0.01171875,0.01171875,0.0011224615328962637,0.0007349990482907742,0.11665900092339143,0.00144565748966886,890899.1272241831,{},31.847184718471848,0,32,1.0650952068256956,32,31.813953488372093,31.0,32.0,0.3891441983879422,8.0,{},0.05435657501220703,1751406991.8661335,2025-07-01T21:56:31.866178
execution_time,RS2ID,8,64,[2],1,1,10000,random,,10000,0.005200520052005201,52,0.012382519536884032,0.012382519536884032,0.001393734455563383,0.0011160009307786822,0.14273499982664362,0.0018247166091212238,717496.7914499714,{},63.68286828682867,0,64,2.0748153988192595,64,63.67307692307692,62.0,64.0,0.5084347717847033,8.0,{},0.055548906326293945,1751406991.938747,2025-07-01T21:56:31.938793
execution_time,RS2ID,8,128,[2],1,1,10000,random,,10000,0.0038003800380038005,38,0.012976281620653759,0.012976281620653759,0.0023227845610230054,0.001796001015463844,0.05768899791291915,0.0013430140779875834,430517.757341894,{},127.37433743374339,0,128,4.088755653306343,128,127.6842105263158,127.0,128.0,0.46482951928041294,8.0,{},0.05662894248962402,1751406992.0110145,2025-07-01T21:56:32.011061
execution_time,RS2ID,8,256,[2],1,1,10000,random,,10000,0.004100410041004101,41,0.013513404760301943,0.013513404760301943,0.004283032313090224,0.003397002728888765,0.08399400030612014,0.001638788874629339,233479.44327753535,{},254.72577257725771,0,256,8.118904868035644,256,254.97560975609755,252.0,256.0,1.0238093591129442,8.0,{},0.06269145011901855,1751406992.0887694,2025-07-01T21:56:32.088818
execution_time,RS2ID,8,512,[2],1,1,10000,random,,10000,0.0032003200320032004,32,0.014003759768442016,0.014003759768442016,0.008100376218666659,0.006403002771548927,0.19499699919833802,0.004124998693476266,123451.05622323828,{},509.4766476647663,0,512,16.174792285571876,512,510.40625,508.0,512.0,1.2713028504254995,8.0,{},0.08580565452575684,1751406992.2228954,2025-07-01T21:56:32.222938
execution_time,RS2ID,16,4,[2],1,1,10000,random,,10000,0.15401540154015403,1540,3.5429811018178744e-05,3.5429811018178744e-05,0.0006438985737958317,0.0003699969965964556,0.09920299999066629,0.0015524204587428249,1553039.6256430931,{},1.997899789978999,0,2,0.06396798200674986,2,2.0,2.0,2.0,0.0,16.0,{},0.031182289123535156,1751406992.255268,2025-07-01T21:56:32.255319
execution_time,RS2ID,16,8,[2],1,1,10000,random,,10000,0.012601260126012601,126,3.9443397532976625e-05,3.9443397532976625e-05,0.0007100955141390502,0.0003950008249375969,0.194385000213515,0.0028890097257797064,1408261.2551248719,{},3.995999599959998,0,4,0.12637092089697818,4,4.0,4.0,4.0,0.0,16.0,{},0.031203269958496094,1751406992.287605,2025-07-01T21:56:32.287656
execution_time,RS2ID,16,16,[2],1,1,10000,random,,10000,0.1478147814781478,1478,4.283683657924811e-05,4.283683657924811e-05,0.0006459272812714021,0.00043200270738452673,0.013057997421128675,0.00042690451833656966,1548161.88910873,{},7.991999199919996,0,8,0.25274184179395637,8,8.0,8.0,8.0,0.0,16.0,{},0.03212881088256836,1751406992.3208706,2025-07-01T21:56:32.320917
execution_time,RS2ID,16,32,[2],1,1,10000,random,,10000,0.15111511151115112,1511,4.57763671875e-05,4.57763671875e-05,0.0008264407403843253,0.0005170004442334175,0.07705800089752302,0.0009159849260342731,1210008.1120576938,{},15.98359835983599,0,16,0.5058660350404898,16,15.999,15.0,16.0,0.03160696125855822,16.0,{},0.031641483306884766,1751406992.353674,2025-07-01T21:56:32.353720
execution_time,RS2ID,16,64,[2],1,1,10000,random,,10000,0.007600760076007601,76,4.836921694095325e-05,4.836921694095325e-05,0.0011017208557761013,0.0006360023689921945,0.04627900125342421,0.0009890330253638877,907670.9356614252,{},31.96769676967698,0,32,1.0111060640949203,32,32.0,32.0,32.0,0.0,16.0,{},0.0321197509765625,1751406992.4137976,2025-07-01T21:56:32.413841
execution_time,RS2ID,16,128,[2],1,1,10000,random,,10000,0.37663766376637664,3766,5.0688600080678744e-05,5.0688600080678744e-05,0.0013273488151259102,0.0008269998943433166,0.0674699986120686,0.0012691306302525121,753381.4688380474,{},63.93519351935195,0,64,2.022106919109767,64,63.999,63.0,64.0,0.03160696125855821,16.0,{},0.03531789779663086,1751406992.450236,2025-07-01T21:56:32.450289
execution_time,RS2ID,16,256,[2],1,1,10000,random,,10000,0.00020002000200020003,2,5.278673734492946e-05,5.278673734492946e-05,0.002123938507346384,0.0014359975466504693,0.20485600180109031,0.0024661648592667782,470823.4238143667,{},127.87048704870487,0,128,4.04400704613162,128,128.0,128.0,128.0,0.0,16.0,{},0.03545737266540527,1751406992.4868908,2025-07-01T21:56:32.486967
execution_time,RS2ID,16,512,[2],1,1,10000,random,,10000,0.37583758375837584,3758,5.4702186595476625e-05,5.4702186595476625e-05,0.004237767201840528,0.002591998054413125,0.10660100087989122,0.0025913609679064,235973.32094261443,{},255.73987398739868,0,256,8.087861467282696,256,255.998,255.0,256.0,0.04467661580737734,16.0,{},0.05447554588317871,1751406992.542587,2025-07-01T21:56:32.542645
execution_time,RS2ID,32,4,[2],1,1,10000,random,,10000,0.0,0,5.406160128506278e-10,5.406160128506278e-10,0.0006167461840596625,0.00039999940781854093,0.02386399864917621,0.0004569801959232627,1621412.5451374701,{},0.9989998999899995,0,1,0.031592730224244546,1,0.0,0.0,0.0,0.0,32.0,{},0.03095412254333496,1751406992.5749707,2025-07-01T21:56:32.575032
execution_time,RS2ID,32,8,[2],1,1,10000,random,,10000,0.0,0,6.018584828640232e-10,6.018584828640232e-10,0.0005102365465987442,0.00041100065573118627,0.020155999663984403,0.00036602147358784907,1959875.2905216948,{},1.997999799979999,0,2,0.06318546044848909,2,0.0,0.0,0.0,0.0,32.0,{},0.03275132179260254,1751406992.6356723,2025-07-01T21:56:32.635712
execution_time,RS2ID,32,16,[2],1,1,10000,random,,10000,0.0,0,6.53638253467531e-10,6.53638253467531e-10,0.0007861321218487266,0.00043700129026547074,0.5178179999347776,0.007175427770446765,1272050.8069919925,{},3.995999599959998,0,4,0.12637092089697818,4,0.0,0.0,0.0,0.0,32.0,{},0.03064703941345215,1751406992.6674848,2025-07-01T21:56:32.667527
execution_time,RS2ID,32,32,[2],1,1,10000,random,,10000,0.0,0,6.984919309616089e-10,6.984919309616089e-10,0.0007348185726700609,0.000486001226818189,0.10022700007539243,0.001176567633406259,1360880.1372104234,{},7.991999199919996,0,8,0.25274184179395637,8,0.0,0.0,0.0,0.0,32.0,{},0.029629230499267578,1751406992.6982625,2025-07-01T21:56:32.698304
execution_time,RS2ID,32,64,[2],1,1,10000,random,,10000,0.0,0,7.380556784203071e-10,7.380556784203071e-10,0.0008414377562618992,0.0005750007403548807,0.05998100095894188,0.0011123066717150494,1188442.035739537,{},15.983998399839992,0,16,0.5054836835879127,16,0.0,0.0,0.0,0.0,32.0,{},0.03104424476623535,1751406992.7304256,2025-07-01T21:56:32.730468
execution_time,RS2ID,32,128,[2],1,1,10000,random,,10000,0.0,0,7.734466565044974e-10,7.734466565044974e-10,0.0011795140676833893,0.0007540002116002142,0.07279000055859797,0.0012428915475173146,847806.7599176991,{},31.967996799679984,0,32,1.0109673671758255,32,0.0,0.0,0.0,0.0,32.0,{},0.03089427947998047,1751406992.7624488,2025-07-01T21:56:32.762489
execution_time,RS2ID,32,256,[2],1,1,10000,random,,10000,0.0,0,8.0546169044387e-10,8.0546169044387e-10,0.0018587373687614613,0.0011129995982628316,3.1477909979003016,0.03486160958093626,537999.6210364745,{},63.93599359935997,0,64,2.021934734351651,64,0.0,0.0,0.0,0.0,32.0,{},0.03371238708496094,1751406992.8493686,2025-07-01T21:56:32.849410
execution_time,RS2ID,32,512,[2],1,1,10000,random,,10000,0.0,0,8.346891265178928e-10,8.346891265178928e-10,0.0026480385805562148,0.0018279970390722156,0.4930600007355679,0.006120424029418484,377638.00246065605,{},127.87198719871994,0,128,4.043869468703302,128,0.0,0.0,0.0,0.0,32.0,{},0.03638887405395508,1751406992.8868935,2025-07-01T21:56:32.886937
execution_time,RSID,8,4,[2],1,1,10000,random,,10000,0.0046004600460046,46,0.009070031620653759,0.009070031620653759,0.0010572632233750228,0.0006919981387909502,0.1987649993679952,0.0025243785726755223,945838.252850387,{},3.979697969796981,0,4,0.17905027631387002,4,3.9565217391304346,3.0,4.0,0.20393111999232302,8.0,{},0.03055119514465332,1751406992.918709,2025-07-01T21:56:32.918748
execution_time,RSID,8,4,"[2, 3]",2,1,10000,random,,10000,0.0,0,0.004535015810326879,0.009034739668822421,0.001261395159476257,0.0009139985195361078,0.45722099821432494,0.00471318691617485,792772.9803681895,{},3.9812981298129797,0,4,0.1752786727878922,4,0.0,0.0,0.0,0.0,8.0,{},0.03129839897155762,1751406992.9512112,2025-07-01T21:56:32.951253
execution_time,RSID,8,4,"[2, 3, 4]",3,1,10000,random,,10000,0.0,0,0.003023343873551253,0.009034602348139843,0.0016478088084973292,0.0011070005712099373,0.09855399912339635,0.002486238741743276,606866.5216760922,{},3.9790979097909807,0,4,0.1806481504546766,4,0.0,0.0,0.0,0.0,8.0,{},0.030871152877807617,1751406992.983333,2025-07-01T21:56:32.983374
execution_time,RSID,8,8,[2],1,1,10000,random,,10000,0.0037003700370037006,37,0.010097509768442016,0.010097509768442016,0.0008924186386748322,0.0007420021574944258,0.030367002182174474,0.0005870175207036953,1120550.329926902,{},7.959095909590958,0,8,0.30942007471389027,8,7.972972972972973,7.0,8.0,0.16216216216216214,8.0,{},0.03481698036193848,1751406993.0473304,2025-07-01T21:56:33.047378
execution_time,RSID,8,8,"[2, 3]",2,1,10000,random,,10000,0.0,0,0.005048754884221008,0.010058219847164032,0.001239302822783792,0.000995998561847955,0.03763499989872798,0.000806573189225843,806905.2870820899,{},7.959095909590958,0,8,0.30942007219546847,8,0.0,0.0,0.0,0.0,8.0,{},0.03353619575500488,1751406993.0820763,2025-07-01T21:56:33.082117
execution_time,RSID,8,8,"[2, 3, 4]",3,1,10000,random,,10000,0.0,0,0.003365836589480672,0.010058066970416548,0.0017153406174615607,0.0012380005500745028,0.21591200129478239,0.0023450836800223886,582974.5939788015,{},7.96039603960396,0,8,0.30780893507411966,8,0.0,0.0,0.0,0.0,8.0,{},0.031009197235107422,1751406993.114292,2025-07-01T21:56:33.114328
execution_time,RSID,8,16,[2],1,1,10000,random,,10000,0.004800480048004801,48,0.010966230164287516,0.010966230164287516,0.001240243332537411,0.0008319984772242606,0.28760799978044815,0.003677388518455824,806293.3891804137,{},15.921592159215916,0,16,0.5617548605169833,16,15.979166666666666,15.0,16.0,0.1428261375083551,8.0,{},0.031603097915649414,1751406993.1470544,2025-07-01T21:56:33.147096
execution_time,RSID,8,16,"[2, 3]",2,1,10000,random,,10000,0.00010001000100010001,1,0.005483115082143758,0.010923560008006242,0.0016270082915557445,0.0011490010365378112,0.10990800001309253,0.0016644772629505478,614625.0177027681,{},15.92029202920292,0,16,0.5630822821884641,16,16.0,16.0,16.0,0.0,8.0,{},0.03122878074645996,1751406993.17945,2025-07-01T21:56:33.179489
execution_time,RSID,8,16,"[2, 3, 4]",3,1,10000,random,,10000,0.0,0,0.0036554100547625053,0.010923393978793286,0.001935822573744112,0.0014889992598909885,2.06801300009829,0.021380568188912985,516576.2676617003,{},15.920792079207915,0,16,0.562353856192572,16,0.0,0.0,0.0,0.0,8.0,{},0.03192782402038574,1751406993.245225,2025-07-01T21:56:33.245268
execution_time,RSID,8,32,[2],1,1,10000,random,,10000,0.005500550055005501,55,0.01171875,0.01171875,0.001446313005541651,0.0009729992598295212,0.09535899880575016,0.001582564178112306,691413.2668159859,{},31.844684468446857,0,32,1.0654373921214244,32,31.836363636363636,30.0,32.0,0.41620084153671255,8.0,{},0.0313870906829834,1751406993.2778244,2025-07-01T21:56:33.277880
execution_time,RSID,8,32,"[2, 3]",2,1,10000,random,,10000,0.0,0,0.005859375,0.011673151750972763,0.0019127936556165774,0.0014420002116821706,0.05691299884347245,0.0012357866192909625,522795.54413184006,{},31.85178517851785,0,32,1.0630223193275212,32,0.0,0.0,0.0,0.0,8.0,{},0.031044483184814453,1751406993.3100393,2025-07-01T21:56:33.310080
execution_time,RSID,8,32,"[2, 3, 4]",3,1,10000,random,,10000,0.0,0,0.00390625,0.011672974328575988,0.0027362108099261203,0.0019409999367780983,0.37055400025565177,0.006355327712776381,365468.91649295134,{},31.838883888388846,0,32,1.0685109225095601,32,0.0,0.0,0.0,0.0,8.0,{},0.03319811820983887,1751406993.3444226,2025-07-01T21:56:33.344465
execution_time,RSID,8,64,[2],1,1,10000,random,,10000,0.004100410041004101,41,0.012382519536884032,0.012382519536884032,0.0018419071914080847,0.0012780001270584762,0.15917300333967432,0.0021723804807492284,542915.5196660744,{},63.67976797679769,0,64,2.0769148550426113,64,63.75609756097561,63.0,64.0,0.4294345576014393,8.0,{},0.03277850151062012,1751406993.3783948,2025-07-01T21:56:33.378435
execution_time,RSID,8,64,"[2, 3]",2,1,10000,random,,10000,0.0,0,0.006191259768442016,0.012334338527012888,0.0024083889340215285,0.0020269981177989393,0.4184520003036596,0.004589446716429529,415215.327505346,{},63.68376837683768,0,64,2.074880441574596,64,0.0,0.0,0.0,0.0,8.0,{},0.03589344024658203,1751406993.4430048,2025-07-01T21:56:33.443045
execution_time,RSID,8,64,"[2, 3, 4]",3,1,10000,random,,10000,0.0,0,0.004127506512294678,0.012334151055115771,0.003852131697894361,0.0027990026865154505,3.9897719980217516,0.03993717676476941,259596.52432096662,{},63.67846784678469,0,64,2.075390732970526,64,0.0,0.0,0.0,0.0,8.0,{},0.035982370376586914,1751406993.4802496,2025-07-01T21:56:33.480287
execution_time,RSID,8,128,[2],1,1,10000,random,,10000,0.0032003200320032004,32,0.012976281620653759,0.012976281620653759,0.002450829388854867,0.001853000867413357,0.09336699804407544,0.0019293055842768414,408025.1381624092,{},127.37613761376137,0,128,4.089665705759286,128,127.5625,127.0,128.0,0.49607837082461076,8.0,{},0.03205561637878418,1751406993.5134962,2025-07-01T21:56:33.513537
execution_time,RSID,8,128,"[2, 3]",2,1,10000,random,,10000,0.0,0,0.006488140810326879,0.012925790252480009,0.004171427242977923,0.003211996954632923,0.18761699902825058,0.0036902527702240167,239726.1037414413,{},127.36343634363439,0,128,4.090263275929807,128,0.0,0.0,0.0,0.0,8.0,{},0.03342437744140625,1751406993.5480878,2025-07-01T21:56:33.548127
execution_time,RSID,8,128,"[2, 3, 4]",3,1,10000,random,,10000,0.0,0,0.0043254272068845865,0.012925593790998505,0.005705844077411656,0.004561999958241358,0.13986299745738506,0.0030276142074532695,175258.9076099728,{},127.37363736373635,0,128,4.089271737563782,128,0.0,0.0,0.0,0.0,8.0,{},0.03548431396484375,1751406993.5848017,2025-07-01T21:56:33.584840
execution_time,RSID,8,256,[2],1,1,10000,random,,10000,0.0042004200420042,42,0.013513404760301943,0.013513404760301943,0.0039001150189335912,0.003011999069713056,0.2538170010666363,0.004285266072333248,256402.6945732052,{},254.74197419741975,0,256,8.117330955668326,256,254.92857142857142,253.0,256.0,0.7682031335667465,8.0,{},0.03927159309387207,1751406993.6527693,2025-07-01T21:56:33.652813
execution_time,RSID,8,256,"[2, 3]",2,1,10000,random,,10000,0.0,0,0.006756702380150971,0.013460823418822168,0.006888296422222247,0.0055439995776396245,0.2030060022661928,0.0032025277408796494,145173.77573559587,{},254.72467246724676,0,256,8.117778512110677,256,0.0,0.0,0.0,0.0,8.0,{},0.04480791091918945,1751406993.6988413,2025-07-01T21:56:33.698879
execution_time,RSID,8,256,"[2, 3, 4]",3,1,10000,random,,10000,0.0,0,0.004504468253433981,0.013460618825272417,0.010095838696000866,0.008066999725997448,0.8436880016233772,0.011383135369279334,99050.71090291064,{},254.7438743874387,0,256,8.117200324268005,256,0.0,0.0,0.0,0.0,8.0,{},0.0580141544342041,1751406993.758154,2025-07-01T21:56:33.758193
execution_time,RSID,8,512,[2],1,1,10000,random,,10000,0.0031003100310031005,31,0.014003759768442016,0.014003759768442016,0.006940439960311618,0.005320998752722517,0.1851740016718395,0.003591862228000132,144083.08489352613,{},509.4984498449847,0,512,16.174660801658366,512,510.16129032258067,507.0,512.0,1.2724569627945819,8.0,{},0.0580897331237793,1751406993.8174436,2025-07-01T21:56:33.817486
execution_time,RSID,8,512,"[2, 3]",2,1,10000,random,,10000,0.0,0,0.007001879884221008,0.01394927043082162,0.013385469449649749,0.010211999324383214,0.1290219988732133,0.004487360845897562,74707.87660915147,{},509.4835483548355,0,512,16.173633310217642,512,0.0,0.0,0.0,0.0,8.0,{},0.06608247756958008,1751406993.8847466,2025-07-01T21:56:33.884791
execution_time,RSID,8,512,"[2, 3, 4]",3,1,10000,random,,10000,0.0,0,0.004667919922814005,0.013949058413275211,0.020130105412405945,0.0151169988384936,5.501716001163004,0.09691424302860502,49676.838720561886,{},509.4976497649765,0,512,16.17440128198047,512,0.0,0.0,0.0,0.0,8.0,{},0.08734464645385742,1751406994.0017033,2025-07-01T21:56:34.001745
execution_time,RSID,8,1024,[2],1,1,10000,random,,10000,0.004300430043004301,43,0.014454842648988641,0.014454842648988641,0.012908439644114438,0.009969000529963523,0.17935600044438615,0.004988455284779396,77468.69703620196,{},1018.9671967196717,0,1024,32.28747502390722,1024,1020.0232558139535,1016.0,1024.0,1.7977812176825758,8.0,{},0.08637022972106934,1751406994.0892587,2025-07-01T21:56:34.089307
execution_time,RSID,8,1024,"[2, 3]",2,1,10000,random,,10000,0.0,0,0.007227421324494321,0.014398598125062615,0.024425384145241022,0.019606999558163807,0.7497459992009681,0.00989405192138972,40941.01423558726,{},1018.9887988798878,0,1024,32.28582181488492,1024,0.0,0.0,0.0,0.0,8.0,{},0.10658669471740723,1751406994.1970775,2025-07-01T21:56:34.197122
execution_time,RSID,8,1024,"[2, 3, 4]",3,1,10000,random,,10000,0.0,0,0.004818280882996214,0.014398379278101312,0.03577641422920762,0.02913999924203381,0.20701800167444162,0.008640603172725438,27951.375830828983,{},1019.0016001600162,0,1024,32.286334288282845,1024,0.0,0.0,0.0,0.0,8.0,{},0.13509464263916016,1751406994.3334255,2025-07-01T21:56:34.333467
execution_time,RSID,8,2048,[2],1,1,10000,random,,10000,0.004500450045004501,45,0.014872480164287516,0.014872480164287516,0.02488599739258479,0.01924800017150119,0.22050699772080407,0.007420013981702569,40183.23976430083,{},2037.9598959895982,0,2048,64.51115856684451,2048,2039.9555555555555,2033.0,2045.0,2.590199954148161,8.0,{},0.14389586448669434,1751406994.4785566,2025-07-01T21:56:34.478605
execution_time,RSID,8,2048,"[2, 3]",2,1,10000,random,,10000,0.0,0,0.007436240082143758,0.01481461059166383,0.046690975684639625,0.03802299761446193,2.114380000421079,0.024517792218436463,21417.41493590119,{},2037.9753975397543,0,2048,64.51119188496403,2048,0.0,0.0,0.0,0.0,8.0,{},0.21020984649658203,1751406994.7195568,2025-07-01T21:56:34.719598
execution_time,RSID,8,2048,"[2, 3, 4]",3,1,10000,random,,10000,0.0,0,0.004957493388095839,0.014814385421651949,0.07043986777295462,0.05671399776474573,0.2902919986809138,0.01718125342758903,14196.505922232152,{},2037.923892389239,0,2048,64.5093063645935,2048,0.0,0.0,0.0,0.0,8.0,{},0.23685145378112793,1751406994.9576838,2025-07-01T21:56:34.957723
execution_time,RSID,8,4096,[2],1,1,10000,random,,10000,0.0026002600260026003,26,0.015261291389095776,0.015261291389095776,0.0485725648428193,0.037781002902192995,0.28677900263573974,0.01322884543560828,20587.753667857516,{},4075.990499049905,0,4092,128.96253427377468,4096,4079.0,4072.0,4085.0,3.063431961806135,8.0,{},0.24742555618286133,1751406995.2063105,2025-07-01T21:56:35.206357
execution_time,RSID,8,4096,"[2, 3]",2,1,10000,random,,10000,0.0,0,0.007630645694547888,0.015201908932328867,0.09395676748703047,0.07501999789383262,0.9831099996517878,0.024287516765314165,10643.192893348925,{},4075.9180918091815,0,4093,128.959295851995,4096,0.0,0.0,0.0,0.0,8.0,{},0.34702157974243164,1751406995.5545628,2025-07-01T21:56:35.554604
execution_time,RSID,8,4096,"[2, 3, 4]",3,1,10000,random,,10000,0.0,0,0.005087097129698592,0.01520167787569773,0.13933699499377097,0.11227200229768641,0.5143579983268864,0.032747405250938486,7176.84488634698,{},4075.8644864486455,0,4095,128.9595086717083,4096,0.0,0.0,0.0,0.0,8.0,{},0.43294620513916016,1751406995.9887357,2025-07-01T21:56:35.988779
execution_time,RSID,8,8192,[2],1,1,10000,random,,10000,0.0056005600560056,56,0.015625,0.015625,0.09840335665856931,0.07478100087610073,9.948789000191027,0.10267259346640166,10162.254967274193,{},8151.907490749073,0,8179,257.860383031755,8192,8160.375,8145.0,8176.0,6.203577596838779,8.0,{},0.4790651798248291,1751406996.5005004,2025-07-01T21:56:36.500551
execution_time,RSID,8,8192,"[2, 3]",2,1,10000,random,,10000,0.00010001000100010001,1,0.0078125,0.01556420233463035,0.18900719450103562,0.1490260001446586,4.979986002581427,0.06936368808464322,5290.803890507569,{},8151.8347834783435,0,8178,257.8587130130117,8192,8152.0,8152.0,8152.0,0.0,8.0,{},0.671576976776123,1751406997.1734211,2025-07-01T21:56:37.173461
execution_time,RSID,8,8192,"[2, 3, 4]",3,1,10000,random,,10000,0.0,0,0.005208333333333333,0.015563965771434651,0.284653052815834,0.2234860003227368,2.0859940013906453,0.07565702883102905,3513.0485695053626,{},8151.883688368838,0,8177,257.85943847766225,8192,0.0,0.0,0.0,0.0,8.0,{},0.8731224536895752,1751406998.0477307,2025-07-01T21:56:38.047819
execution_time,RSID,16,4,[2],1,1,10000,random,,10000,0.0,0,3.5429811018178744e-05,3.5429811018178744e-05,0.0010770983766805711,0.0007079979695845395,0.1066170007106848,0.001319350548817053,928420.3018500735,{},1.997999799979999,0,2,0.06318546044848909,2,0.0,0.0,0.0,0.0,16.0,{},0.055451393127441406,1751406998.122305,2025-07-01T21:56:38.122348
execution_time,RSID,16,4,"[2, 3]",2,1,10000,random,,10000,0.0,0,1.7714905509089372e-05,3.5429270410414915e-05,0.0012991852153619152,0.0009030009096022695,0.0830389981274493,0.00126863046274792,769713.1926808674,{},1.997999799979999,0,2,0.06318546044848909,2,0.0,0.0,0.0,0.0,16.0,{},0.05244112014770508,1751406998.1918006,2025-07-01T21:56:38.191843
execution_time,RSID,16,4,"[2, 3, 4]",3,1,10000,random,,10000,0.0,0,1.1809937006059582e-05,3.542927040216602e-05,0.0015629037023967502,0.0011550000635907054,0.05728300311602652,0.0009880587341871434,639834.6862103379,{},1.997999799979999,0,2,0.06318546044848909,2,0.0,0.0,0.0,0.0,16.0,{},0.054349660873413086,1751406998.2961032,2025-07-01T21:56:38.296142
execution_time,RSID,16,8,[2],1,1,10000,random,,10000,0.0,0,3.9443397532976625e-05,3.9443397532976625e-05,0.0010758993732334773,0.0007239978003781289,0.031946001399774104,0.000813659649506554,929454.9517160035,{},3.995999599959998,0,4,0.12637092089697818,4,0.0,0.0,0.0,0.0,16.0,{},0.05523252487182617,1751406998.367778,2025-07-01T21:56:38.367819
execution_time,RSID,16,8,"[2, 3]",2,1,10000,random,,10000,0.0,0,1.9721698766488312e-05,3.944279568367725e-05,0.001539543943951489,0.0009750001481734216,0.20410900106071495,0.00251718115612097,649543.0052053843,{},3.995999599959998,0,4,0.12637092089697818,4,0.0,0.0,0.0,0.0,16.0,{},0.05476832389831543,1751406998.4388733,2025-07-01T21:56:38.438921
execution_time,RSID,16,8,"[2, 3, 4]",3,1,10000,random,,10000,0.0,0,1.3147799177658874e-05,3.94427956744939e-05,0.0017203899224772679,0.0011919983080588281,0.09520199819235131,0.0014946985623390632,581263.5768989244,{},3.995799579957998,0,4,0.12715263183934425,4,0.0,0.0,0.0,0.0,16.0,{},0.05294394493103027,1751406998.508302,2025-07-01T21:56:38.508346
execution_time,RSID,16,16,[2],1,1,10000,random,,10000,0.0,0,4.283683657924811e-05,4.283683657924811e-05,0.0011059656064430058,0.0007569979061372578,0.035135999496560544,0.0009170653512822678,904187.2497429543,{},7.991699169916996,0,8,0.2533244607191495,8,0.0,0.0,0.0,0.0,16.0,{},0.05294013023376465,1751406998.5774655,2025-07-01T21:56:38.577510
execution_time,RSID,16,16,"[2, 3]",2,1,10000,random,,10000,0.0,0,2.1418418289624055e-05,4.283618295096822e-05,0.0015537423810942147,0.001053002051776275,0.046301000111270696,0.0010207225186888984,643607.3393941636,{},7.991999199919996,0,8,0.25274184179395637,8,0.0,0.0,0.0,0.0,16.0,{},0.05312204360961914,1751406998.67714,2025-07-01T21:56:38.677178
execution_time,RSID,16,16,"[2, 3, 4]",3,1,10000,random,,10000,0.0,0,1.4278945526416036e-05,4.283618294099479e-05,0.0018265036802435682,0.001434000296285376,0.06690500231343322,0.0010920585312382662,547494.1062624346,{},7.991699169916996,0,8,0.2533244607191495,8,0.0,0.0,0.0,0.0,16.0,{},0.05877280235290527,1751406998.754948,2025-07-01T21:56:38.754989
execution_time,RSID,16,32,[2],1,1,10000,random,,10000,0.0,0,4.57763671875e-05,4.57763671875e-05,0.00114942806990513,0.0009409995982423425,0.05163500100024976,0.0008710538294297805,869997.8938939057,{},15.983498349834992,0,16,0.5059615273044635,16,0.0,0.0,0.0,0.0,16.0,{},0.053760528564453125,1751406998.8245008,2025-07-01T21:56:38.824539
execution_time,RSID,16,32,"[2, 3]",2,1,10000,random,,10000,0.0,0,2.288818359375e-05,4.577566870622702e-05,0.0015973091456525069,0.0012499986041802913,0.09775699800229631,0.00134032843395253,626052.8857057887,{},15.983798379837992,0,16,0.5056749345983752,16,0.0,0.0,0.0,0.0,16.0,{},0.05515575408935547,1751406998.899091,2025-07-01T21:56:38.899131
execution_time,RSID,16,32,"[2, 3, 4]",3,1,10000,random,,10000,0.0,0,1.52587890625e-05,4.57756686955692e-05,0.0020517853978074155,0.0016070007404778153,0.07874900256865658,0.0014071901702015627,487380.4058985032,{},15.983598359835993,0,16,0.505866034413218,16,0.0,0.0,0.0,0.0,16.0,{},0.05543231964111328,1751406998.9708414,2025-07-01T21:56:38.970878
execution_time,RSID,16,64,[2],1,1,10000,random,,10000,0.0,0,4.836921694095325e-05,4.836921694095325e-05,0.001319501166551662,0.001104999682866037,0.03804099833359942,0.00075047195824922,757862.156812915,{},31.967696769676984,0,32,1.0111060644796692,32,0.0,0.0,0.0,0.0,16.0,{},0.055823326110839844,1751406999.0746036,2025-07-01T21:56:39.074644
execution_time,RSID,16,64,"[2, 3]",2,1,10000,random,,10000,0.0,0,2.4184608470476625e-05,4.8368478896536496e-05,0.002216661899140759,0.0016359990695491433,0.091737001639558,0.0015155024527633456,451128.78982023755,{},31.96739673967398,0,32,1.0112446530731507,32,0.0,0.0,0.0,0.0,16.0,{},0.05564308166503906,1751406999.1499152,2025-07-01T21:56:39.149957
execution_time,RSID,16,64,"[2, 3, 4]",3,1,10000,random,,10000,0.0,0,1.6123072313651084e-05,4.8368478885275003e-05,0.002593412775559259,0.0021409978216979653,0.08688199886819348,0.001731593757686169,385592.30116553814,{},31.967396739673983,0,32,1.0112446535569428,32,0.0,0.0,0.0,0.0,16.0,{},0.05746650695800781,1751406999.2251017,2025-07-01T21:56:39.225143
execution_time,RSID,16,128,[2],1,1,10000,random,,10000,0.0,0,5.0688600080678744e-05,5.0688600080678744e-05,0.0018461852314548208,0.0014229990483727306,0.13595199925475754,0.0017070599007253347,541657.4582887251,{},63.93459345934593,0,64,2.0222358409881056,64,0.0,0.0,0.0,0.0,16.0,{},0.056153059005737305,1751406999.2967002,2025-07-01T21:56:39.296742
execution_time,RSID,16,128,"[2, 3]",2,1,10000,random,,10000,0.0,0,2.5344300040339372e-05,5.068782664582392e-05,0.003064942089210085,0.0024460023269057274,0.11002500104950741,0.0017195896546784199,326270.438688036,{},63.93469346934697,0,64,2.0222143670388646,64,0.0,0.0,0.0,0.0,16.0,{},0.05845236778259277,1751406999.3707368,2025-07-01T21:56:39.370783
execution_time,RSID,16,128,"[2, 3, 4]",3,1,10000,random,,10000,0.0,0,1.6896200026892916e-05,5.068782663402242e-05,0.00426673921477953,0.0033860014809761196,0.1017360009427648,0.0017631772909910224,234371.01488089698,{},63.935193519351955,0,64,2.022106919109767,64,0.0,0.0,0.0,0.0,16.0,{},0.06312704086303711,1751406999.4863055,2025-07-01T21:56:39.486347
execution_time,RSID,16,256,[2],1,1,10000,random,,10000,0.0,0,5.278673734492946e-05,5.278673734492946e-05,0.0027624859450423303,0.002297001628903672,0.059863999922527,0.0011044008989917846,361992.7919614001,{},127.86908690869092,0,128,4.044134946010222,128,0.0,0.0,0.0,0.0,16.0,{},0.058746337890625,1751406999.562926,2025-07-01T21:56:39.562971
execution_time,RSID,16,256,"[2, 3]",2,1,10000,random,,10000,0.0,0,2.639336867246473e-05,5.27859318955292e-05,0.005366025003139465,0.00407900006393902,0.17739499890012667,0.003159501767359439,186357.68551487118,{},127.8703870387039,0,128,4.044016198144917,128,0.0,0.0,0.0,0.0,16.0,{},0.06416940689086914,1751406999.6434827,2025-07-01T21:56:39.643574
execution_time,RSID,16,256,"[2, 3, 4]",3,1,10000,random,,10000,0.0,0,1.7595579114976487e-05,5.2785931883239205e-05,0.007244756907899559,0.005806999979540706,1.3701810021302663,0.021434143642530656,138030.85634379493,{},127.86928692869287,0,128,4.044116704660884,128,0.0,0.0,0.0,0.0,16.0,{},0.07342767715454102,1751406999.7336853,2025-07-01T21:56:39.733730
execution_time,RSID,16,512,[2],1,1,10000,random,,10000,0.0,0,5.4702186595476625e-05,5.4702186595476625e-05,0.0057269121664392745,0.00405899845645763,0.4415639996295795,0.00728825826915868,174614.1674496386,{},255.7403740374038,0,256,8.087846636103212,256,0.0,0.0,0.0,0.0,16.0,{},0.07406926155090332,1751406999.825522,2025-07-01T21:56:39.825565
execution_time,RSID,16,512,"[2, 3]",2,1,10000,random,,10000,0.0,0,2.7351093297738312e-05,5.4701351919086256e-05,0.008723630561620569,0.0072500006353948265,1.5179160000116099,0.015503745994336496,114631.17253033149,{},255.73997399739974,0,256,8.087858503540483,256,0.0,0.0,0.0,0.0,16.0,{},0.07253098487854004,1751406999.944321,2025-07-01T21:56:39.944363
execution_time,RSID,16,512,"[2, 3, 4]",3,1,10000,random,,10000,0.0,0,1.8234062198492208e-05,5.47013519063503e-05,0.012060347253285727,0.010330000804970041,0.14525600272463635,0.004487792484270868,82916.35215789989,{},255.73877387738784,0,256,8.087893987693342,256,0.0,0.0,0.0,0.0,16.0,{},0.08995366096496582,1751407000.0515003,2025-07-01T21:56:40.051543
execution_time,RSID,16,1024,[2],1,1,10000,random,,10000,0.0,0,5.646422909761188e-05,5.646422909761188e-05,0.008374663270628368,0.007072001608321443,0.19278500258224085,0.0035587555855112253,119407.78604283728,{},511.4802480248025,0,512,16.17547031215399,512,0.0,0.0,0.0,0.0,16.0,{},0.08984827995300293,1751407000.1583486,2025-07-01T21:56:40.158393
execution_time,RSID,16,1024,"[2, 3]",2,1,10000,random,,10000,0.0,0,2.823211454880594e-05,5.646336753499691e-05,0.01597304528413778,0.013533001038013026,0.9314410017395858,0.010834795442432902,62605.46954017977,{},511.47954795479546,0,512,16.17546944289382,512,0.0,0.0,0.0,0.0,16.0,{},0.11274170875549316,1751407000.2873707,2025-07-01T21:56:40.287417
execution_time,RSID,16,1024,"[2, 3, 4]",3,1,10000,random,,10000,0.0,0,1.882140969920396e-05,5.6463367521850706e-05,0.023154232916233343,0.019989001884823665,0.2398489996267017,0.006831797993729299,43188.647346589656,{},511.4797479747976,0,512,16.17547587111144,512,0.0,0.0,0.0,0.0,16.0,{},0.11930203437805176,1751407000.4224675,2025-07-01T21:56:40.422521
execution_time,RSID,16,2048,[2],1,1,10000,random,,10000,0.0,0,5.809562564174811e-05,5.809562564174811e-05,0.015873487415591334,0.01322499883826822,0.10058599946205504,0.004211633498633003,62998.128503114895,{},1022.9609960996098,0,1024,32.35071423783849,1024,0.0,0.0,0.0,0.0,16.0,{},0.12757658958435059,1751407000.603297,2025-07-01T21:56:40.603341
execution_time,RSID,16,2048,"[2, 3]",2,1,10000,random,,10000,0.0,0,2.9047812820874055e-05,5.8094739186377225e-05,0.03355448974431401,0.0253549987974111,0.25262899725930765,0.011542619178102762,29802.271100530008,{},1022.957695769577,0,1024,32.350662225439805,1024,0.0,0.0,0.0,0.0,16.0,{},0.16643977165222168,1751407000.7872057,2025-07-01T21:56:40.787255
execution_time,RSID,16,2048,"[2, 3, 4]",3,1,10000,random,,10000,0.0,0,1.936520854724937e-05,5.809473917285119e-05,0.04696564568744537,0.03858299896819517,1.234980001754593,0.01730376444896619,21292.159095500632,{},1022.9601960196018,0,1024,32.350703999688626,1024,0.0,0.0,0.0,0.0,16.0,{},0.20367145538330078,1751407001.0071774,2025-07-01T21:56:41.007223
execution_time,RSID,16,4096,[2],1,1,10000,random,,10000,0.00010001000100010001,1,5.9614419488655376e-05,5.9614419488655376e-05,0.03226016061286898,0.02590899748611264,0.37300500116543844,0.011523785238446336,30997.985781914784,{},2045.9176917691773,0,2048,64.7010950169659,2048,2048.0,2048.0,2048.0,0.0,16.0,{},0.21137475967407227,1751407001.2343695,2025-07-01T21:56:41.234418
execution_time,RSID,16,4096,"[2, 3]",2,1,10000,random,,10000,0.0,0,2.9807209744327688e-05,5.9613509858683166e-05,0.06216908572647703,0.050605001888470724,0.26757600062410347,0.019151252548941716,16085.164970893446,{},2045.918791879188,0,2048,64.70112497269722,2048,0.0,0.0,0.0,0.0,16.0,{},0.25453758239746094,1751407001.5056312,2025-07-01T21:56:41.505681
execution_time,RSID,16,4096,"[2, 3, 4]",3,1,10000,random,,10000,0.0,0,1.9871473162885124e-05,5.961350984480353e-05,0.09382657857551187,0.07014000220806338,0.9111379986279644,0.03283429583306135,10657.960837772609,{},2045.9175917591756,0,2048,64.70109257368901,2048,0.0,0.0,0.0,0.0,16.0,{},0.24112153053283691,1751407001.7993162,2025-07-01T21:56:41.799362
execution_time,RSID,16,8192,[2],1,1,10000,random,,10000,0.0,0,6.103515625e-05,6.103515625e-05,0.06503694237748087,0.05194500045035966,0.38754699926357716,0.020934992702823528,15375.876593273724,{},4091.83898389839,0,4096,129.40203473643953,4096,0.0,0.0,0.0,0.0,16.0,{},0.3517453670501709,1751407002.168344,2025-07-01T21:56:42.168391
execution_time,RSID,16,8192,"[2, 3]",2,1,10000,random,,10000,0.0,0,3.0517578125e-05,6.103422494163602e-05,0.12735845195628112,0.10345499686081894,0.8149269997375086,0.03907578817972955,7851.854232204976,{},4091.8365836583666,0,4096,129.40195529353326,4096,0.0,0.0,0.0,0.0,16.0,{},0.4799613952636719,1751407002.6676188,2025-07-01T21:56:42.667669
execution_time,RSID,16,8192,"[2, 3, 4]",3,1,10000,random,,10000,0.0,0,2.0345052083333332e-05,6.10342249274256e-05,0.1905123670355161,0.14516300143441185,0.8486879996780772,0.05624065990038887,5249.003072926892,{},4091.841884188418,0,4096,129.40210663848833,4096,0.0,0.0,0.0,0.0,16.0,{},0.6269118785858154,1751407003.3119018,2025-07-01T21:56:43.311948
execution_time,RSID,32,4,[2],1,1,10000,random,,10000,0.0,0,5.406160128506278e-10,5.406160128506278e-10,0.0010998069933136738,0.0006959999154787511,0.03562599886208773,0.0008724022791121593,909250.4467416056,{},0.9989998999899995,0,1,0.031592730224244546,1,0.0,0.0,0.0,0.0,32.0,{},0.03194594383239746,1751407003.345182,2025-07-01T21:56:43.345227
execution_time,RSID,32,4,"[2, 3]",2,1,10000,random,,10000,0.0,0,2.703080064253139e-10,5.406160127247558e-10,0.001449660039185747,0.0009040013537742198,0.06863599992357194,0.0017300725524821627,689816.9039423101,{},0.9989998999899995,0,1,0.031592730224244546,1,0.0,0.0,0.0,0.0,32.0,{},0.03230619430541992,1751407003.420301,2025-07-01T21:56:43.420344
execution_time,RSID,32,4,"[2, 3, 4]",3,1,10000,random,,10000,0.0,0,1.8020533761687595e-10,5.406160127247558e-10,0.0016700072036054583,0.0010900002962443978,0.09189000047626905,0.0013734301413480961,598799.8122649125,{},0.9989998999899995,0,1,0.031592730224244546,1,0.0,0.0,0.0,0.0,32.0,{},0.03187203407287598,1751407003.453422,2025-07-01T21:56:43.453464
execution_time,RSID,32,8,[2],1,1,10000,random,,10000,0.0,0,6.018584828640232e-10,6.018584828640232e-10,0.0010077502768715307,0.0007090020517352968,0.09788499664864503,0.0012197996498720018,992309.3279660605,{},1.997999799979999,0,2,0.06318546044848909,2,0.0,0.0,0.0,0.0,32.0,{},0.03061985969543457,1751407003.4852488,2025-07-01T21:56:43.485290
execution_time,RSID,32,8,"[2, 3]",2,1,10000,random,,10000,0.0,0,3.009292414320116e-10,6.018584827238921e-10,0.0012928416638207858,0.0009309987945016474,0.06561799818882719,0.00122405018022025,773489.923773543,{},1.997999799979999,0,2,0.06318546044848909,2,0.0,0.0,0.0,0.0,32.0,{},0.030849218368530273,1751407003.517306,2025-07-01T21:56:43.517346
execution_time,RSID,32,8,"[2, 3, 4]",3,1,10000,random,,10000,0.0,0,2.0061949428800773e-10,6.018584827238921e-10,0.0016132651336895993,0.0011429983715061098,0.05238100129645318,0.001307015689927329,619860.9138182771,{},1.997999799979999,0,2,0.06318546044848909,2,0.0,0.0,0.0,0.0,32.0,{},0.03153038024902344,1751407003.550037,2025-07-01T21:56:43.550078
execution_time,RSID,32,16,[2],1,1,10000,random,,10000,0.0,0,6.53638253467531e-10,6.53638253467531e-10,0.0010988484206441774,0.0007400012691505253,0.11606399857555516,0.001981637782424662,910043.6249558155,{},3.995999599959998,0,4,0.12637092089697818,4,0.0,0.0,0.0,0.0,32.0,{},0.03079509735107422,1751407003.611961,2025-07-01T21:56:43.612000
execution_time,RSID,32,16,"[2, 3]",2,1,10000,random,,10000,0.0,0,3.268191267337655e-10,6.53638253315344e-10,0.001485634653415769,0.000996002199826762,0.07597500007250346,0.001379629712226147,673113.001033465,{},3.995999599959998,0,4,0.12637092089697818,4,0.0,0.0,0.0,0.0,32.0,{},0.03156447410583496,1751407003.6447306,2025-07-01T21:56:43.644775
execution_time,RSID,32,16,"[2, 3, 4]",3,1,10000,random,,10000,0.0,0,2.1787941782251032e-10,6.53638253315344e-10,0.0017171343083772184,0.0012419986887834966,0.03290500171715394,0.000864581214038349,582365.6280824371,{},3.995999599959998,0,4,0.12637092089697818,4,0.0,0.0,0.0,0.0,32.0,{},0.031024694442749023,1751407003.6770086,2025-07-01T21:56:43.677050
execution_time,RSID,32,32,[2],1,1,10000,random,,10000,0.0,0,6.984919309616089e-10,6.984919309616089e-10,0.0011666264595403422,0.0008179995347745717,0.047511999582638964,0.001056947893236324,857172.3980904787,{},7.991999199919996,0,8,0.25274184179395637,8,0.0,0.0,0.0,0.0,32.0,{},0.030771255493164062,1751407003.7089734,2025-07-01T21:56:43.709015
execution_time,RSID,32,32,"[2, 3]",2,1,10000,random,,10000,0.0,0,3.4924596548080444e-10,6.984919307989786e-10,0.0016356051814832874,0.0011019983503501862,0.06687900167889893,0.0015628840352495663,611394.4925835502,{},7.991999199919996,0,8,0.25274184179395637,8,0.0,0.0,0.0,0.0,32.0,{},0.030961990356445312,1751407003.7411187,2025-07-01T21:56:43.741160
execution_time,RSID,32,32,"[2, 3, 4]",3,1,10000,random,,10000,0.0,0,2.3283064365386963e-10,6.984919307989786e-10,0.0017303266397230097,0.0013749995559919626,0.8911060031095985,0.009651276893104577,577925.564481906,{},7.991999199919996,0,8,0.25274184179395637,8,0.0,0.0,0.0,0.0,32.0,{},0.03372955322265625,1751407003.8042789,2025-07-01T21:56:43.804318
execution_time,RSID,32,64,[2],1,1,10000,random,,10000,0.0,0,7.380556784203071e-10,7.380556784203071e-10,0.0013910075908843739,0.0008989991329144686,0.07302199810510501,0.0014434266977593232,718903.3378058136,{},15.983998399839992,0,16,0.5054836835879127,16,0.0,0.0,0.0,0.0,32.0,{},0.03167390823364258,1751407003.8371408,2025-07-01T21:56:43.837222
execution_time,RSID,32,64,"[2, 3]",2,1,10000,random,,10000,0.0,0,3.690278392101536e-10,7.380556782484651e-10,0.0019332819150754761,0.001296000846195966,0.10111300071002916,0.002360350712408318,517255.13604722236,{},15.983998399839992,0,16,0.5054836835879127,16,0.0,0.0,0.0,0.0,32.0,{},0.03190207481384277,1751407003.8702579,2025-07-01T21:56:43.870299
execution_time,RSID,32,64,"[2, 3, 4]",3,1,10000,random,,10000,0.0,0,2.4601855947343573e-10,7.380556782484651e-10,0.0023172288081713126,0.0017089987522922456,0.0815799976408016,0.0014708542711029892,431549.960225624,{},15.983998399839992,0,16,0.5054836835879127,16,0.0,0.0,0.0,0.0,32.0,{},0.034397125244140625,1751407003.905845,2025-07-01T21:56:43.905894
execution_time,RSID,32,128,[2],1,1,10000,random,,10000,0.0,0,7.734466565044974e-10,7.734466565044974e-10,0.0017183164397379816,0.0011070005712099373,0.10867799937841482,0.0018928151783165997,581964.9843730096,{},31.967996799679984,0,32,1.0109673671758255,32,0.0,0.0,0.0,0.0,32.0,{},0.03350353240966797,1751407003.940667,2025-07-01T21:56:43.940711
execution_time,RSID,32,128,"[2, 3]",2,1,10000,random,,10000,0.0,0,3.867233282522487e-10,7.734466563244154e-10,0.0021498421687704146,0.0017540005501359701,0.12356399747659452,0.0020996169334077195,465150.42570401443,{},31.967996799679984,0,32,1.0109673671758255,32,0.0,0.0,0.0,0.0,32.0,{},0.03818559646606445,1751407004.0114906,2025-07-01T21:56:44.011532
execution_time,RSID,32,128,"[2, 3, 4]",3,1,10000,random,,10000,0.0,0,2.5781555216816583e-10,7.734466563244154e-10,0.003488915099180292,0.002420001692371443,0.08433000039076433,0.0022703761115452463,286622.05057238176,{},31.967996799679984,0,32,1.0109673671758255,32,0.0,0.0,0.0,0.0,32.0,{},0.03490424156188965,1751407004.0476298,2025-07-01T21:56:44.047675
execution_time,RSID,32,256,[2],1,1,10000,random,,10000,0.0,0,8.0546169044387e-10,8.0546169044387e-10,0.002244396949076222,0.0015740006347186863,0.12525000056484714,0.00214348237539431,445553.9829581362,{},63.93599359935997,0,64,2.021934734351651,64,0.0,0.0,0.0,0.0,32.0,{},0.03296375274658203,1751407004.0818887,2025-07-01T21:56:44.081937
execution_time,RSID,32,256,"[2, 3]",2,1,10000,random,,10000,0.0,0,4.02730845221935e-10,8.054616902563339e-10,0.004039903001496462,0.0028719987312797457,0.06624900197493844,0.0018116414370933592,247530.69557105203,{},63.93599359935997,0,64,2.021934734351651,64,0.0,0.0,0.0,0.0,32.0,{},0.03718447685241699,1751407004.1202939,2025-07-01T21:56:44.120338
execution_time,RSID,32,256,"[2, 3, 4]",3,1,10000,random,,10000,0.0,0,2.6848723014795664e-10,8.054616902563339e-10,0.005948537439515622,0.004175999492872506,0.1098060020012781,0.0023898943673886512,168108.54939856075,{},63.93599359935997,0,64,2.021934734351651,64,0.0,0.0,0.0,0.0,32.0,{},0.04308056831359863,1751407004.1646273,2025-07-01T21:56:44.164673
execution_time,RSID,32,512,[2],1,1,10000,random,,10000,0.0,0,8.346891265178928e-10,8.346891265178928e-10,0.0042458638906025655,0.0028129979909863323,2.9791820015816484,0.029897984522397985,235523.32947208107,{},127.87198719871994,0,128,4.043869468703302,128,0.0,0.0,0.0,0.0,32.0,{},0.044877052307128906,1751407004.2471685,2025-07-01T21:56:44.247211
execution_time,RSID,32,512,"[2, 3]",2,1,10000,random,,10000,0.0,0,4.173445632589464e-10,8.346891263235516e-10,0.007898422552119623,0.005565001629292965,0.14985900270403363,0.003892384613884662,126607.55909186444,{},127.87198719871994,0,128,4.043869468703302,128,0.0,0.0,0.0,0.0,32.0,{},0.0523681640625,1751407004.300899,2025-07-01T21:56:44.300943
execution_time,RSID,32,512,"[2, 3, 4]",3,1,10000,random,,10000,0.0,0,2.782297088392976e-10,8.346891263235516e-10,0.012265734665733196,0.008680999599164352,0.1523200007795822,0.003941248325369501,81527.93348723756,{},127.87198719871994,0,128,4.043869468703302,128,0.0,0.0,0.0,0.0,32.0,{},0.06160092353820801,1751407004.3637526,2025-07-01T21:56:44.363794
execution_time,RSID,32,1024,[2],1,1,10000,random,,10000,0.0,0,8.615757613771344e-10,8.615757613771344e-10,0.007992539759143314,0.005630998202832416,0.13451500126393512,0.0031039008311685118,125116.67506639787,{},255.74397439743987,0,256,8.087738937406604,256,0.0,0.0,0.0,0.0,32.0,{},0.05874943733215332,1751407004.423787,2025-07-01T21:56:44.423831
execution_time,RSID,32,1024,"[2, 3]",2,1,10000,random,,10000,0.0,0,4.307878806885672e-10,8.615757611765332e-10,0.0174056717498823,0.012341002729954198,0.24352299806196243,0.0069026604716716684,57452.536987362306,{},255.74397439743987,0,256,8.087738937406604,256,0.0,0.0,0.0,0.0,32.0,{},0.08111405372619629,1751407004.5062122,2025-07-01T21:56:44.506256
execution_time,RSID,32,1024,"[2, 3, 4]",3,1,10000,random,,10000,0.0,0,2.871919204590448e-10,8.615757611765332e-10,0.026484584631612896,0.019289000192657113,0.31508399843005463,0.00807425812727764,37757.813230205094,{},255.74397439743987,0,256,8.087738937406604,256,0.0,0.0,0.0,0.0,32.0,{},0.0978090763092041,1751407004.6360629,2025-07-01T21:56:44.636108
execution_time,RSID,32,2048,[2],1,1,10000,random,,10000,0.0,0,8.864688971214006e-10,8.864688971214006e-10,0.01646285349150642,0.01148899900726974,0.13094000314595178,0.004599903174838655,60742.81111205442,{},511.48794879487974,0,512,16.175477874813208,512,0.0,0.0,0.0,0.0,32.0,{},0.09007978439331055,1751407004.7274187,2025-07-01T21:56:44.727462
execution_time,RSID,32,2048,"[2, 3]",2,1,10000,random,,10000,0.0,0,4.432344485607003e-10,8.864688969150035e-10,0.035944562955494336,0.026272999093635008,0.1981390014407225,0.007499177990390426,27820.619247427632,{},511.48794879487974,0,512,16.175477874813208,512,0.0,0.0,0.0,0.0,32.0,{},0.14040780067443848,1751407004.869156,2025-07-01T21:56:44.869198
execution_time,RSID,32,2048,"[2, 3, 4]",3,1,10000,random,,10000,0.0,0,2.954896323738002e-10,8.864688969150035e-10,0.057884484655000595,0.04380999962450005,0.2869220006687101,0.01243826227699184,17275.786524837113,{},511.48794879487974,0,512,16.175477874813208,512,0.0,0.0,0.0,0.0,32.0,{},0.17621421813964844,1751407005.0466163,2025-07-01T21:56:45.046659
execution_time,RSID,32,4096,[2],1,1,10000,random,,10000,0.0,0,9.096438520607815e-10,9.096438520607815e-10,0.03761779028043971,0.026892001187661663,0.43255499986116774,0.010055497644307096,26583.16696820904,{},1022.9758975897595,0,1024,32.350955749626415,1024,0.0,0.0,0.0,0.0,32.0,{},0.15791034698486328,1751407005.205781,2025-07-01T21:56:45.205823
execution_time,RSID,32,4096,"[2, 3]",2,1,10000,random,,10000,0.0,0,4.5482192603039074e-10,9.096438518489885e-10,0.08323288539188996,0.06317999941529706,1.3459170004352927,0.028534761238832317,12014.481959764404,{},1022.9758975897595,0,1024,32.350955749626415,1024,0.0,0.0,0.0,0.0,32.0,{},0.25914621353149414,1751407005.5005,2025-07-01T21:56:45.500540
execution_time,RSID,32,4096,"[2, 3, 4]",3,1,10000,random,,10000,0.0,0,3.032146173535938e-10,9.096438518489885e-10,0.126480218719295,0.10170200039283372,0.5906879996473435,0.02571225812238434,7906.374689463172,{},1022.9758975897595,0,1024,32.350955749626415,1024,0.0,0.0,0.0,0.0,32.0,{},0.34983277320861816,1751407005.8515496,2025-07-01T21:56:45.851591
execution_time,RSID,32,8192,[2],1,1,10000,random,,10000,0.0,0,9.313225746154785e-10,9.313225746154785e-10,0.08217057795244907,0.06403600127669051,0.3077200017287396,0.0137527804430046,12169.806090188213,{},2045.951795179519,0,2048,64.70191149925283,2048,0.0,0.0,0.0,0.0,32.0,{},0.30675387382507324,1751407006.159594,2025-07-01T21:56:46.159634
execution_time,RSID,32,8192,"[2, 3]",2,1,10000,random,,10000,0.0,0,4.656612873077393e-10,9.313225743986381e-10,0.1705407742898698,0.13832100012223236,0.7036090028122999,0.030253034750823735,5863.700362356103,{},2045.951795179519,0,2048,64.70191149925283,2048,0.0,0.0,0.0,0.0,32.0,{},0.5084333419799805,1751407006.669376,2025-07-01T21:56:46.669420
execution_time,RSID,32,8192,"[2, 3, 4]",3,1,10000,random,,10000,0.0,0,3.104408582051595e-10,9.313225743986381e-10,0.26149095432491215,0.21194600049057044,0.6867650008643977,0.04778780368503986,3824.224063817761,{},2045.951795179519,0,2048,64.70191149925283,2048,0.0,0.0,0.0,0.0,32.0,{},0.6666414737701416,1751407007.337223,2025-07-01T21:56:47.337268
execution_time,RSID,64,8,[2],1,1,10000,random,,10000,0.0,0,1.4013109795377199e-19,1.4013109795377199e-19,0.0009934518635305346,0.000676998752169311,0.6686960005026776,0.007002258144349606,1006591.29718293,{},0.9989998999899995,0,1,0.031592730224244546,1,0.0,0.0,0.0,0.0,64.0,{},0.03275299072265625,1751407007.4112034,2025-07-01T21:56:47.411244
execution_time,RSID,64,8,"[2, 3]",2,1,10000,random,,10000,0.0,0,7.006554897688599e-20,1.4013109795377199e-19,0.0012949643882532145,0.0008729984983801842,0.077860000601504,0.0013888007088444002,772222.0078568386,{},0.9989998999899995,0,1,0.031592730224244546,1,0.0,0.0,0.0,0.0,64.0,{},0.03140759468078613,1751407007.4438305,2025-07-01T21:56:47.443871
execution_time,RSID,64,8,"[2, 3, 4]",3,1,10000,random,,10000,0.0,0,4.671036598459066e-20,1.4013109795377199e-19,0.0015161116060280469,0.0010799994925037026,0.03573499998310581,0.0010156995888151458,659582.0492528443,{},0.9989998999899995,0,1,0.031592730224244546,1,0.0,0.0,0.0,0.0,64.0,{},0.03168344497680664,1751407007.4767442,2025-07-01T21:56:47.476790
execution_time,RSID,64,16,[2],1,1,10000,random,,10000,0.0,0,1.5218701527163642e-19,1.5218701527163642e-19,0.0010373018308586818,0.0006970003596507013,0.09004499952425249,0.0014848692616931621,964039.559413673,{},1.997999799979999,0,2,0.06318546044848909,2,0.0,0.0,0.0,0.0,64.0,{},0.03131508827209473,1751407007.509282,2025-07-01T21:56:47.509325
execution_time,RSID,64,16,"[2, 3]",2,1,10000,random,,10000,0.0,0,7.609350763581821e-20,1.5218701527163642e-19,0.0013733020282914873,0.0008989991329144686,0.027273999876342714,0.0008701475993018689,728171.9384366533,{},1.997999799979999,0,2,0.06318546044848909,2,0.0,0.0,0.0,0.0,64.0,{},0.03176760673522949,1751407007.542241,2025-07-01T21:56:47.542288
execution_time,RSID,64,16,"[2, 3, 4]",3,1,10000,random,,10000,0.0,0,5.072900509054547e-20,1.5218701527163642e-19,0.0014744311191097783,0.0011120027920696884,1.5521290006290656,0.01552689162639377,678227.6818762297,{},1.997999799979999,0,2,0.06318546044848909,2,0.0,0.0,0.0,0.0,64.0,{},0.0339813232421875,1751407007.6127632,2025-07-01T21:56:47.612802
execution_time,RSID,64,32,[2],1,1,10000,random,,10000,0.0,0,1.6263032587282567e-19,1.6263032587282567e-19,0.001076401435047409,0.0007359994924627244,0.04538600114756264,0.0009720572724257691,929021.4295895621,{},3.995999599959998,0,4,0.12637092089697818,4,0.0,0.0,0.0,0.0,64.0,{},0.031055450439453125,1751407007.6450183,2025-07-01T21:56:47.645062
execution_time,RSID,64,32,"[2, 3]",2,1,10000,random,,10000,0.0,0,8.131516293641283e-20,1.6263032587282567e-19,0.0014687036604984747,0.0009800023690331727,0.29661400185432285,0.0032094550746528845,680872.5455621199,{},3.995999599959998,0,4,0.12637092089697818,4,0.0,0.0,0.0,0.0,64.0,{},0.03151893615722656,1751407007.6777244,2025-07-01T21:56:47.677769
execution_time,RSID,64,32,"[2, 3, 4]",3,1,10000,random,,10000,0.0,0,5.421010862427522e-20,1.6263032587282567e-19,0.0018655917770821894,0.0012300006346777081,0.10456000018166378,0.0018043268345929188,536022.945793647,{},3.995999599959998,0,4,0.12637092089697818,4,0.0,0.0,0.0,0.0,64.0,{},0.03161025047302246,1751407007.7105825,2025-07-01T21:56:47.710628
execution_time,RSID,64,64,[2],1,1,10000,random,,10000,0.0,0,1.7184197865899353e-19,1.7184197865899353e-19,0.0011909711137002758,0.0008040005923248827,0.1715359976515174,0.002048439803893991,839650.9272950038,{},7.991999199919996,0,8,0.25274184179395637,8,0.0,0.0,0.0,0.0,64.0,{},0.032065629959106445,1751407007.743867,2025-07-01T21:56:47.743913
execution_time,RSID,64,64,"[2, 3]",2,1,10000,random,,10000,0.0,0,8.592098932949677e-20,1.7184197865899353e-19,0.0013621246241985125,0.0011060001270379871,0.08175100083462894,0.0011147730839294943,734147.215485815,{},7.991999199919996,0,8,0.25274184179395637,8,0.0,0.0,0.0,0.0,64.0,{},0.03350543975830078,1751407007.8101997,2025-07-01T21:56:47.810242
execution_time,RSID,64,64,"[2, 3, 4]",3,1,10000,random,,10000,0.0,0,5.728065955299785e-20,1.7184197865899353e-19,0.0019734984700803806,0.0013970020518172532,0.10870199912460521,0.001413635603514036,506714.3527905902,{},7.991999199919996,0,8,0.25274184179395637,8,0.0,0.0,0.0,0.0,64.0,{},0.03211069107055664,1751407007.8435042,2025-07-01T21:56:47.843545
execution_time,RSID,64,128,[2],1,1,10000,random,,10000,0.0,0,1.8008208286587555e-19,1.8008208286587555e-19,0.001380706847270005,0.0009210016287397593,0.05765999958384782,0.0009948819777657223,724266.7058378428,{},15.983998399839992,0,16,0.5054836835879127,16,0.0,0.0,0.0,0.0,64.0,{},0.03127264976501465,1751407007.876036,2025-07-01T21:56:47.876076
execution_time,RSID,64,128,"[2, 3]",2,1,10000,random,,10000,0.0,0,9.004104143293777e-20,1.8008208286587555e-19,0.0019517551006563501,0.001396001607645303,0.13475900050252676,0.0022552389572043485,512359.36294656683,{},15.983998399839992,0,16,0.5054836835879127,16,0.0,0.0,0.0,0.0,64.0,{},0.0323638916015625,1751407007.9096072,2025-07-01T21:56:47.909646
execution_time,RSID,64,128,"[2, 3, 4]",3,1,10000,random,,10000,0.0,0,6.002736095529185e-20,1.8008208286587555e-19,0.0026903364079920006,0.001901000359794125,0.06685699918307364,0.0014564067678992227,371700.7274738459,{},15.983998399839992,0,16,0.5054836835879127,16,0.0,0.0,0.0,0.0,64.0,{},0.032695770263671875,1751407007.9434967,2025-07-01T21:56:47.943535
execution_time,RSID,64,256,[2],1,1,10000,random,,10000,0.0,0,1.8753616382458014e-19,1.8753616382458014e-19,0.0020272642032581694,0.001219999830937013,3.2411819993285462,0.0324267486850931,493275.6166625073,{},31.967996799679984,0,32,1.0109673671758255,32,0.0,0.0,0.0,0.0,64.0,{},0.03562045097351074,1751407008.0116224,2025-07-01T21:56:48.011665
execution_time,RSID,64,256,"[2, 3]",2,1,10000,random,,10000,0.0,0,9.376808191229007e-20,1.8753616382458014e-19,0.0028392287244966155,0.0020510015019681305,0.049563001084607095,0.0014009573658531633,352208.32734329853,{},31.967996799679984,0,32,1.0109673671758255,32,0.0,0.0,0.0,0.0,64.0,{},0.03274965286254883,1751407008.045685,2025-07-01T21:56:48.045731
execution_time,RSID,64,256,"[2, 3, 4]",3,1,10000,random,,10000,0.0,0,6.251205460819338e-20,1.8753616382458014e-19,0.004167932684363245,0.0030139999580569565,0.18537100186222233,0.003003574675582113,239927.0995310652,{},31.967996799679984,0,32,1.0109673671758255,32,0.0,0.0,0.0,0.0,64.0,{},0.034439802169799805,1751407008.081493,2025-07-01T21:56:48.081533
execution_time,RSID,64,512,[2],1,1,10000,random,,10000,0.0,0,1.943412065780472e-19,1.943412065780472e-19,0.002630856774850596,0.0017860002117231488,0.1634699983696919,0.0025598811114313368,380104.3103369962,{},63.93599359935997,0,64,2.021934734351651,64,0.0,0.0,0.0,0.0,64.0,{},0.03474164009094238,1751407008.117469,2025-07-01T21:56:48.117511
execution_time,RSID,64,512,"[2, 3]",2,1,10000,random,,10000,0.0,0,9.71706032890236e-20,1.943412065780472e-19,0.004982450042166981,0.0035570010368246585,0.6054420009604655,0.0065127700612628665,200704.47100059176,{},63.93599359935997,0,64,2.021934734351651,64,0.0,0.0,0.0,0.0,64.0,{},0.03665614128112793,1751407008.1553776,2025-07-01T21:56:48.155418
execution_time,RSID,64,512,"[2, 3, 4]",3,1,10000,random,,10000,0.0,0,6.47804021926824e-20,1.943412065780472e-19,0.008449424949592875,0.005571000656345859,5.958408997685183,0.06432523716877123,118351.24945966693,{},63.93599359935997,0,64,2.021934734351651,64,0.0,0.0,0.0,0.0,64.0,{},0.05005598068237305,1751407008.2415977,2025-07-01T21:56:48.241644
execution_time,RSID,64,1024,[2],1,1,10000,random,,10000,0.0,0,2.00601239078011e-19,2.00601239078011e-19,0.0049662218482506675,0.0033389987947884947,0.06902799941599369,0.0024123403527269,201360.31586108988,{},127.87198719871994,0,128,4.043869468703302,128,0.0,0.0,0.0,0.0,64.0,{},0.03984546661376953,1751407008.2827249,2025-07-01T21:56:48.282769
execution_time,RSID,64,1024,"[2, 3]",2,1,10000,random,,10000,0.0,0,1.003006195390055e-19,2.00601239078011e-19,0.010604025489494864,0.007549002475570887,0.13423799828160554,0.003920854147489175,94303.80952881284,{},127.87198719871994,0,128,4.043869468703302,128,0.0,0.0,0.0,0.0,64.0,{},0.05903005599975586,1751407008.3429987,2025-07-01T21:56:48.343040
execution_time,RSID,64,1024,"[2, 3, 4]",3,1,10000,random,,10000,0.0,0,6.686707969267033e-20,2.00601239078011e-19,0.017336830572349124,0.013075001334073022,0.3385499985597562,0.00780293126955734,57680.6698217909,{},127.87198719871994,0,128,4.043869468703302,128,0.0,0.0,0.0,0.0,64.0,{},0.07112836837768555,1751407008.415378,2025-07-01T21:56:48.415417
execution_time,RSID,64,2048,[2],1,1,10000,random,,10000,0.0,0,2.0639712389591164e-19,2.0639712389591164e-19,0.010561231840730444,0.007500999345211312,0.13258499893709086,0.004204296137764224,94685.92443387146,{},255.74397439743987,0,256,8.087738937406604,256,0.0,0.0,0.0,0.0,64.0,{},0.061369895935058594,1751407008.4780152,2025-07-01T21:56:48.478058
execution_time,RSID,64,2048,"[2, 3]",2,1,10000,random,,10000,0.0,0,1.0319856194795582e-19,2.0639712389591164e-19,0.025642192911733957,0.01902399890241213,4.4527079990075435,0.046917100327813356,38998.22466207235,{},255.74397439743987,0,256,8.087738937406604,256,0.0,0.0,0.0,0.0,64.0,{},0.10245561599731445,1751407008.611734,2025-07-01T21:56:48.611776
execution_time,RSID,64,2048,"[2, 3, 4]",3,1,10000,random,,10000,0.0,0,6.879904129863721e-20,2.0639712389591164e-19,0.040791086108719,0.03227699926355854,1.2686739974014927,0.016866238925078974,24515.15993800058,{},255.74397439743987,0,256,8.087738937406604,256,0.0,0.0,0.0,0.0,64.0,{},0.1280505657196045,1751407008.741024,2025-07-01T21:56:48.741066
execution_time,RSID,64,4096,[2],1,1,10000,random,,10000,0.0,0,2.1179296357109712e-19,2.1179296357109712e-19,0.026668707766137834,0.02002899782382883,0.17389200002071448,0.00740878556063058,37497.12992354785,{},511.48794879487974,0,512,16.175477874813208,512,0.0,0.0,0.0,0.0,64.0,{},0.11589193344116211,1751407008.8581076,2025-07-01T21:56:48.858150
execution_time,RSID,64,4096,"[2, 3]",2,1,10000,random,,10000,0.0,0,1.0589648178554856e-19,2.1179296357109712e-19,0.05973483928704622,0.04755700138048269,0.23906199930934235,0.015487480186604362,16740.649375394816,{},511.48794879487974,0,512,16.175477874813208,512,0.0,0.0,0.0,0.0,64.0,{},0.17541217803955078,1751407009.0347855,2025-07-01T21:56:49.034824
execution_time,RSID,64,4096,"[2, 3, 4]",3,1,10000,random,,10000,0.0,0,7.059765452369904e-20,2.1179296357109712e-19,0.08988421003142166,0.0723329976608511,0.5779250022897031,0.02229632640915907,11125.424584033399,{},511.48794879487974,0,512,16.175477874813208,512,0.0,0.0,0.0,0.0,64.0,{},0.2419424057006836,1751407009.2779524,2025-07-01T21:56:49.277995
execution_time,RSID,64,8192,[2],1,1,10000,random,,10000,0.0,0,2.168404344971009e-19,2.168404344971009e-19,0.062155853390462396,0.050151000323239714,0.8689910027896985,0.01656601418786728,16088.589335553175,{},1022.9758975897595,0,1024,32.350955749626415,1024,0.0,0.0,0.0,0.0,64.0,{},0.21712040901184082,1751407009.5297127,2025-07-01T21:56:49.529754
execution_time,RSID,64,8192,"[2, 3]",2,1,10000,random,,10000,0.0,0,1.0842021724855044e-19,2.168404344971009e-19,0.13114606959975045,0.10126400229637511,0.6095120006648358,0.034544150215319196,7625.0855481368,{},1022.9758975897595,0,1024,32.350955749626415,1024,0.0,0.0,0.0,0.0,64.0,{},0.3495151996612549,1751407009.8804758,2025-07-01T21:56:49.880518
execution_time,RSID,64,8192,"[2, 3, 4]",3,1,10000,random,,10000,0.0,0,7.228014483236696e-20,2.168404344971009e-19,0.1903360371923625,0.1555439994262997,1.1976819987467024,0.0437786326898208,5253.865819373728,{},1022.9758975897595,0,1024,32.350955749626415,1024,0.0,0.0,0.0,0.0,64.0,{},0.4738907814025879,1751407010.3555877,2025-07-01T21:56:50.355629
execution_time,SHA1ID,8,4,[2],1,1,10000,random,,10000,0.0038003800380038005,38,0.009070031620653759,0.009070031620653759,0.0013063527387226898,0.0008560018613934517,0.09715199848869815,0.0011060540716576423,765490.0321775023,{},3.9797979797979797,0,4,0.1787823277882289,4,4.0,4.0,4.0,0.0,8.0,{},0.03054976463317871,1751407010.3874114,2025-07-01T21:56:50.387457
execution_time,SHA1ID,8,8,[2],1,1,10000,random,,10000,0.0031003100310031005,31,0.010097509768442016,0.010097509768442016,0.0013807621897360886,0.0008859969966579229,0.07429700053762645,0.0011725308256277263,724237.6764322715,{},7.957795779577958,0,8,0.3129389087789462,8,7.967741935483871,7.0,8.0,0.17668469596940845,8.0,{},0.03063821792602539,1751407010.419228,2025-07-01T21:56:50.419269
execution_time,SHA1ID,8,16,[2],1,1,10000,random,,10000,0.004000400040004,40,0.010966230164287516,0.010966230164287516,0.00118331893726744,0.0009190007403958589,0.0911979986994993,0.0016352986682071672,845080.7035246422,{},15.918391839183915,0,16,0.564317152008164,16,15.95,15.0,16.0,0.21794494717703367,8.0,{},0.03293657302856445,1751407010.4862406,2025-07-01T21:56:50.486289
execution_time,SHA1ID,8,32,[2],1,1,10000,random,,10000,0.0039003900390039005,39,0.01171875,0.01171875,0.0014835641755836701,0.0009799987310543656,0.12494799739215523,0.0020166096424451586,674052.4046467863,{},31.850385038503862,0,32,1.0634842224969834,32,31.871794871794872,31.0,32.0,0.3343180720616743,8.0,{},0.032140493392944336,1751407010.5195692,2025-07-01T21:56:50.519611
execution_time,SHA1ID,8,64,[2],1,1,10000,random,,10000,0.004000400040004,40,0.012382519536884032,0.012382519536884032,0.0018362019335997446,0.0013169992598704994,0.1096539999707602,0.0018412258678445472,544602.410933949,{},63.6885688568857,0,64,2.0736794109098717,64,63.925,63.0,64.0,0.26339134382131846,8.0,{},0.03217577934265137,1751407010.552968,2025-07-01T21:56:50.553016
execution_time,SHA1ID,8,128,[2],1,1,10000,random,,10000,0.004100410041004101,41,0.012976281620653759,0.012976281620653759,0.002592867171152098,0.001758002326823771,0.07665500015718862,0.001641133269395047,385673.4394749833,{},127.37503750375035,0,128,4.088434967016422,128,127.60975609756098,126.0,128.0,0.53547557073415,8.0,{},0.03553199768066406,1751407010.5896604,2025-07-01T21:56:50.589706
execution_time,SHA1ID,8,256,[2],1,1,10000,random,,10000,0.0049004900490049,49,0.013513404760301943,0.013513404760301943,0.0037896060766748627,0.0026599991542752832,0.06898500214447267,0.002034904136209658,263879.6697511727,{},254.74907490749084,0,256,8.119774599802204,256,255.0,252.0,256.0,1.0101525445522108,8.0,{},0.037101030349731445,1751407010.6279676,2025-07-01T21:56:50.628014
execution_time,SHA1ID,8,512,[2],1,1,10000,random,,10000,0.004100410041004101,41,0.014003759768442016,0.014003759768442016,0.006531112715890543,0.004423000063979998,0.2063450010609813,0.003625525110224801,153113.26622291282,{},509.4864486448646,0,512,16.174957893599437,512,509.9512195121951,507.0,512.0,1.3784264537507114,8.0,{},0.057770490646362305,1751407010.7179549,2025-07-01T21:56:50.718000
execution_time,SHA1ID,8,1024,[2],1,1,10000,random,,10000,0.0029002900290029,29,0.014454842648988641,0.014454842648988641,0.012346612559128734,0.008202001481549814,0.21474000095622614,0.006488433044286255,80993.87546267729,{},1018.986298629863,0,1024,32.28566767172633,1024,1020.1724137931035,1015.0,1023.0,2.0011887073857806,8.0,{},0.08491086959838867,1751407010.8040857,2025-07-01T21:56:50.804143
execution_time,SHA1ID,8,2048,[2],1,1,10000,random,,10000,0.0033003300330033004,33,0.014872480164287516,0.014872480164287516,0.0234182849130379,0.015623998478986323,0.23354299992206506,0.008533467285854553,42701.67536663882,{},2037.9360936093617,0,2048,64.51121993646866,2048,2038.878787878788,2032.0,2044.0,3.002600648100625,8.0,{},0.15618658065795898,1751407010.9615114,2025-07-01T21:56:50.961559
execution_time,SHA1ID,8,4096,[2],1,1,10000,random,,10000,0.004300430043004301,43,0.015261291389095776,0.015261291389095776,0.04645863711591297,0.03177599865011871,0.20503300038399175,0.01538795460751587,21524.52293219512,{},4075.946694669467,0,4092,128.96068906799255,4096,4079.953488372093,4070.0,4090.0,3.9529411385971374,8.0,{},0.2621955871582031,1751407011.22496,2025-07-01T21:56:51.225010
execution_time,SHA1ID,8,8192,[2],1,1,10000,random,,10000,0.005200520052005201,52,0.015625,0.015625,0.08575431662286599,0.0601760002609808,0.34307500027352944,0.024893138981234915,11661.220558701934,{},8151.781878187819,0,8182,257.8569319020557,8192,8159.442307692308,8145.0,8169.0,5.506686360648862,8.0,{},0.49240708351135254,1751407011.7186782,2025-07-01T21:56:51.718725
execution_time,SHA1ID,8,16384,[2],1,1,10000,random,,10000,0.0038003800380038005,38,0.015966651723634137,0.015966651723634137,0.1698873634515191,0.1212699971802067,2.874605001125019,0.0584424877302749,5886.252983644488,{},16303.726372637264,0,16347,515.656563969986,16384,16320.263157894737,16305.0,16335.0,7.792318115082842,8.0,{},0.9004025459289551,1751407012.6580877,2025-07-01T21:56:52.658147
execution_time,SHA1ID,8,32768,[2],1,1,10000,random,,10000,0.0024002400240024004,24,0.016288769536884032,0.016288769536884032,0.33481346702975634,0.2387710010225419,2.4595469985797536,0.0965305400393204,2986.7376867225166,{},32607.22462246224,0,32680,1031.2436062348977,32768,32643.0,32621.0,32666.0,11.045361017187261,8.0,{},1.6507866382598877,1751407014.3101733,2025-07-01T21:56:54.310228
execution_time,SHA1ID,8,65536,[2],1,1,10000,random,,10000,0.0031003100310031005,31,0.016593466849389005,0.016593466849389005,0.6683741468799962,0.48107900147442706,3.5555989998101722,0.19382117531748486,1496.1679841568525,{},65214.92739273927,0,65337,2062.4400611064366,65536,65279.3870967742,65228.0,65328.0,20.28932250471445,8.0,{},3.3269729614257812,1751407017.6384094,2025-07-01T21:56:57.638464
execution_time,SHA1ID,16,4,[2],1,1,10000,random,,10000,0.0,0,3.5429811018178744e-05,3.5429811018178744e-05,0.0012893166402716692,0.0008649985829833895,0.12876499749836512,0.0022692106848451275,775604.664335436,{},1.997999799979999,0,2,0.06318546044848909,2,0.0,0.0,0.0,0.0,16.0,{},0.0343477725982666,1751407017.674045,2025-07-01T21:56:57.674091
execution_time,SHA1ID,16,8,[2],1,1,10000,random,,10000,0.0,0,3.9443397532976625e-05,3.9443397532976625e-05,0.0013432931299044723,0.0008759998308960348,0.12867400073446333,0.001421437530928663,744439.1531066004,{},3.995999599959998,0,4,0.12637092089697818,4,0.0,0.0,0.0,0.0,16.0,{},0.031018495559692383,1751407017.7063024,2025-07-01T21:56:57.706340
execution_time,SHA1ID,16,16,[2],1,1,10000,random,,10000,0.0,0,4.283683657924811e-05,4.283683657924811e-05,0.0014239940128368286,0.0008999995770864189,0.08722200072952546,0.0022092934297514013,702250.1435998573,{},7.991999199919996,0,8,0.25274184179395637,8,0.0,0.0,0.0,0.0,16.0,{},0.032759904861450195,1751407017.7771454,2025-07-01T21:56:57.777185
execution_time,SHA1ID,16,32,[2],1,1,10000,random,,10000,0.00010001000100010001,1,4.57763671875e-05,4.57763671875e-05,0.001746304325380278,0.0009469986252952367,1.0297910012013745,0.010694879217274685,572637.8761515341,{},15.983698369836992,0,16,0.505770505165894,16,16.0,16.0,16.0,0.0,16.0,{},0.032068490982055664,1751407017.8104715,2025-07-01T21:56:57.810516
execution_time,SHA1ID,16,64,[2],1,1,10000,random,,10000,0.0,0,4.836921694095325e-05,4.836921694095325e-05,0.001752535736652184,0.0012570017133839428,0.03708399890456349,0.0011330961228182316,570601.7738104843,{},31.967796779677986,0,32,1.0110598437951903,32,0.0,0.0,0.0,0.0,16.0,{},0.031794071197509766,1751407017.8434079,2025-07-01T21:56:57.843450
execution_time,SHA1ID,16,128,[2],1,1,10000,random,,10000,0.0,0,5.0688600080678744e-05,5.0688600080678744e-05,0.002256247631385654,0.0016129997675307095,0.16644200150039978,0.002700855373029046,443213.76168530714,{},63.93479347934796,0,64,2.0221928874327983,64,0.0,0.0,0.0,0.0,16.0,{},0.03264808654785156,1751407017.8772724,2025-07-01T21:56:57.877316
execution_time,SHA1ID,16,256,[2],1,1,10000,random,,10000,0.0,0,5.278673734492946e-05,5.278673734492946e-05,0.003274791286739702,0.0023799984774086624,0.28670599931501783,0.003481136610091384,305362.972000446,{},127.87048704870482,0,128,4.044007046234647,128,0.0,0.0,0.0,0.0,16.0,{},0.035852670669555664,1751407017.9143155,2025-07-01T21:56:57.914361
execution_time,SHA1ID,16,512,[2],1,1,10000,random,,10000,0.0,0,5.4702186595476625e-05,5.4702186595476625e-05,0.005108757178997784,0.0038139987736940384,0.8210760024667252,0.00897778307514472,195742.32341889778,{},255.74007400740075,0,256,8.087855538544328,256,0.0,0.0,0.0,0.0,16.0,{},0.04735755920410156,1751407017.994912,2025-07-01T21:56:57.994959
execution_time,SHA1ID,16,1024,[2],1,1,10000,random,,10000,0.00010001000100010001,1,5.646422909761188e-05,5.646422909761188e-05,0.009257428619676888,0.006824000593042001,0.09691299783298746,0.0028365894930231206,108021.35680252245,{},511.4799479947994,0,512,16.17546994343154,512,512.0,512.0,512.0,0.0,16.0,{},0.06851983070373535,1751407018.0646777,2025-07-01T21:56:58.064718
execution_time,SHA1ID,16,2048,[2],1,1,10000,random,,10000,0.0,0,5.809562564174811e-05,5.809562564174811e-05,0.018042700488784605,0.013119002687744796,3.726087001268752,0.03890275908698792,55424.075826210326,{},1022.9606960696066,0,1024,32.35071541965723,1024,0.0,0.0,0.0,0.0,16.0,{},0.10727119445800781,1751407018.1731508,2025-07-01T21:56:58.173194
execution_time,SHA1ID,16,4096,[2],1,1,10000,random,,10000,0.00010001000100010001,1,5.9614419488655376e-05,5.9614419488655376e-05,0.03484906351573524,0.025429999368498102,0.25286800155299716,0.010165355558944707,28695.175683802077,{},2045.9189918991895,0,2048,64.70112985623483,2048,2048.0,2048.0,2048.0,0.0,16.0,{},0.1821897029876709,1751407018.356522,2025-07-01T21:56:58.356569
execution_time,SHA1ID,16,8192,[2],1,1,10000,random,,10000,0.0,0,6.103515625e-05,6.103515625e-05,0.06827641771443996,0.04991399691789411,2.772774998447858,0.038372410527064145,14646.34545096392,{},4091.839783978398,0,4096,129.40206197983704,4096,0.0,0.0,0.0,0.0,16.0,{},0.3466036319732666,1751407018.7043269,2025-07-01T21:56:58.704369
execution_time,SHA1ID,16,16384,[2],1,1,10000,random,,10000,0.0,0,6.236973329544585e-05,6.236973329544585e-05,0.13774127641654965,0.09906199920806102,1.3368910003919154,0.03956115233765938,7259.987899167237,{},8183.680568056807,0,8192,258.8038854616768,8192,0.0,0.0,0.0,0.0,16.0,{},0.61183762550354,1751407019.3592873,2025-07-01T21:56:59.359331
execution_time,SHA1ID,16,32768,[2],1,1,10000,random,,10000,0.00010001000100010001,1,6.362800600345325e-05,6.362800600345325e-05,0.27775718744171995,0.2007000002777204,1.1379719981050584,0.07178053664192569,3600.266870537144,{},16367.35503550355,0,16384,517.6073438292492,16384,16384.0,16384.0,16384.0,0.0,16.0,{},1.1761045455932617,1751407020.536669,2025-07-01T21:57:00.536712
execution_time,SHA1ID,16,65536,[2],1,1,10000,random,,10000,0.0,0,6.48182298804258e-05,6.48182298804258e-05,0.5555447372468145,0.4008819996670354,2.309799998329254,0.12353783513729989,1800.0350520028871,{},32734.726472647264,0,32768,1035.2149412106887,32768,0.0,0.0,0.0,0.0,16.0,{},2.3354573249816895,1751407022.8733253,2025-07-01T21:57:02.873372
execution_time,SHA1ID,32,4,[2],1,1,10000,random,,10000,0.0,0,5.406160128506278e-10,5.406160128506278e-10,0.0011893025322900208,0.0008700008038431406,0.9049199979926925,0.009129535516096758,840828.9504559317,{},0.9989998999899995,0,1,0.031592730224244546,1,0.0,0.0,0.0,0.0,32.0,{},0.033957719802856445,1751407022.9086003,2025-07-01T21:57:02.908644
execution_time,SHA1ID,32,8,[2],1,1,10000,random,,10000,0.0,0,6.018584828640232e-10,6.018584828640232e-10,0.0013274099476504732,0.0008899987733457237,0.17108100291807204,0.0020139878484984187,753346.772615354,{},1.997999799979999,0,2,0.06318546044848909,2,0.0,0.0,0.0,0.0,32.0,{},0.03206896781921387,1751407022.9419274,2025-07-01T21:57:02.941968
execution_time,SHA1ID,32,16,[2],1,1,10000,random,,10000,0.0,0,6.53638253467531e-10,6.53638253467531e-10,0.0014041471364274558,0.0009020004654303193,2.994946000399068,0.029920945727860738,712176.0776041466,{},3.995999599959998,0,4,0.12637092089697818,4,0.0,0.0,0.0,0.0,32.0,{},0.03222155570983887,1751407023.0127363,2025-07-01T21:57:03.012780
execution_time,SHA1ID,32,32,[2],1,1,10000,random,,10000,0.0,0,6.984919309616089e-10,6.984919309616089e-10,0.0016077746716242742,0.0009089999366551638,0.770254002418369,0.00916738336541491,621977.7047425045,{},7.991999199919996,0,8,0.25274184179395637,8,0.0,0.0,0.0,0.0,32.0,{},0.03175187110900879,1751407023.0456865,2025-07-01T21:57:03.045731
execution_time,SHA1ID,32,64,[2],1,1,10000,random,,10000,0.0,0,7.380556784203071e-10,7.380556784203071e-10,0.0017409276961411729,0.001224001607624814,0.22317699767882004,0.0027400780097794107,574406.3939108643,{},15.983998399839992,0,16,0.5054836835879127,16,0.0,0.0,0.0,0.0,32.0,{},0.032219886779785156,1751407023.0790937,2025-07-01T21:57:03.079137
execution_time,SHA1ID,32,128,[2],1,1,10000,random,,10000,0.0,0,7.734466565044974e-10,7.734466565044974e-10,0.002109091609486193,0.00159599949256517,0.1619180002307985,0.002009025614658569,474137.7735809282,{},31.967996799679984,0,32,1.0109673671758255,32,0.0,0.0,0.0,0.0,32.0,{},0.03229379653930664,1751407023.1126654,2025-07-01T21:57:03.112708
execution_time,SHA1ID,32,256,[2],1,1,10000,random,,10000,0.0,0,8.0546169044387e-10,8.0546169044387e-10,0.003212087031628535,0.0023319989850278944,0.8546579992980696,0.00878721407953306,311324.0675465129,{},63.93599359935997,0,64,2.021934734351651,64,0.0,0.0,0.0,0.0,32.0,{},0.03433394432067871,1751407023.148251,2025-07-01T21:57:03.148294
execution_time,SHA1ID,32,512,[2],1,1,10000,random,,10000,0.0,0,8.346891265178928e-10,8.346891265178928e-10,0.00612303279901969,0.003679000656120479,4.88031500208308,0.0727372012791042,163317.75981342155,{},127.87198719871994,0,128,4.043869468703302,128,0.0,0.0,0.0,0.0,32.0,{},0.04938220977783203,1751407023.23556,2025-07-01T21:57:03.235607
execution_time,SHA1ID,32,1024,[2],1,1,10000,random,,10000,0.0,0,8.615757613771344e-10,8.615757613771344e-10,0.008811410719185266,0.006319001840893179,0.10246899910271168,0.0027681723989731863,113489.20528953207,{},255.74397439743987,0,256,8.087738937406604,256,0.0,0.0,0.0,0.0,32.0,{},0.05765366554260254,1751407023.2945313,2025-07-01T21:57:03.294580
execution_time,SHA1ID,32,2048,[2],1,1,10000,random,,10000,0.0,0,8.864688971214006e-10,8.864688971214006e-10,0.016992051525651933,0.011520001862663776,1.4633910031989217,0.01965418726649414,58851.04564862912,{},511.48794879487974,0,512,16.175477874813208,512,0.0,0.0,0.0,0.0,32.0,{},0.08288240432739258,1751407023.3786747,2025-07-01T21:57:03.378716
execution_time,SHA1ID,32,4096,[2],1,1,10000,random,,10000,0.0,0,9.096438520607815e-10,9.096438520607815e-10,0.03241774778058525,0.02380000296398066,0.14100699991104193,0.00649277124237121,30847.30027416934,{},1022.9758975897595,0,1024,32.350955749626415,1024,0.0,0.0,0.0,0.0,32.0,{},0.14612913131713867,1751407023.5261195,2025-07-01T21:57:03.526162
execution_time,SHA1ID,32,8192,[2],1,1,10000,random,,10000,0.0,0,9.313225746154785e-10,9.313225746154785e-10,0.06409936163012801,0.04843799979425967,0.8944329965743236,0.01585559119615154,15600.779392629389,{},2045.951795179519,0,2048,64.70191149925283,2048,0.0,0.0,0.0,0.0,32.0,{},0.2613980770111084,1751407023.788862,2025-07-01T21:57:03.788904
execution_time,SHA1ID,32,16384,[2],1,1,10000,random,,10000,0.0,0,9.516866042395912e-10,9.516866042395912e-10,0.12476634146107167,0.09674900138634257,1.9598239996412303,0.024792172770530196,8014.9821521536705,{},4091.903590359038,0,4096,129.40382299850566,4096,0.0,0.0,0.0,0.0,32.0,{},0.49791836738586426,1751407024.3203287,2025-07-01T21:57:04.320368
execution_time,SHA1ID,64,8,[2],1,1,10000,random,,10000,0.0,0,1.4013109795377199e-19,1.4013109795377199e-19,0.0014640526030107763,0.0008859969966579229,0.046024000766919926,0.001167366045157323,683035.5671261625,{},0.9989998999899995,0,1,0.031592730224244546,1,0.0,0.0,0.0,0.0,64.0,{},0.03297877311706543,1751407024.3547776,2025-07-01T21:57:04.354826
execution_time,SHA1ID,64,16,[2],1,1,10000,random,,10000,0.0,0,1.5218701527163642e-19,1.5218701527163642e-19,0.0014613335338447106,0.0008979986887425184,0.10607900185277686,0.0020539952427575826,684306.475448517,{},1.997999799979999,0,2,0.06318546044848909,2,0.0,0.0,0.0,0.0,64.0,{},0.031442880630493164,1751407024.3874063,2025-07-01T21:57:04.387452
execution_time,SHA1ID,64,32,[2],1,1,10000,random,,10000,0.0,0,1.6263032587282567e-19,1.6263032587282567e-19,0.0015478169558937839,0.0009409995982423425,0.11746999734896235,0.0017016292495669815,646071.2270867662,{},3.995999599959998,0,4,0.12637092089697818,4,0.0,0.0,0.0,0.0,64.0,{},0.03167223930358887,1751407024.4203377,2025-07-01T21:57:04.420384
execution_time,SHA1ID,64,64,[2],1,1,10000,random,,10000,0.0,0,1.7184197865899353e-19,1.7184197865899353e-19,0.0018557264612192813,0.0011890006135217845,0.9327099978690967,0.010197544700791317,538872.5229164232,{},7.991999199919996,0,8,0.25274184179395637,8,0.0,0.0,0.0,0.0,64.0,{},0.03172159194946289,1751407024.4532676,2025-07-01T21:57:04.453308
execution_time,SHA1ID,64,128,[2],1,1,10000,random,,10000,0.0,0,1.8008208286587555e-19,1.8008208286587555e-19,0.0020881768111107404,0.0015240002539940178,2.0340480004961137,0.022402889723768377,478886.65111077507,{},15.983998399839992,0,16,0.5054836835879127,16,0.0,0.0,0.0,0.0,64.0,{},0.03638458251953125,1751407024.5278783,2025-07-01T21:57:04.527917
execution_time,SHA1ID,64,256,[2],1,1,10000,random,,10000,0.0,0,1.8753616382458014e-19,1.8753616382458014e-19,0.002814496146605918,0.0021559972083196044,2.5097369980358053,0.02518223871105289,355303.3821723042,{},31.967996799679984,0,32,1.0109673671758255,32,0.0,0.0,0.0,0.0,64.0,{},0.03531360626220703,1751407024.5644782,2025-07-01T21:57:04.564525
execution_time,SHA1ID,64,512,[2],1,1,10000,random,,10000,0.0,0,1.943412065780472e-19,1.943412065780472e-19,0.004463909684691649,0.003225999535061419,0.24382500123465434,0.004248205345948553,224018.86925028064,{},63.93599359935997,0,64,2.021934734351651,64,0.0,0.0,0.0,0.0,64.0,{},0.035836219787597656,1751407024.6015427,2025-07-01T21:57:04.601585
execution_time,SHA1ID,64,1024,[2],1,1,10000,random,,10000,0.0,0,2.00601239078011e-19,2.00601239078011e-19,0.007833131143231538,0.0053440016927197576,0.10083400047733448,0.0022247181109302377,127662.86963854567,{},127.87198719871994,0,128,4.043869468703302,128,0.0,0.0,0.0,0.0,64.0,{},0.04465651512145996,1751407024.6474476,2025-07-01T21:57:04.647488
execution_time,SHA1ID,64,2048,[2],1,1,10000,random,,10000,0.0,0,2.0639712389591164e-19,2.0639712389591164e-19,0.014052310020112075,0.00979100150289014,0.1357830005872529,0.0033145163598678005,71162.67706653004,{},255.74397439743987,0,256,8.087738937406604,256,0.0,0.0,0.0,0.0,64.0,{},0.06645822525024414,1751407024.7151659,2025-07-01T21:57:04.715204
execution_time,SHA1ID,64,4096,[2],1,1,10000,random,,10000,0.0,0,2.1179296357109712e-19,2.1179296357109712e-19,0.028702351155228796,0.018438000552123412,4.776459998538485,0.08051146426066513,34840.35139113776,{},511.48794879487974,0,512,16.175477874813208,512,0.0,0.0,0.0,0.0,64.0,{},0.11572265625,1751407024.8644311,2025-07-01T21:57:04.864471
execution_time,SHA1ID,64,8192,[2],1,1,10000,random,,10000,0.0,0,2.168404344971009e-19,2.168404344971009e-19,0.05296618363234144,0.03568600004655309,0.3771029987547081,0.009250686873999799,18879.970793089095,{},1022.9758975897595,0,1024,32.350955749626415,1024,0.0,0.0,0.0,0.0,64.0,{},0.18830299377441406,1751407025.0539584,2025-07-01T21:57:05.053997
execution_time,SHA1ID,64,16384,[2],1,1,10000,random,,10000,0.0,0,2.215818046218695e-19,2.215818046218695e-19,0.10392499008621747,0.07596799696329981,0.3052000029128976,0.014356162465432048,9622.324709104014,{},2045.951795179519,0,2048,64.70191149925283,2048,0.0,0.0,0.0,0.0,64.0,{},0.3601655960083008,1751407025.4153318,2025-07-01T21:57:05.415378
execution_time,SHA256ID,8,4,[2],1,1,10000,random,,10000,0.0049004900490049,49,0.009070031620653759,0.009070031620653759,0.002100872893622638,0.0013239987310953438,0.1478929989389144,0.0031436578240002216,475992.62336887553,{},3.9805980598059807,0,4,0.17662250537264354,4,4.0,4.0,4.0,0.0,8.0,{},0.03548407554626465,1751407025.4521134,2025-07-01T21:57:05.452209
execution_time,SHA256ID,8,8,[2],1,1,10000,random,,10000,0.0038003800380038005,38,0.010097509768442016,0.010097509768442016,0.00196063754335926,0.0013280005077831447,0.049977999879047275,0.0011261086168762261,510038.1778299773,{},7.9604960496049575,0,8,0.30830825768398473,8,8.0,8.0,8.0,0.0,8.0,{},0.03215217590332031,1751407025.4855633,2025-07-01T21:57:05.485607
execution_time,SHA256ID,8,16,[2],1,1,10000,random,,10000,0.0039003900390039005,39,0.010966230164287516,0.010966230164287516,0.001980428247396593,0.0014129982446320355,1.8934360014100093,0.019166365036446274,504941.29303324554,{},15.918791879187916,0,16,0.5627793566233394,16,15.948717948717949,15.0,16.0,0.2205724427446827,8.0,{},0.03598499298095703,1751407025.559942,2025-07-01T21:57:05.560013
execution_time,SHA256ID,8,32,[2],1,1,10000,random,,10000,0.0038003800380038005,38,0.01171875,0.01171875,0.002043804600445864,0.001444001100026071,0.06064799890737049,0.0015248591378054983,489283.56447668537,{},31.844484448444845,0,32,1.0659707303727084,32,31.92105263157895,31.0,32.0,0.2696565991041999,8.0,{},0.033678293228149414,1751407025.5948205,2025-07-01T21:57:05.594869
execution_time,SHA256ID,8,64,[2],1,1,10000,random,,10000,0.0029002900290029,29,0.012382519536884032,0.012382519536884032,0.00221072186490312,0.0015480000001844019,0.07130200174287893,0.0015082148154509803,452340.93708293,{},63.68156815681568,0,64,2.0753627909118664,64,63.758620689655174,63.0,64.0,0.42791978089623645,8.0,{},0.03422141075134277,1751407025.6301973,2025-07-01T21:57:05.630245
execution_time,SHA256ID,8,128,[2],1,1,10000,random,,10000,0.004500450045004501,45,0.012976281620653759,0.012976281620653759,0.00258842263508858,0.001800999598344788,0.055817003158153966,0.0014783700584998633,386335.67271589645,{},127.37773777377738,0,128,4.088956385523558,128,127.5111111111111,126.0,128.0,0.6539528430916517,8.0,{},0.03608250617980957,1751407025.6674984,2025-07-01T21:57:05.667540
execution_time,SHA256ID,8,256,[2],1,1,10000,random,,10000,0.004300430043004301,43,0.013513404760301943,0.013513404760301943,0.0035871238215215303,0.0022319982235785574,3.4309780021430925,0.03446565029760891,278774.8764066459,{},254.77067706770686,0,256,8.116991627247643,256,255.1627906976744,253.0,256.0,0.7755038139782822,8.0,{},0.04265570640563965,1751407025.711424,2025-07-01T21:57:05.711468
execution_time,SHA256ID,8,512,[2],1,1,10000,random,,10000,0.004100410041004101,41,0.014003759768442016,0.014003759768442016,0.004667702164152113,0.0032339994504582137,2.611441999761155,0.026428561235764224,214238.17648006463,{},509.4755475547553,0,512,16.174803058184636,512,509.7560975609756,506.0,512.0,1.4943876762966235,8.0,{},0.051178932189941406,1751407025.8201125,2025-07-01T21:57:05.820180
execution_time,SHA256ID,8,1024,[2],1,1,10000,random,,10000,0.0035003500350035003,35,0.014454842648988641,0.014454842648988641,0.007486164610330571,0.004885001544607803,0.13923200094723143,0.0042784842647431475,133579.75038647227,{},1018.9653965396542,0,1024,32.28700898458032,1024,1019.5714285714286,1014.0,1023.0,1.8405855323893037,8.0,{},0.08147311210632324,1751407025.902802,2025-07-01T21:57:05.902847
execution_time,SHA256ID,8,2048,[2],1,1,10000,random,,10000,0.004000400040004,40,0.014872480164287516,0.014872480164287516,0.013433663863326853,0.00848800118546933,2.0744430003105663,0.023348355856808705,74439.85573659795,{},2037.9324932493253,0,2048,64.51079965544606,2048,2040.075,2034.0,2044.0,2.1022309578160057,8.0,{},0.11846232414245605,1751407026.022481,2025-07-01T21:57:06.022530
execution_time,SHA256ID,8,4096,[2],1,1,10000,random,,10000,0.0038003800380038005,38,0.015261291389095776,0.015261291389095776,0.02345526672856983,0.015472000086447224,1.1447550023149233,0.01670039706877918,42634.347823550605,{},4075.979797979798,0,4092,128.9627821461823,4096,4079.0263157894738,4069.0,4086.0,4.0941989905183185,8.0,{},0.2024378776550293,1751407026.22616,2025-07-01T21:57:06.226221
execution_time,SHA256ID,8,8192,[2],1,1,10000,random,,10000,0.0046004600460046,46,0.015625,0.015625,0.04454649575182482,0.02960900019388646,0.2620449995447416,0.020823124491325243,22448.454881190864,{},8151.7329732973285,0,8179,257.8552615051809,8192,8160.108695652174,8147.0,8172.0,5.529479340492884,8.0,{},0.41121339797973633,1751407026.638665,2025-07-01T21:57:06.638715
execution_time,SHA256ID,8,16384,[2],1,1,10000,random,,10000,0.0046004600460046,46,0.015966651723634137,0.015966651723634137,0.08518820322060404,0.05775799945695326,1.4496410003630444,0.04020824641201292,11738.714542556932,{},16303.688568856885,0,16349,515.6555596616879,16384,16320.652173913044,16309.0,16335.0,5.831762323332563,8.0,{},0.7413122653961182,1751407027.426191,2025-07-01T21:57:07.426241
execution_time,SHA256ID,8,32768,[2],1,1,10000,random,,10000,0.0035003500350035003,35,0.016288769536884032,0.016288769536884032,0.17155065216800824,0.11449800149421208,8.719192999706138,0.11819547069647802,5829.182153272431,{},32607.47074707471,0,32687,1031.2523125212292,32768,32642.14285714286,32609.0,32663.0,11.88550823997228,8.0,{},1.4080946445465088,1751407028.8354704,2025-07-01T21:57:08.835524
execution_time,SHA256ID,8,65536,[2],1,1,10000,random,,10000,0.0035003500350035003,35,0.016593466849389005,0.016593466849389005,0.3410663515390625,0.23485099882236682,3.739666000910802,0.1593961972267821,2931.980816892368,{},65214.65626562655,0,65336,2062.4340198721998,65536,65279.91428571429,65249.0,65317.0,15.322012975867533,8.0,{},2.708012104034424,1751407031.5448864,2025-07-01T21:57:11.544950
execution_time,SHA256ID,16,4,[2],1,1,10000,random,,10000,0.0,0,3.5429811018178744e-05,3.5429811018178744e-05,0.001850456927323493,0.00132000059238635,0.627653000265127,0.008005744471889797,540407.0666191637,{},1.997899789978999,0,2,0.06396798200674986,2,0.0,0.0,0.0,0.0,16.0,{},0.034380197525024414,1751407031.5805583,2025-07-01T21:57:11.580600
execution_time,SHA256ID,16,8,[2],1,1,10000,random,,10000,0.00010001000100010001,1,3.9443397532976625e-05,3.9443397532976625e-05,0.0019313589083664881,0.0013409990060608834,0.05132699880050495,0.0013572018141892635,517770.15430331574,{},3.995899589958998,0,4,0.12676241666640747,4,4.0,4.0,4.0,0.0,16.0,{},0.03245949745178223,1751407031.6143258,2025-07-01T21:57:11.614368
execution_time,SHA256ID,16,16,[2],1,1,10000,random,,10000,0.0,0,4.283683657924811e-05,4.283683657924811e-05,0.0016121563294864303,0.0013600001693703234,0.07071900108712725,0.0011046437349649537,620287.2399592666,{},7.991999199919996,0,8,0.25274184179395637,8,0.0,0.0,0.0,0.0,16.0,{},0.03423810005187988,1751407031.6887221,2025-07-01T21:57:11.688765
execution_time,SHA256ID,16,32,[2],1,1,10000,random,,10000,0.00010001000100010001,1,4.57763671875e-05,4.57763671875e-05,0.0021986319732077157,0.001414999132975936,0.5241049984761048,0.007862957908566613,454828.2805789639,{},15.983598359835993,0,16,0.505866034413218,16,16.0,16.0,16.0,0.0,16.0,{},0.1465761661529541,1751407031.8364828,2025-07-01T21:57:11.836527
execution_time,SHA256ID,16,64,[2],1,1,10000,random,,10000,0.0,0,4.836921694095325e-05,4.836921694095325e-05,0.0021610070948034667,0.001510998117737472,0.13320300058694556,0.0021197485494158503,462747.20819042256,{},31.96719671967198,0,32,1.0113369859562271,32,0.0,0.0,0.0,0.0,16.0,{},0.03301572799682617,1751407031.8707592,2025-07-01T21:57:11.870804
execution_time,SHA256ID,16,128,[2],1,1,10000,random,,10000,0.0,0,5.0688600080678744e-05,5.0688600080678744e-05,0.002457160724660578,0.0016710000636521727,0.13823500194121152,0.002395615440338141,406973.78480934975,{},63.935193519351955,0,64,2.0221069193730736,64,0.0,0.0,0.0,0.0,16.0,{},0.03422403335571289,1751407031.9062426,2025-07-01T21:57:11.906286
execution_time,SHA256ID,16,256,[2],1,1,10000,random,,10000,0.00010001000100010001,1,5.278673734492946e-05,5.278673734492946e-05,0.0027687521439635674,0.001972999598365277,0.16742599837016314,0.0026516865028245393,361173.5352260403,{},127.86998699869989,0,128,4.04407748608394,128,128.0,128.0,128.0,0.0,16.0,{},0.036455631256103516,1751407031.9439287,2025-07-01T21:57:11.943974
execution_time,SHA256ID,16,512,[2],1,1,10000,random,,10000,0.0,0,5.4702186595476625e-05,5.4702186595476625e-05,0.003186982703895451,0.0025410008674953133,0.16560500080231577,0.0026515257901045712,313776.412648145,{},255.73877387738787,0,256,8.087918693805902,256,0.0,0.0,0.0,0.0,16.0,{},0.047756195068359375,1751407032.026529,2025-07-01T21:57:12.026574
execution_time,SHA256ID,16,1024,[2],1,1,10000,random,,10000,0.0,0,5.646422909761188e-05,5.646422909761188e-05,0.005752121795085084,0.0038130019675008953,0.7308439999178518,0.00806639562814532,173848.89187403032,{},511.4797479747976,0,512,16.175469694751914,512,0.0,0.0,0.0,0.0,16.0,{},0.05525398254394531,1751407032.0830662,2025-07-01T21:57:12.083111
execution_time,SHA256ID,16,2048,[2],1,1,10000,random,,10000,0.0,0,5.809562564174811e-05,5.809562564174811e-05,0.009207969791337181,0.006291997124208137,0.143861001561163,0.004542122772042204,108601.57262253355,{},1022.9600960096008,0,1024,32.35071159730522,1024,0.0,0.0,0.0,0.0,16.0,{},0.08907794952392578,1751407032.1734838,2025-07-01T21:57:12.173536
execution_time,SHA256ID,16,4096,[2],1,1,10000,random,,10000,0.00010001000100010001,1,5.9614419488655376e-05,5.9614419488655376e-05,0.016626933105206576,0.01105599949369207,0.11687699952744879,0.006856006815066278,60143.38264745041,{},2045.9184918491842,0,2048,64.70111764713329,2048,2048.0,2048.0,2048.0,0.0,16.0,{},0.15801596641540527,1751407032.3328438,2025-07-01T21:57:12.332925
execution_time,SHA256ID,16,8192,[2],1,1,10000,random,,10000,0.0,0,6.103515625e-05,6.103515625e-05,0.030061851387941124,0.02060600309050642,0.3040220035472885,0.013593538341166996,33264.75096610768,{},4091.838683868387,0,4096,129.4020131318417,4096,0.0,0.0,0.0,0.0,16.0,{},0.25194668769836426,1751407032.5860367,2025-07-01T21:57:12.586082
execution_time,SHA256ID,16,16384,[2],1,1,10000,random,,10000,0.0,0,6.236973329544585e-05,6.236973329544585e-05,0.05899732693787663,0.03960799949709326,0.5324779995135032,0.02791441949559518,16949.920477803786,{},8183.669766976697,0,8192,258.80356964278644,8192,0.0,0.0,0.0,0.0,16.0,{},0.5103793144226074,1751407033.1400266,2025-07-01T21:57:13.140067
execution_time,SHA256ID,16,32768,[2],1,1,10000,random,,10000,0.0,0,6.362800600345325e-05,6.362800600345325e-05,0.11423513671335213,0.0780849986767862,0.6879010034026578,0.05345871435487972,8753.87405986373,{},16367.363436343634,0,16384,517.6075943378432,16384,0.0,0.0,0.0,0.0,16.0,{},0.9083490371704102,1751407034.0497396,2025-07-01T21:57:14.049782
execution_time,SHA256ID,16,65536,[2],1,1,10000,random,,10000,0.0,0,6.48182298804258e-05,6.48182298804258e-05,0.2300435990771876,0.15667200204916298,0.7775880003464408,0.09200282158801297,4347.00206400642,{},32734.728472847284,0,32768,1035.2150124798027,32768,0.0,0.0,0.0,0.0,16.0,{},1.8090755939483643,1751407035.8600495,2025-07-01T21:57:15.860094
execution_time,SHA256ID,32,4,[2],1,1,10000,random,,10000,0.0,0,5.406160128506278e-10,5.406160128506278e-10,0.0020469116697478893,0.001381999027216807,0.09330000102636404,0.0016430156882074032,488540.86611522734,{},0.9989998999899995,0,1,0.031592730224244546,1,0.0,0.0,0.0,0.0,32.0,{},0.0344548225402832,1751407035.8958397,2025-07-01T21:57:15.895882
execution_time,SHA256ID,32,8,[2],1,1,10000,random,,10000,0.0,0,6.018584828640232e-10,6.018584828640232e-10,0.002056876695482386,0.0013940007193014026,0.10484099766472355,0.0014809990577455431,486174.0143180904,{},1.997999799979999,0,2,0.06318546044848909,2,0.0,0.0,0.0,0.0,32.0,{},0.032877445220947266,1751407035.929982,2025-07-01T21:57:15.930020
execution_time,SHA256ID,32,16,[2],1,1,10000,random,,10000,0.0,0,6.53638253467531e-10,6.53638253467531e-10,0.002013813579419252,0.0014020006346981972,0.15187800090643577,0.0025830826582401763,496570.2934073879,{},3.995999599959998,0,4,0.12637092089697818,4,0.0,0.0,0.0,0.0,32.0,{},0.035581350326538086,1751407036.005069,2025-07-01T21:57:16.005110
execution_time,SHA256ID,32,32,[2],1,1,10000,random,,10000,0.0,0,6.984919309616089e-10,6.984919309616089e-10,0.0020367530758166837,0.0014279976312536746,0.042535000829957426,0.0012838542831729866,490977.5327571442,{},7.991999199919996,0,8,0.25274184179395637,8,0.0,0.0,0.0,0.0,32.0,{},0.033461809158325195,1751407036.0397608,2025-07-01T21:57:16.039799
execution_time,SHA256ID,32,64,[2],1,1,10000,random,,10000,0.0,0,7.380556784203071e-10,7.380556784203071e-10,0.0021727764714337262,0.0015169971447903663,0.09973799751605839,0.0015744522363175212,460240.6244486534,{},15.983998399839992,0,16,0.5054836835879127,16,0.0,0.0,0.0,0.0,32.0,{},0.03311586380004883,1751407036.0740898,2025-07-01T21:57:16.074127
execution_time,SHA256ID,32,128,[2],1,1,10000,random,,10000,0.0,0,7.734466565044974e-10,7.734466565044974e-10,0.002363585390196,0.0016449994291178882,0.06162300269352272,0.0015165938876344584,423086.04721789854,{},31.967996799679984,0,32,1.0109673671758255,32,0.0,0.0,0.0,0.0,32.0,{},0.03224015235900879,1751407036.1075344,2025-07-01T21:57:16.107573
execution_time,SHA256ID,32,256,[2],1,1,10000,random,,10000,0.0,0,8.0546169044387e-10,8.0546169044387e-10,0.002687662567427144,0.001901000359794125,0.36006099981023,0.00500377601916418,372070.5166338213,{},63.93599359935997,0,64,2.021934734351651,64,0.0,0.0,0.0,0.0,32.0,{},0.034720420837402344,1751407036.1434524,2025-07-01T21:57:16.143492
execution_time,SHA256ID,32,512,[2],1,1,10000,random,,10000,0.0,0,8.346891265178928e-10,8.346891265178928e-10,0.00343406902819216,0.0024030014174059033,2.7750640001613647,0.027833649549383884,291199.7376262534,{},127.87198719871994,0,128,4.043869468703302,128,0.0,0.0,0.0,0.0,32.0,{},0.04517936706542969,1751407036.2303033,2025-07-01T21:57:16.230345
execution_time,SHA256ID,32,1024,[2],1,1,10000,random,,10000,0.0,0,8.615757613771344e-10,8.615757613771344e-10,0.00485354932660999,0.003397999535081908,0.11861399980261922,0.002701360855297847,206034.78664931175,{},255.74397439743987,0,256,8.087738937406604,256,0.0,0.0,0.0,0.0,32.0,{},0.046465158462524414,1751407036.2780378,2025-07-01T21:57:16.278082
execution_time,SHA256ID,32,2048,[2],1,1,10000,random,,10000,0.0,0,8.864688971214006e-10,8.864688971214006e-10,0.008080585655433186,0.005488996976055205,0.2086749991576653,0.004193385430284106,123753.40632985243,{},511.48794879487974,0,512,16.175477874813208,512,0.0,0.0,0.0,0.0,32.0,{},0.07312774658203125,1751407036.3524203,2025-07-01T21:57:16.352466
execution_time,SHA256ID,32,4096,[2],1,1,10000,random,,10000,0.0,0,9.096438520607815e-10,9.096438520607815e-10,0.013418358822450587,0.009508999937679619,0.12954100020579062,0.0047587633366710045,74524.7621733647,{},1022.9758975897595,0,1024,32.350955749626415,1024,0.0,0.0,0.0,0.0,32.0,{},0.10962820053100586,1751407036.4633687,2025-07-01T21:57:16.463418
execution_time,SHA256ID,32,8192,[2],1,1,10000,random,,10000,0.0,0,9.313225746154785e-10,9.313225746154785e-10,0.02512238523001341,0.01772399991750717,0.2100609999615699,0.007800426798740919,39805.137563343786,{},2045.951795179519,0,2048,64.70191149925283,2048,0.0,0.0,0.0,0.0,32.0,{},0.19411253929138184,1751407036.6588287,2025-07-01T21:57:16.658882
execution_time,SHA256ID,32,16384,[2],1,1,10000,random,,10000,0.0,0,9.516866042395912e-10,9.516866042395912e-10,0.04796879945795576,0.03670599835459143,0.3134680009679869,0.01356795539479618,20846.884043376805,{},4091.903590359038,0,4096,129.40382299850566,4096,0.0,0.0,0.0,0.0,32.0,{},0.35915660858154297,1751407037.0614805,2025-07-01T21:57:17.061524
execution_time,SHA256ID,64,8,[2],1,1,10000,random,,10000,0.0,0,1.4013109795377199e-19,1.4013109795377199e-19,0.0020647075622012012,0.0013850003597326577,0.05849299850524403,0.0015684188309765335,484330.09027868917,{},0.9989998999899995,0,1,0.031592730224244546,1,0.0,0.0,0.0,0.0,64.0,{},0.03276205062866211,1751407037.095794,2025-07-01T21:57:17.095845
execution_time,SHA256ID,64,16,[2],1,1,10000,random,,10000,0.0,0,1.5218701527163642e-19,1.5218701527163642e-19,0.002013251228084747,0.0013850003597326577,0.05317599789123051,0.001065682798286762,496708.99788861594,{},1.997999799979999,0,2,0.06318546044848909,2,0.0,0.0,0.0,0.0,64.0,{},0.03305506706237793,1751407037.1301436,2025-07-01T21:57:17.130190
execution_time,SHA256ID,64,32,[2],1,1,10000,random,,10000,0.0,0,1.6263032587282567e-19,1.6263032587282567e-19,0.002054143334906425,0.001405001967214048,0.3628509984991979,0.004023139363115613,486820.94526064524,{},3.995999599959998,0,4,0.12637092089697818,4,0.0,0.0,0.0,0.0,64.0,{},0.03383207321166992,1751407037.1652737,2025-07-01T21:57:17.165315
execution_time,SHA256ID,64,64,[2],1,1,10000,random,,10000,0.0,0,1.7184197865899353e-19,1.7184197865899353e-19,0.0021512623015873932,0.0014540019037667662,0.1040720017044805,0.0024156548705236477,464843.36162173754,{},7.991999199919996,0,8,0.25274184179395637,8,0.0,0.0,0.0,0.0,64.0,{},0.032477378845214844,1751407037.1989799,2025-07-01T21:57:17.199020
execution_time,SHA256ID,64,128,[2],1,1,10000,random,,10000,0.0,0,1.8008208286587555e-19,1.8008208286587555e-19,0.0021976956661036813,0.001544001861475408,0.09163600043393672,0.0021287039826346347,455022.0557939721,{},15.983998399839992,0,16,0.5054836835879127,16,0.0,0.0,0.0,0.0,64.0,{},0.03431248664855957,1751407037.2736435,2025-07-01T21:57:17.273690
execution_time,SHA256ID,64,256,[2],1,1,10000,random,,10000,0.0,0,1.8753616382458014e-19,1.8753616382458014e-19,0.0025814577262996572,0.0016589983715675771,0.06913100150995888,0.0018242567963165958,387378.0266909238,{},31.967996799679984,0,32,1.0109673671758255,32,0.0,0.0,0.0,0.0,64.0,{},0.03380465507507324,1751407037.3087783,2025-07-01T21:57:17.308823
execution_time,SHA256ID,64,512,[2],1,1,10000,random,,10000,0.0,0,1.943412065780472e-19,1.943412065780472e-19,0.0030576388531219478,0.001963999238796532,0.09794399738893844,0.0022692903153747,327049.74264013156,{},63.93599359935997,0,64,2.021934734351651,64,0.0,0.0,0.0,0.0,64.0,{},0.03385162353515625,1751407037.343978,2025-07-01T21:57:17.344021
execution_time,SHA256ID,64,1024,[2],1,1,10000,random,,10000,0.0,0,2.00601239078011e-19,2.00601239078011e-19,0.0036933155537004804,0.002667999069672078,0.03934899723390117,0.001460610289857423,270759.4261741486,{},127.87198719871994,0,128,4.043869468703302,128,0.0,0.0,0.0,0.0,64.0,{},0.04243588447570801,1751407037.3877091,2025-07-01T21:57:17.387750
execution_time,SHA256ID,64,2048,[2],1,1,10000,random,,10000,0.0,0,2.0639712389591164e-19,2.0639712389591164e-19,0.005094280121213926,0.003622000804170966,0.19399300072109327,0.003194880326464574,196298.5890461218,{},255.74397439743987,0,256,8.087738937406604,256,0.0,0.0,0.0,0.0,64.0,{},0.04506063461303711,1751407037.4340594,2025-07-01T21:57:17.434105
execution_time,SHA256ID,64,4096,[2],1,1,10000,random,,10000,0.0,0,2.1179296357109712e-19,2.1179296357109712e-19,0.008008299317791045,0.005689998943125829,3.9220869985001627,0.04193111075150923,124870.4575487612,{},511.48794879487974,0,512,16.175477874813208,512,0.0,0.0,0.0,0.0,64.0,{},0.0698244571685791,1751407037.5395784,2025-07-01T21:57:17.539623
execution_time,SHA256ID,64,8192,[2],1,1,10000,random,,10000,0.0,0,2.168404344971009e-19,2.168404344971009e-19,0.014524172015445837,0.00996400194708258,0.08569000056013465,0.005259590526787672,68850.74060927829,{},1022.9758975897595,0,1024,32.350955749626415,1024,0.0,0.0,0.0,0.0,64.0,{},0.10435271263122559,1751407037.6453338,2025-07-01T21:57:17.645376
execution_time,SHA256ID,64,16384,[2],1,1,10000,random,,10000,0.0,0,2.215818046218695e-19,2.215818046218695e-19,0.025485837987726984,0.018249000277137384,0.30377599978237413,0.008710239067543622,39237.47771140828,{},2045.951795179519,0,2048,64.70191149925283,2048,0.0,0.0,0.0,0.0,64.0,{},0.18117809295654297,1751407037.8278174,2025-07-01T21:57:17.827863
false_positive_rate,RMID,8,16,[2],1,1,1000000,random,1,1000000,0.003836003836003836,3836,0.010966230164287516,0.010966230164287516,0.002960801072821784,0.0010000003385357559,8.190593998733675,0.017061291535157903,337746.43260546797,{},15.936739936739952,0,16,0.26570656705717144,16,15.946,14.0,16.0,0.23892258160333024,8.0,{},1.76961088180542,1751407039.598772,2025-07-01T21:57:19.598818
false_positive_rate,RMID,8,16,[2],1,1,1000000,sparse,1,1000000,0.000873000873000873,873,0.010966230164287516,0.010966230164287516,0.0028215930037970944,0.0008499991963617504,14.247415998397628,0.027087251999115613,354409.72480945085,{},3.7763447763447826,0,6,1.1510535757996225,16,3.443298969072165,2.0,4.0,0.8963738193519241,8.0,{},0.3872189521789551,1751407039.9872098,2025-07-01T21:57:19.987262
false_positive_rate,RMID,8,16,[2],1,1,1000000,low_entropy,1,1000000,0.12504512504512505,125045,0.010966230164287516,0.010966230164287516,0.005746945384316199,0.001925000105984509,5.085507000330836,0.011060543925285053,174005.48171713398,{},11.997897997897988,0,16,1.7322813158838584,16,11.788,6.0,16.0,1.7166991582685651,8.0,{},1.2780396938323975,1751407041.3089387,2025-07-01T21:57:21.308988
false_positive_rate,RMID,8,16,[2],1,10,1000000,random,1,1000000,0.03932903932903933,39329,0.010966230164287516,0.010966230164287516,0.023347083380968286,0.0011810006981249899,6.2276919998112135,0.054679649321001784,42831.902541418276,{},15.937040937040944,0,16,0.2654825332313088,16,15.945,14.0,16.0,0.24489793792516915,8.0,{},1.7642946243286133,1751407043.0744905,2025-07-01T21:57:23.074540
false_positive_rate,RMID,8,16,[2],1,10,1000000,sparse,1,1000000,0.00873000873000873,8730,0.010966230164287516,0.010966230164287516,0.022973712097020767,0.0011949996405746788,14.08489199820906,0.08105908431132704,43528.011310356764,{},3.7763447763447826,0,6,1.1510535757996225,16,3.443298969072165,2.0,4.0,0.8963738193519241,8.0,{},0.3322024345397949,1751407043.4078894,2025-07-01T21:57:23.407943
false_positive_rate,RMID,8,16,[2],1,10,1000000,low_entropy,1,1000000,0.7372877372877373,737287,0.010966230164287516,0.010966230164287516,0.029366007720519973,0.0022310014173854142,7.553203002316877,0.041469220642954024,34052.97749415335,{},11.997897997897988,0,16,1.7322813158838584,16,11.856,5.0,16.0,1.7970153032180889,8.0,{},1.0853300094604492,1751407044.4945247,2025-07-01T21:57:24.494577
false_positive_rate,RMID,8,16,[2],1,100,100000,random,1,100000,0.33672336723367235,33672,0.010966230164287516,0.010966230164287516,0.1683858388723536,0.001791999238776043,4.015706999780377,0.20755749240192076,5938.741682179456,{},15.932189321893219,0,16,0.37866515586229177,16,15.941002949852507,14.0,16.0,0.24782272542310588,8.0,{},0.20793390274047852,1751407044.7036488,2025-07-01T21:57:24.703706
false_positive_rate,RMID,8,16,[2],1,100,100000,sparse,1,100000,0.0964809648096481,9648,0.010966230164287516,0.010966230164287516,0.19917671085067923,0.0017659986042417586,13.186365998990368,0.7782758336952603,5020.667304571014,{},3.776017760177602,0,6,1.1514519349866015,16,3.489795918367347,2.0,4.0,0.8718371168691358,8.0,{},0.08150172233581543,1751407044.8291883,2025-07-01T21:57:24.829237
false_positive_rate,RMID,8,16,[2],1,100,100000,low_entropy,1,100000,0.999759997599976,99975,0.010966230164287516,0.010966230164287516,0.045238691360083294,0.002710999979171902,5.509737999091158,0.17181503973377035,22104.97187109965,{},11.992609926099261,0,16,1.7392348376696345,16,11.763,6.0,16.0,1.7829276485600867,8.0,{},0.1553339958190918,1751407044.9858534,2025-07-01T21:57:24.985901
false_positive_rate,RMID,8,16,"[2, 3]",2,1,500000,random,1,500000,1.000002000004e-05,5,0.005483115082143758,0.010923560008006242,0.004386385841262812,0.0015229998098220676,6.113244999141898,0.02328014743974292,227978.12052760652,{},15.935743871487745,0,16,0.2817059421681652,16,15.0,15.0,15.0,0.0,8.0,{},0.8899800777435303,1751407045.8770895,2025-07-01T21:57:25.877134
false_positive_rate,RMID,8,16,"[2, 3]",2,1,500000,sparse,1,500000,0.000746001492002984,373,0.005483115082143758,0.010923560008006242,0.0040054127848378465,0.0013540011423174292,9.915939001075458,0.025885770582191124,249662.15811399414,{},3.7763675527351075,0,6,1.151104909570725,16,3.351206434316354,2.0,4.0,0.9362980511006057,8.0,{},0.2659733295440674,1751407046.1443207,2025-07-01T21:57:26.144372
false_positive_rate,RMID,8,16,"[2, 3]",2,1,500000,low_entropy,1,500000,0.031238062476124952,15619,0.005483115082143758,0.010923560008006242,0.009369091203845019,0.0033890028134919703,12.522601002274314,0.06501425711400279,106733.93803548481,{},11.998503997007997,0,16,1.7327595357168848,16,10.954,5.0,15.0,1.7475365518351826,8.0,{},0.8237917423248291,1751407046.969538,2025-07-01T21:57:26.969588
false_positive_rate,RMID,8,16,"[2, 3]",2,10,500000,random,1,500000,0.00022000044000088,110,0.005483115082143758,0.010923560008006242,0.036448509575243065,0.002429002051940188,4.4003609982610215,0.060516989950149085,27435.96409437906,{},15.936065872131737,0,16,0.28076600211296304,16,14.909090909090908,14.0,15.0,0.28747978728803447,8.0,{},0.8891310691833496,1751407047.9001486,2025-07-01T21:57:27.900196
false_positive_rate,RMID,8,16,"[2, 3]",2,10,500000,sparse,1,500000,0.00746001492002984,3730,0.005483115082143758,0.010923560008006242,0.03742956633227197,0.0020179977582301944,10.943896999378921,0.1540016314874382,26716.84708080079,{},3.7763675527351075,0,6,1.151104909570725,16,3.351206434316354,2.0,4.0,0.9362980511006057,8.0,{},0.24862098693847656,1751407048.1499698,2025-07-01T21:57:28.150020
false_positive_rate,RMID,8,16,"[2, 3]",2,10,500000,low_entropy,1,500000,0.2714725429450859,135736,0.005483115082143758,0.010923560008006242,0.07655489872731842,0.003917000867659226,10.688080001273192,0.12686324992135536,13062.521362113075,{},11.998503997007997,0,16,1.7327595357168848,16,11.047,5.0,15.0,1.6854646243691975,8.0,{},0.7305202484130859,1751407048.8818042,2025-07-01T21:57:28.881854
false_positive_rate,RMID,8,16,"[2, 3]",2,100,50000,random,1,50000,0.0,0,0.005483115082143758,0.010923560008006242,0.29840101949929476,0.08235299901571125,7.616902999870945,0.5417645146103548,3351.1949847824276,{},15.926938538770775,0,16,0.4734375405684019,16,0.0,0.0,0.0,0.0,8.0,{},0.12360358238220215,1751407049.0065913,2025-07-01T21:57:29.006642
false_positive_rate,RMID,8,16,"[2, 3]",2,100,50000,sparse,1,50000,0.08402168043360868,4201,0.005483115082143758,0.010923560008006242,0.3261373555716318,0.00597200050833635,0.5802360028610565,0.09663865997390114,3066.1927648467827,{},3.7753355067101326,0,6,1.152945199731082,16,3.5348837209302326,2.0,4.0,0.8449256802132535,8.0,{},0.06034350395202637,1751407049.0682287,2025-07-01T21:57:29.068283
false_positive_rate,RMID,8,16,"[2, 3]",2,100,50000,low_entropy,1,50000,0.9610392207844157,48051,0.005483115082143758,0.010923560008006242,0.1995808360604201,0.004755002009915188,7.787325997924199,0.40654313898281613,5010.501106916222,{},11.988779775595514,0,16,1.7514887590230162,16,10.965376782077392,4.0,15.0,1.709212730301371,8.0,{},0.12350296974182129,1751407049.2323098,2025-07-01T21:57:29.232359
false_positive_rate,RMID,8,16,"[2, 3, 4]",3,1,333333,random,1,333333,0.0,0,0.0036554100547625053,0.010923393978793286,0.005615585478432077,0.00202999945031479,4.652806001104182,0.017380739521532306,178075.82198520983,{},15.935226740906964,0,16,0.29557639222326704,16,0.0,0.0,0.0,0.0,8.0,{},0.6146070957183838,1751407049.8482203,2025-07-01T21:57:29.848267
false_positive_rate,RMID,8,16,"[2, 3, 4]",3,1,333333,sparse,1,333333,0.00024300097200388802,81,0.0036554100547625053,0.010923393978793286,0.00581507747995531,0.0018650025594979525,29.12641200236976,0.11323759054096272,171966.75426028634,{},3.7761901047604134,0,6,1.1512386544810453,16,2.0,2.0,2.0,0.0,8.0,{},0.2555713653564453,1751407050.1050622,2025-07-01T21:57:30.105108
false_positive_rate,RMID,8,16,"[2, 3, 4]",3,1,333333,low_entropy,1,333333,0.0037650150600602402,1255,0.0036554100547625053,0.010923393978793286,0.013360565508894544,0.0047860012273304164,8.761838998907479,0.0408906037462235,74847.13123364942,{},11.999144996579986,0,16,1.7329241130242612,16,10.522,5.0,14.0,1.8405205785320629,8.0,{},0.6323442459106445,1751407050.7386596,2025-07-01T21:57:30.738710
false_positive_rate,RMID,8,16,"[2, 3, 4]",3,10,333333,random,1,333333,0.0,0,0.0036554100547625053,0.010923393978793286,0.049806899567899576,0.011984997399849817,6.363936001434922,0.07436926624038845,20077.539631567382,{},15.936045744182977,0,16,0.29398965551211576,16,0.0,0.0,0.0,0.0,8.0,{},0.597130537033081,1751407051.337052,2025-07-01T21:57:31.337100
false_positive_rate,RMID,8,16,"[2, 3, 4]",3,10,333333,sparse,1,333333,0.00243000972003888,810,0.0036554100547625053,0.010923393978793286,0.04860334283091586,0.0028479989850893617,16.93642399914097,0.1852660521875671,20574.71650620531,{},3.7761901047604134,0,6,1.1512386544810453,16,2.0,2.0,2.0,0.0,8.0,{},0.21995115280151367,1751407051.6015317,2025-07-01T21:57:31.601580
false_positive_rate,RMID,8,16,"[2, 3, 4]",3,10,333333,low_entropy,1,333333,0.03849015396061584,12830,0.0036554100547625053,0.010923393978793286,0.12080989116683345,0.0064209998527076095,15.334461000747979,0.18840614459712218,8277.467931984489,{},11.999144996579986,0,16,1.7329241130242612,16,10.527,4.0,14.0,1.8850122015520216,8.0,{},0.6033778190612793,1751407052.2061837,2025-07-01T21:57:32.206236
false_positive_rate,RMID,8,16,"[2, 3, 4]",3,100,33333,random,1,33333,0.0,0,0.0036554100547625053,0.010923393978793286,0.4581539175929224,0.08158499986166134,7.612306999362772,0.43320850497520247,2182.672594515534,{},15.923526941077643,0,16,0.5518348454860533,16,0.0,0.0,0.0,0.0,8.0,{},0.0963282585144043,1751407052.3038056,2025-07-01T21:57:32.303856
false_positive_rate,RMID,8,16,"[2, 3, 4]",3,100,33333,sparse,1,33333,0.022230889235569422,741,0.0036554100547625053,0.010923393978793286,0.42449836651444045,0.003416000254219398,0.9679020004114136,0.13223762806831313,2355.7216679324542,{},3.7740909636385434,0,6,1.1548243732534504,16,2.0,2.0,2.0,0.0,8.0,{},0.0577540397644043,1751407052.3629296,2025-07-01T21:57:32.362986
false_positive_rate,RMID,8,16,"[2, 3, 4]",3,100,33333,low_entropy,1,33333,0.29662186487459496,9887,0.0036554100547625053,0.010923393978793286,0.9481357501809643,0.014300003385869786,1.8185010012530256,0.4094859331918151,1054.7012912540602,{},11.98076923076923,0,16,1.7659368743088226,16,10.20388349514563,6.0,14.0,1.7918869118538763,8.0,{},0.09301877021789551,1751407052.4573202,2025-07-01T21:57:32.457367
false_positive_rate,RMID,16,16,[2],1,1,1000000,random,1,1000000,2.000002000002e-05,20,4.283683657924811e-05,4.283683657924811e-05,0.0029120179513134623,0.0009840005077421665,2.6330740001867525,0.010321964131690299,343404.47645556275,{},7.999619999619994,0,8,0.04660244920879322,8,7.0,7.0,7.0,0.0,16.0,{},1.7906749248504639,1751407054.306756,2025-07-01T21:57:34.306804
false_positive_rate,RMID,16,16,[2],1,1,1000000,sparse,1,1000000,0.0,0,4.283683657924811e-05,4.283683657924811e-05,0.0027248873969559803,0.0010029980330727994,3.743320998182753,0.01077456470943466,366987.6418075542,{},3.777251777251785,0,6,1.1497462121197908,8,0.0,0.0,0.0,0.0,16.0,{},0.4572465419769287,1751407054.7795336,2025-07-01T21:57:34.779583
false_positive_rate,RMID,16,16,[2],1,1,1000000,low_entropy,1,1000000,0.12474412474412475,124744,4.283683657924811e-05,4.283683657924811e-05,0.005734915856743709,0.0022710009943693876,2.41495299997041,0.006871990486815189,174370.47464682438,{},11.997897997897988,0,16,1.7322813158838584,8,11.579,6.0,16.0,1.920874540411216,16.0,{},1.337378740310669,1751407056.132408,2025-07-01T21:57:36.132461
false_positive_rate,RMID,16,16,[2],1,10,1000000,random,1,1000000,0.00014000014000014,140,4.283683657924811e-05,4.283683657924811e-05,0.023701979763326986,0.0036150013329461217,4.431556997587904,0.047967883112572246,42190.56846665844,{},7.999628999629003,0,8,0.04650586317875037,8,7.0,7.0,7.0,0.0,16.0,{},1.7798068523406982,1751407057.926542,2025-07-01T21:57:37.926595
false_positive_rate,RMID,16,16,[2],1,10,1000000,sparse,1,1000000,0.0,0,4.283683657924811e-05,4.283683657924811e-05,0.023924440677200093,0.009091003448702395,2.7443740000308026,0.02408024124738744,41798.260343573944,{},3.777251777251785,0,6,1.1497462121197908,8,0.0,0.0,0.0,0.0,16.0,{},0.41461968421936035,1751407058.3561938,2025-07-01T21:57:38.356244
false_positive_rate,RMID,16,16,[2],1,10,1000000,low_entropy,1,1000000,0.7357977357977358,735797,4.283683657924811e-05,4.283683657924811e-05,0.02984295222665477,0.0023790016712155193,7.320706998143578,0.050959960250972526,33508.7491480428,{},11.997897997897988,0,16,1.7322813158838584,8,11.609,6.0,16.0,1.9519526121297104,16.0,{},1.161470890045166,1751407059.5765786,2025-07-01T21:57:39.576630
false_positive_rate,RMID,16,16,[2],1,100,100000,random,1,100000,0.003000030000300003,300,4.283683657924811e-05,4.283683657924811e-05,0.1961898827929076,0.019184000848326832,3.2567620000918396,0.16496243884208747,5097.102795334106,{},7.997339973399733,0,8,0.14341041317212277,8,7.0,7.0,7.0,0.0,16.0,{},0.26754331588745117,1751407059.8605947,2025-07-01T21:57:39.860650
false_positive_rate,RMID,16,16,[2],1,100,100000,sparse,1,100000,0.0,0,4.283683657924811e-05,4.283683657924811e-05,0.18580334273821109,0.02393600152572617,0.9706759992695879,0.058334330215679464,5382.034495520121,{},3.7763977639776374,0,6,1.1512306843300646,8,0.0,0.0,0.0,0.0,16.0,{},0.15740132331848145,1751407060.0331287,2025-07-01T21:57:40.033183
false_positive_rate,RMID,16,16,[2],1,100,100000,low_entropy,1,100000,0.999759997599976,99975,4.283683657924811e-05,4.283683657924811e-05,0.04150124904001018,0.002944998414022848,1.1772729994845577,0.06053608495429831,24095.660326654946,{},11.992609926099261,0,16,1.7392348376696345,8,11.368,6.0,16.0,1.8575726096171852,16.0,{},0.23477745056152344,1751407060.2831125,2025-07-01T21:57:40.283162
false_positive_rate,RMID,16,16,"[2, 3]",2,1,500000,random,1,500000,1.8000036000072e-05,9,2.1418418289624055e-05,4.283618295096822e-05,0.004286137831881905,0.0014670004020445049,12.062891000823583,0.03303582435298981,233310.27587625015,{},7.999377998755988,0,8,0.06484868824693123,8,7.0,7.0,7.0,0.0,16.0,{},0.9481592178344727,1751407061.2457435,2025-07-01T21:57:41.245787
false_positive_rate,RMID,16,16,"[2, 3]",2,1,500000,sparse,1,500000,0.0,0,2.1418418289624055e-05,4.283618295096822e-05,0.0040716683046169155,0.0015189980331342667,9.10427599956165,0.017140337260894374,245599.57373396243,{},3.7772055544111085,0,6,1.149870800553009,8,0.0,0.0,0.0,0.0,16.0,{},0.337343692779541,1751407061.6420362,2025-07-01T21:57:41.642088
false_positive_rate,RMID,16,16,"[2, 3]",2,1,500000,low_entropy,1,500000,0.12545425090850182,62727,2.1418418289624055e-05,4.283618295096822e-05,0.009917735478166795,0.003725002898136154,11.973458000284154,0.0630374687056994,100829.46880378394,{},11.998503997007997,0,16,1.7327595357168848,8,11.521,6.0,16.0,1.9061896547825454,16.0,{},1.0092084407806396,1751407062.665792,2025-07-01T21:57:42.665847
false_positive_rate,RMID,16,16,"[2, 3]",2,10,500000,random,1,500000,0.00024000048000096,120,2.1418418289624055e-05,4.283618295096822e-05,0.038703740566506266,0.005855999916093424,5.302261000906583,0.08534420073426635,25837.295965790643,{},7.999379998759993,0,8,0.06483328601130187,8,7.0,7.0,7.0,0.0,16.0,{},0.9516305923461914,1751407063.6321049,2025-07-01T21:57:43.632161
false_positive_rate,RMID,16,16,"[2, 3]",2,10,500000,sparse,1,500000,0.0,0,2.1418418289624055e-05,4.283618295096822e-05,0.039347478174790736,0.007268001354532316,5.179915999178775,0.06457152930598652,25414.589355835342,{},3.7772055544111085,0,6,1.149870800553009,8,0.0,0.0,0.0,0.0,16.0,{},0.3595008850097656,1751407064.0072346,2025-07-01T21:57:44.007292
false_positive_rate,RMID,16,16,"[2, 3]",2,10,500000,low_entropy,1,500000,0.7348654697309395,367432,2.1418418289624055e-05,4.283618295096822e-05,0.057829372325383224,0.004449000698514283,4.236962999129901,0.08232589853696318,17292.250629548453,{},11.998503997007997,0,16,1.7327595357168848,8,11.466,4.0,16.0,1.978090998917896,16.0,{},0.845916748046875,1751407064.8688743,2025-07-01T21:57:44.868940
false_positive_rate,RMID,16,16,"[2, 3]",2,100,50000,random,1,50000,0.0,0,2.1418418289624055e-05,4.283618295096822e-05,0.3035074979678143,0.08537399844499305,1.5584659995511174,0.08975419722639712,3294.811517658275,{},7.994739894797896,0,8,0.20260026171634424,8,0.0,0.0,0.0,0.0,16.0,{},0.19736480712890625,1751407065.1287618,2025-07-01T21:57:45.128817
false_positive_rate,RMID,16,16,"[2, 3]",2,100,50000,sparse,1,50000,0.0,0,2.1418418289624055e-05,4.283618295096822e-05,0.2992145584670425,0.1073059975169599,1.079452002159087,0.07931440997762843,3342.0833702854293,{},3.7758355167103317,0,6,1.152704675181219,8,0.0,0.0,0.0,0.0,16.0,{},0.15093231201171875,1751407065.2956152,2025-07-01T21:57:45.295677
false_positive_rate,RMID,16,16,"[2, 3]",2,100,50000,low_entropy,1,50000,1.0,49999,2.1418418289624055e-05,4.283618295096822e-05,0.07127877738355437,0.005310001142788678,0.3653230014606379,0.05679318895162813,14029.42133278962,{},11.988779775595514,0,16,1.7514887590230162,8,11.4765625,5.0,16.0,1.952421748391917,16.0,{},0.1898791790008545,1751407065.5011616,2025-07-01T21:57:45.501221
false_positive_rate,RMID,16,16,"[2, 3, 4]",3,1,333333,random,1,333333,1.8000072000288002e-05,6,1.4278945526416036e-05,4.283618294099479e-05,0.005962278342981758,0.0021029991330578923,4.777523001394002,0.03292593143233308,167721.11975904435,{},7.999111996447987,0,8,0.07913681339420386,8,7.0,7.0,7.0,0.0,16.0,{},0.6836535930633545,1751407066.2009804,2025-07-01T21:57:46.201035
false_positive_rate,RMID,16,16,"[2, 3, 4]",3,1,333333,sparse,1,333333,0.0,0,1.4278945526416036e-05,4.283618294099479e-05,0.00579420051988871,0.0022370004444383085,21.059488000901183,0.06611083669573069,172586.3639974971,{},3.7771951087804365,0,6,1.1499828947985988,8,0.0,0.0,0.0,0.0,16.0,{},0.3206479549407959,1751407066.5374758,2025-07-01T21:57:46.537528
false_positive_rate,RMID,16,16,"[2, 3, 4]",3,1,333333,low_entropy,1,333333,0.015390061560246242,5130,1.4278945526416036e-05,4.283618294099479e-05,0.014114360712140193,0.005843001417815685,4.76082699969993,0.0290687469931513,70849.82596058137,{},11.999144996579986,0,16,1.7329241130242612,8,9.77,4.0,13.0,1.5649600633882006,16.0,{},0.7667219638824463,1751407067.364278,2025-07-01T21:57:47.364328
false_positive_rate,RMID,16,16,"[2, 3, 4]",3,10,333333,random,1,333333,0.00015000060000240002,50,1.4278945526416036e-05,4.283618294099479e-05,0.051936211784042376,0.007200000254670158,6.6262229993299115,0.08907736437246276,19254.388521021363,{},7.999108996435987,0,8,0.0791557301873104,8,7.0,7.0,7.0,0.0,16.0,{},0.6825301647186279,1751407068.061231,2025-07-01T21:57:48.061289
false_positive_rate,RMID,16,16,"[2, 3, 4]",3,10,333333,sparse,1,333333,0.0,0,1.4278945526416036e-05,4.283618294099479e-05,0.05437919589542205,0.013937002222519368,3.508436999254627,0.05489583006176485,18389.38556434568,{},3.7771951087804365,0,6,1.1499828947985988,8,0.0,0.0,0.0,0.0,16.0,{},0.3012518882751465,1751407068.3779895,2025-07-01T21:57:48.378044
false_positive_rate,RMID,16,16,"[2, 3, 4]",3,10,333333,low_entropy,1,333333,0.14260257041028165,47534,1.4278945526416036e-05,4.283618294099479e-05,0.12044277233176132,0.006591999408556148,4.682773997046752,0.07289230600921497,8302.698290981594,{},11.999144996579986,0,16,1.7329241130242612,8,9.723,5.0,13.0,1.5614963976903695,16.0,{},0.693356990814209,1751407069.086515,2025-07-01T21:57:49.086565
false_positive_rate,RMID,16,16,"[2, 3, 4]",3,100,33333,random,1,33333,0.003000120004800192,100,1.4278945526416036e-05,4.283618294099479e-05,0.3840444574052526,0.07606399958604015,0.7905599995865487,0.11312573523187937,2603.865205493063,{},7.992109684387377,0,8,0.2480545898635204,8,7.0,7.0,7.0,0.0,16.0,{},0.15396451950073242,1751407069.2554977,2025-07-01T21:57:49.255551
false_positive_rate,RMID,16,16,"[2, 3, 4]",3,100,33333,sparse,1,33333,0.0,0,1.4278945526416036e-05,4.283618294099479e-05,0.40606283247060754,0.09403399963048287,0.8954430013545789,0.11232666026146769,2462.6730644508916,{},3.774630985239409,0,6,1.1542291417226933,8,0.0,0.0,0.0,0.0,16.0,{},0.15224337577819824,1751407069.4702818,2025-07-01T21:57:49.470330
false_positive_rate,RMID,16,16,"[2, 3, 4]",3,100,33333,low_entropy,1,33333,0.8031621264850594,26771,1.4278945526416036e-05,4.283618294099479e-05,0.5508611562328786,0.008635000995127484,3.623707001679577,0.4210313858794752,1815.3394710903274,{},11.98076923076923,0,16,1.7659368743088226,8,9.675182481751825,6.0,13.0,1.4525226493904946,16.0,{},0.1843125820159912,1751407069.669977,2025-07-01T21:57:49.670030
false_positive_rate,RS2ID,8,16,[2],1,1,1000000,random,,1000000,0.00385000385000385,3850,0.010966230164287516,0.010966230164287516,0.001672246690339926,0.000586001988267526,4.867805000685621,0.009506699702310682,597997.8945550941,{},15.937186937186947,0,16,0.26503461193956324,16,15.944,13.0,16.0,0.242619042945932,8.0,{},1.767418622970581,1751407071.4526238,2025-07-01T21:57:51.452669
false_positive_rate,RS2ID,8,16,[2],1,1,1000000,sparse,,1000000,0.003561003561003561,3561,0.010966230164287516,0.010966230164287516,0.0015642886683250071,0.0006400005077011883,2.0523130006040446,0.007719206846716242,639268.1991814015,{},3.7763447763447826,0,6,1.1510535757996225,16,2.835,2.0,4.0,0.7705679723424792,8.0,{},0.40079188346862793,1751407071.8674374,2025-07-01T21:57:51.867494
false_positive_rate,RS2ID,8,16,[2],1,1,1000000,low_entropy,,1000000,0.003981003981003981,3981,0.010966230164287516,0.010966230164287516,0.004460936099213642,0.0017719976312946528,4.880984000919852,0.018140655187915817,224168.19648599683,{},11.997897997897988,0,16,1.7322813158838584,16,11.999,4.0,16.0,1.7603973983166414,8.0,{},1.2704243659973145,1751407073.1525722,2025-07-01T21:57:53.152625
false_positive_rate,RS2ID,8,16,[2],1,10,1000000,random,,1000000,0.03783803783803784,37838,0.010966230164287516,0.010966230164287516,0.011222561228844883,0.0006589980330318213,6.8545119975169655,0.03405697706310925,89106.21912489473,{},15.936964936964953,0,16,0.26552852788042886,16,15.93,14.0,16.0,0.2628687885618983,8.0,{},1.7581672668457031,1751407074.9678535,2025-07-01T21:57:54.967908
false_positive_rate,RS2ID,8,16,[2],1,10,1000000,sparse,,1000000,0.03548003548003548,35480,0.010966230164287516,0.010966230164287516,0.011472450142819132,0.0007369999366346747,4.022354001790518,0.017178239738158116,87165.33848926098,{},3.7763447763447826,0,6,1.1510535757996225,16,2.834,2.0,4.0,0.7710019455228372,8.0,{},0.3401358127593994,1751407075.3235319,2025-07-01T21:57:55.323584
false_positive_rate,RS2ID,8,16,[2],1,10,1000000,low_entropy,,1000000,0.03885903885903886,38859,0.010966230164287516,0.010966230164287516,0.03595053610994516,0.002049997419817373,2.879298997868318,0.016245075474865495,27815.996872529682,{},11.997897997897988,0,16,1.7322813158838584,16,12.093,6.0,16.0,1.7737956477565275,8.0,{},1.1515145301818848,1751407076.4913878,2025-07-01T21:57:56.491439
false_positive_rate,RS2ID,8,16,[2],1,100,100000,random,,100000,0.3097230972309723,30972,0.010966230164287516,0.010966230164287516,0.08417888867739975,0.0016119993233587593,4.057772002852289,0.1402512950825665,11879.463078115912,{},15.931479314793146,0,16,0.37986868887674236,16,15.935897435897436,15.0,16.0,0.24493555351977953,8.0,{},0.26881861686706543,1751407076.7756724,2025-07-01T21:57:56.775727
false_positive_rate,RS2ID,8,16,[2],1,100,100000,sparse,,100000,0.3025130251302513,30251,0.010966230164287516,0.010966230164287516,0.08416827535384641,0.0008949973562266678,10.386111000116216,0.3153802246672228,11880.961036637196,{},3.776017760177602,0,6,1.1514519349866015,16,2.892156862745098,2.0,4.0,0.7784708835727574,8.0,{},0.15961313247680664,1751407076.951506,2025-07-01T21:57:56.951542
false_positive_rate,RS2ID,8,16,[2],1,100,100000,low_entropy,,100000,0.34648346483464837,34648,0.010966230164287516,0.010966230164287516,0.28224839746826547,0.004237997927702963,4.939387003105367,0.2045226115699224,3542.978486219518,{},11.992609926099261,0,16,1.7392348376696345,16,12.054597701149426,7.0,16.0,1.6259061520171234,8.0,{},0.23544645309448242,1751407077.2419186,2025-07-01T21:57:57.241971
false_positive_rate,RS2ID,16,16,[2],1,1,1000000,random,,1000000,0.000695000695000695,695,4.283683657924811e-05,4.283683657924811e-05,0.0014908532441463443,0.000428997736889869,4.408207998494618,0.009407727446176456,670756.8326569899,{},7.999628999629001,0,8,0.046505863178596195,8,8.0,8.0,8.0,0.0,16.0,{},1.7052414417266846,1751407078.9484653,2025-07-01T21:57:58.948513
false_positive_rate,RS2ID,16,16,[2],1,1,1000000,sparse,,1000000,0.10252910252910252,102529,4.283683657924811e-05,4.283683657924811e-05,0.0015575333753204694,0.0004450012056622654,9.522918997390661,0.014120028724740082,642040.8164892425,{},3.777251777251785,0,6,1.1497462121197908,8,2.62,1.0,4.0,0.9537295214053091,16.0,{},0.3199770450592041,1751407079.26964,2025-07-01T21:57:59.269695
false_positive_rate,RS2ID,16,16,[2],1,1,1000000,low_entropy,,1000000,0.4245164245164245,424516,4.283683657924811e-05,4.283683657924811e-05,0.004572937709557832,0.001539003278594464,5.567169002461014,0.017252829674104627,218677.809214395,{},11.997897997897988,0,16,1.7322813158838584,8,12.018,6.0,16.0,1.6981389813557664,16.0,{},1.2282829284667969,1751407080.4992611,2025-07-01T21:58:00.499314
false_positive_rate,RS2ID,16,16,[2],1,10,1000000,random,,1000000,0.3247503247503247,324750,4.283683657924811e-05,4.283683657924811e-05,0.009260406481645864,0.00046900095185264945,11.885661999258446,0.051201684688075295,107986.6204558084,{},7.999614999614994,0,8,0.046656020967102925,8,8.0,8.0,8.0,0.0,16.0,{},1.7317185401916504,1751407082.2321625,2025-07-01T21:58:02.232224
false_positive_rate,RS2ID,16,16,[2],1,10,1000000,sparse,,1000000,0.7076697076697077,707669,4.283683657924811e-05,4.283683657924811e-05,0.007215373806991932,0.0004899993655271828,8.855312000378035,0.03422295269616861,138592.95814043167,{},3.777251777251785,0,6,1.1497462121197908,8,2.616,1.0,4.0,0.9552716891021108,16.0,{},0.2687063217163086,1751407082.5513616,2025-07-01T21:58:02.551413
false_positive_rate,RS2ID,16,16,[2],1,10,1000000,low_entropy,,1000000,0.9958699958699959,995869,4.283683657924811e-05,4.283683657924811e-05,0.00984613682505566,0.0015480000001844019,3.078982997976709,0.02297256657923401,101562.67557193399,{},11.997897997897988,0,16,1.7322813158838584,8,11.921,6.0,16.0,1.773346835788194,16.0,{},1.0026347637176514,1751407083.5552406,2025-07-01T21:58:03.555290
false_positive_rate,RS2ID,16,16,[2],1,100,100000,random,,100000,0.5779657796577966,57796,4.283683657924811e-05,4.283683657924811e-05,0.05483772074299509,0.0011410011211410165,1.0545100012677722,0.06312551505992083,18235.62296993788,{},7.997339973399733,0,8,0.14341041305650626,8,8.0,8.0,8.0,0.0,16.0,{},0.20743989944458008,1751407083.7638807,2025-07-01T21:58:03.763938
false_positive_rate,RS2ID,16,16,[2],1,100,100000,sparse,,100000,1.0,99999,4.283683657924811e-05,4.283683657924811e-05,0.01539998338628834,0.0005619986040983349,7.6418139979068656,0.23144173576618046,64935.1349878967,{},3.7763977639776374,0,6,1.1512306843300646,8,2.669,1.0,4.0,0.9815492855684833,16.0,{},0.06495523452758789,1751407083.8301044,2025-07-01T21:58:03.830156
false_positive_rate,RS2ID,16,16,[2],1,100,100000,low_entropy,,100000,0.07324073240732408,7324,4.283683657924811e-05,4.283683657924811e-05,0.3125037480309345,0.004866000381298363,2.73512599960668,0.14262945986723694,3199.9616206235414,{},11.992609926099261,0,16,1.7392348376696345,8,11.675675675675675,7.0,16.0,1.6612280389869525,16.0,{},0.14673089981079102,1751407083.9781923,2025-07-01T21:58:03.978246
false_positive_rate,RSID,8,16,[2],1,1,1000000,random,,1000000,0.003927003927003927,3927,0.010966230164287516,0.010966230164287516,0.002397910519461674,0.0008200004231184721,9.083892000489868,0.018554420208227094,417029.73980217497,{},15.937041937041974,0,16,0.2650360516987991,16,15.93,15.0,16.0,0.25514701644346144,8.0,{},1.6932401657104492,1751407085.716951,2025-07-01T21:58:05.717004
false_positive_rate,RSID,8,16,[2],1,1,1000000,sparse,,1000000,0.003852003852003852,3852,0.010966230164287516,0.010966230164287516,0.0020373097491153736,0.0006440022843889892,9.270653001294704,0.023506405700009066,490843.3783494204,{},3.7763447763447826,0,6,1.1510535757996225,16,2.684,2.0,4.0,0.8100271600384766,8.0,{},0.3291177749633789,1751407086.0473397,2025-07-01T21:58:06.047395
false_positive_rate,RSID,8,16,[2],1,1,1000000,low_entropy,,1000000,0.003832003832003832,3832,0.010966230164287516,0.010966230164287516,0.004982950726076764,0.0017080019460991025,6.780471998354187,0.016329543804883596,200684.30433534147,{},11.997897997897988,0,16,1.7322813158838584,16,11.977,6.0,16.0,1.7867487232400643,8.0,{},1.1814570426940918,1751407087.2301505,2025-07-01T21:58:07.230204
false_positive_rate,RSID,8,16,[2],1,10,1000000,random,,1000000,0.03912003912003912,39120,0.010966230164287516,0.010966230164287516,0.01775395234010729,0.001052998413797468,2.940996000688756,0.03467934078933368,56325.486339226976,{},15.937501937501949,0,16,0.2643252355675068,16,15.934,13.0,16.0,0.282212685753139,8.0,{},1.728173017501831,1751407088.959612,2025-07-01T21:58:08.959659
false_positive_rate,RSID,8,16,[2],1,10,1000000,sparse,,1000000,0.0381990381990382,38199,0.010966230164287516,0.010966230164287516,0.016743644520724722,0.0008390015864279121,10.309452001820318,0.08206482866386228,59724.15376844829,{},3.7763447763447826,0,6,1.1510535757996225,16,2.679,2.0,4.0,0.8136086282728324,8.0,{},0.2715764045715332,1751407089.232401,2025-07-01T21:58:09.232452
false_positive_rate,RSID,8,16,[2],1,10,1000000,low_entropy,,1000000,0.03808903808903809,38089,0.010966230164287516,0.010966230164287516,0.04287664520243306,0.002172997483285144,4.223223997541936,0.04885571909520601,23322.7202193341,{},11.997897997897988,0,16,1.7322813158838584,16,11.966,6.0,16.0,1.7818091929272337,8.0,{},1.119382381439209,1751407090.4021468,2025-07-01T21:58:10.402196
false_positive_rate,RSID,8,16,[2],1,100,100000,random,,100000,0.33396333963339636,33396,0.010966230164287516,0.010966230164287516,0.1274446630681325,0.0016020021575968713,3.9833650007494725,0.1900586836336712,7846.5427733556435,{},15.932439324393243,0,16,0.3790660240514018,16,15.910979228486648,15.0,16.0,0.28477372377472,8.0,{},0.20882010459899902,1751407090.61234,2025-07-01T21:58:10.612392
false_positive_rate,RSID,8,16,[2],1,100,100000,sparse,,100000,0.3247232472324723,32472,0.010966230164287516,0.010966230164287516,0.14352682322282817,0.002793000021483749,3.007485000125598,0.12355214343407207,6967.338770171766,{},3.776017760177602,0,6,1.1514519349866015,16,2.706422018348624,2.0,4.0,0.8346775343966718,8.0,{},0.06479454040527344,1751407090.678441,2025-07-01T21:58:10.678492
false_positive_rate,RSID,8,16,[2],1,100,100000,low_entropy,,100000,0.3092430924309243,30924,0.010966230164287516,0.010966230164287516,0.3237692334288056,0.0037850004446227103,3.3629480021772906,0.1696156888584396,3088.6195992427192,{},11.992609926099261,0,16,1.7392348376696345,16,12.116129032258064,7.0,16.0,1.6808401843382257,8.0,{},0.14383387565612793,1751407090.8236887,2025-07-01T21:58:10.823738
false_positive_rate,RSID,8,16,"[2, 3]",2,1,500000,random,,500000,2.4000048000096e-05,12,0.005483115082143758,0.010923560008006242,0.0031437494561779786,0.0011920019460376352,2.957991000585025,0.011382884687086156,318091.50631734903,{},15.93647387294774,0,16,0.28035970800480337,16,15.75,15.0,16.0,0.4330127018922193,8.0,{},0.8938262462615967,1751407091.7188487,2025-07-01T21:58:11.718896
false_positive_rate,RSID,8,16,"[2, 3]",2,1,500000,sparse,,500000,0.0,0,0.005483115082143758,0.010923560008006242,0.0027575891941330768,0.0009549985406920314,14.41478899869253,0.055905893470487314,362635.59565999,{},3.7763675527351075,0,6,1.151104909570725,16,0.0,0.0,0.0,0.0,8.0,{},0.35927700996398926,1751407092.1303868,2025-07-01T21:58:12.130438
false_positive_rate,RSID,8,16,"[2, 3]",2,1,500000,low_entropy,,500000,1.6000032000064e-05,8,0.005483115082143758,0.010923560008006242,0.008422105278693715,0.0029799994081258774,10.443111998029053,0.035128731988768196,118735.15788621227,{},11.998503997007997,0,16,1.7327595357168848,16,11.375,9.0,14.0,1.8666480653835098,8.0,{},0.7444193363189697,1751407092.8762538,2025-07-01T21:58:12.876297
false_positive_rate,RSID,8,16,"[2, 3]",2,10,500000,random,,500000,8.000016000032e-05,40,0.005483115082143758,0.010923560008006242,0.026768479838538646,0.004344998160377145,9.915618000377435,0.09050698723332046,37357.36978833955,{},15.936521873043748,0,16,0.28007083407180566,16,16.0,16.0,16.0,0.0,8.0,{},0.9050824642181396,1751407093.7825992,2025-07-01T21:58:13.782644
false_positive_rate,RSID,8,16,"[2, 3]",2,10,500000,sparse,,500000,0.0,0,0.005483115082143758,0.010923560008006242,0.02685440669862108,0.005043002602178603,7.933758999570273,0.09415987366281944,37237.836278518414,{},3.7763675527351075,0,6,1.151104909570725,16,0.0,0.0,0.0,0.0,8.0,{},0.20510363578796387,1751407093.9890401,2025-07-01T21:58:13.989094
false_positive_rate,RSID,8,16,"[2, 3]",2,10,500000,low_entropy,,500000,0.00022000044000088,110,0.005483115082143758,0.010923560008006242,0.07994988698255552,0.009258001227863133,3.475877001619665,0.052683972719048816,12507.835066961292,{},11.998503997007997,0,16,1.7327595357168848,16,12.181818181818182,9.0,15.0,1.945539505366609,8.0,{},0.7170581817626953,1751407094.7075708,2025-07-01T21:58:14.707629
false_positive_rate,RSID,8,16,"[2, 3]",2,100,50000,random,,50000,0.0,0,0.005483115082143758,0.010923560008006242,0.1936135291984442,0.06509599916171283,1.6728669979784172,0.11143943042153413,5164.928319523838,{},15.928658573171466,0,16,0.47247436764363276,16,0.0,0.0,0.0,0.0,8.0,{},0.12855792045593262,1751407094.8839386,2025-07-01T21:58:14.883989
false_positive_rate,RSID,8,16,"[2, 3]",2,100,50000,sparse,,50000,0.0,0,0.005483115082143758,0.010923560008006242,0.17430579281807468,0.07038400144665502,2.8398639988154173,0.12841398421170536,5737.043983636927,{},3.7753355067101326,0,6,1.152945199731082,16,0.0,0.0,0.0,0.0,8.0,{},0.06221151351928711,1751407094.9476073,2025-07-01T21:58:14.947663
false_positive_rate,RSID,8,16,"[2, 3]",2,100,50000,low_entropy,,50000,0.0,0,0.005483115082143758,0.010923560008006242,0.645610787209705,0.22229000023799017,6.588832999113947,0.49939270051944956,1548.9208356042905,{},11.988779775595514,0,16,1.7514887590230162,16,0.0,0.0,0.0,0.0,8.0,{},0.10981297492980957,1751407095.0589755,2025-07-01T21:58:15.059027
false_positive_rate,RSID,8,16,"[2, 3, 4]",3,1,333333,random,,333333,0.0,0,0.0036554100547625053,0.010923393978793286,0.003928157005107288,0.0015570003597531468,2.1603690001938958,0.011027103673068903,254572.30927883636,{},15.936066744266974,0,16,0.29424409844437366,16,0.0,0.0,0.0,0.0,8.0,{},0.6320228576660156,1751407095.69248,2025-07-01T21:58:15.692526
false_positive_rate,RSID,8,16,"[2, 3, 4]",3,1,333333,sparse,,333333,0.0,0,0.0036554100547625053,0.010923393978793286,0.0036191564759706237,0.001329000951955095,10.291872000379954,0.04174935076221275,276307.47845236765,{},3.7761901047604134,0,6,1.1512386544810453,16,0.0,0.0,0.0,0.0,8.0,{},0.1857471466064453,1751407095.8795946,2025-07-01T21:58:15.879641
false_positive_rate,RSID,8,16,"[2, 3, 4]",3,1,333333,low_entropy,,333333,0.0,0,0.0036554100547625053,0.010923393978793286,0.011557739989284561,0.00431899752584286,11.957250000705244,0.07005807870153537,86522.10561295913,{},11.999144996579986,0,16,1.7329241130242612,16,0.0,0.0,0.0,0.0,8.0,{},0.5904397964477539,1751407096.5203397,2025-07-01T21:58:16.520392
false_positive_rate,RSID,8,16,"[2, 3, 4]",3,10,333333,random,,333333,0.0,0,0.0036554100547625053,0.010923393978793286,0.035624201068552845,0.009116000001085922,8.912932000384899,0.10661028984093149,28070.804958563604,{},15.93579674318696,0,16,0.29447067838984886,16,0.0,0.0,0.0,0.0,8.0,{},0.6101016998291016,1751407097.1319382,2025-07-01T21:58:17.131987
false_positive_rate,RSID,8,16,"[2, 3, 4]",3,10,333333,sparse,,333333,0.0,0,0.0036554100547625053,0.010923393978793286,0.03442010901388655,0.009128001693170518,10.004883002693532,0.1321479726172076,29052.784219729143,{},3.7761901047604134,0,6,1.1512386544810453,16,0.0,0.0,0.0,0.0,8.0,{},0.16775727272033691,1751407097.3012903,2025-07-01T21:58:17.301339
false_positive_rate,RSID,8,16,"[2, 3, 4]",3,10,333333,low_entropy,,333333,0.0,0,0.0036554100547625053,0.010923393978793286,0.1075219502622979,0.03098500019405037,10.595488001854392,0.14804849817216734,9300.426541376135,{},11.999144996579986,0,16,1.7329241130242612,16,0.0,0.0,0.0,0.0,8.0,{},0.564706563949585,1751407097.8673868,2025-07-01T21:58:17.867434
false_positive_rate,RSID,8,16,"[2, 3, 4]",3,100,33333,random,,33333,0.0,0,0.0036554100547625053,0.010923393978793286,0.2420578551168133,0.054682001064065844,6.707875996653456,0.3231877997939537,4131.243745498016,{},15.924666986679464,0,16,0.5511220232510357,16,0.0,0.0,0.0,0.0,8.0,{},0.10290384292602539,1751407097.9716735,2025-07-01T21:58:17.971730
false_positive_rate,RSID,8,16,"[2, 3, 4]",3,100,33333,sparse,,33333,0.0,0,0.0036554100547625053,0.010923393978793286,0.1896397471806598,0.058555000578053296,4.985348001355305,0.2624179697559988,5273.156154586901,{},3.7740909636385434,0,6,1.1548243732534504,16,0.0,0.0,0.0,0.0,8.0,{},0.06382513046264648,1751407098.0793104,2025-07-01T21:58:18.079354
false_positive_rate,RSID,8,16,"[2, 3, 4]",3,100,33333,low_entropy,,33333,0.0,0,0.0036554100547625053,0.010923393978793286,0.9429275966319686,0.20375199892441742,10.51441299932776,1.1488630705008356,1060.526814117953,{},11.98076923076923,0,16,1.7659368743088226,16,0.0,0.0,0.0,0.0,8.0,{},0.10337162017822266,1751407098.1841462,2025-07-01T21:58:18.184217
false_positive_rate,RSID,16,16,[2],1,1,1000000,random,,1000000,1.6000016000016e-05,16,4.283683657924811e-05,4.283683657924811e-05,0.0023318042962691267,0.0008629976946394891,3.9890000007289927,0.008644945829649071,428852.45627173525,{},7.9996269996269955,0,8,0.0465273442204823,8,8.0,8.0,8.0,0.0,16.0,{},1.7749786376953125,1751407099.9748204,2025-07-01T21:58:19.974867
false_positive_rate,RSID,16,16,[2],1,1,1000000,sparse,,1000000,1.2000012000012e-05,12,4.283683657924811e-05,4.283683657924811e-05,0.0021566968947093423,0.0008600000001024455,1.9695480004884303,0.0031194400020632448,463672.01735817856,{},3.777251777251785,0,6,1.1497462121197908,8,3.0,3.0,3.0,0.0,16.0,{},0.4218418598175049,1751407100.4131105,2025-07-01T21:58:20.413161
false_positive_rate,RSID,16,16,[2],1,1,1000000,low_entropy,,1000000,1.6000016000016e-05,16,4.283683657924811e-05,4.283683657924811e-05,0.005222937190261448,0.0020560000848490745,8.204683999792906,0.0173557204066363,191463.14871727233,{},11.997897997897988,0,16,1.7322813158838584,8,12.0625,7.0,16.0,2.1350863565673404,16.0,{},1.2932026386260986,1751407101.7215374,2025-07-01T21:58:21.721585
false_positive_rate,RSID,16,16,[2],1,10,1000000,random,,1000000,0.00014000014000014,140,4.283683657924811e-05,4.283683657924811e-05,0.018555941440462135,0.003130000550299883,3.564758000720758,0.04763336241862724,53891.09483927618,{},7.999620999620996,0,8,0.04659172740192532,8,8.0,8.0,8.0,0.0,16.0,{},1.7943284511566162,1751407103.585301,2025-07-01T21:58:23.585350
false_positive_rate,RSID,16,16,[2],1,10,1000000,sparse,,1000000,0.00012000012000012,120,4.283683657924811e-05,4.283683657924811e-05,0.01839761284445797,0.005726000381400809,2.10700900061056,0.01225163921624254,54354.877910219555,{},3.777251777251785,0,6,1.1497462121197908,8,3.0,3.0,3.0,0.0,16.0,{},0.37389445304870605,1751407103.975518,2025-07-01T21:58:23.975570
false_positive_rate,RSID,16,16,[2],1,10,1000000,low_entropy,,1000000,0.00014000014000014,140,4.283683657924811e-05,4.283683657924811e-05,0.04436454407328521,0.010490999557077885,3.198017002432607,0.028157569518048153,22540.52241240467,{},11.997897997897988,0,16,1.7322813158838584,8,11.714285714285714,10.0,14.0,1.2205719636167902,16.0,{},1.2337884902954102,1751407105.2236142,2025-07-01T21:58:25.223663
false_positive_rate,RSID,16,16,[2],1,100,100000,random,,100000,0.001000010000100001,100,4.283683657924811e-05,4.283683657924811e-05,0.1614336210558065,0.01485800021328032,5.097654997371137,0.25027305210915873,6194.496496205749,{},7.997339973399733,0,8,0.1434104131649778,8,8.0,8.0,8.0,0.0,16.0,{},0.2771873474121094,1751407105.5181797,2025-07-01T21:58:25.518223
false_positive_rate,RSID,16,16,[2],1,100,100000,sparse,,100000,0.001000010000100001,100,4.283683657924811e-05,4.283683657924811e-05,0.13293781727341525,0.007279002602444962,0.4603530032909475,0.03850586800181601,7522.313969871227,{},3.7763977639776374,0,6,1.1512306843300646,8,3.0,3.0,3.0,0.0,16.0,{},0.153517484664917,1751407105.6863952,2025-07-01T21:58:25.686447
false_positive_rate,RSID,16,16,[2],1,100,100000,low_entropy,,100000,0.003000030000300003,300,4.283683657924811e-05,4.283683657924811e-05,0.41255884472590765,0.049826001486508176,10.830514002009295,0.45170537161373797,2423.896645978761,{},11.992609926099261,0,16,1.7392348376696345,8,11.666666666666666,10.0,13.0,1.247219128924647,16.0,{},0.2155296802520752,1751407105.9666822,2025-07-01T21:58:25.966731
false_positive_rate,RSID,16,16,"[2, 3]",2,1,500000,random,,500000,0.0,0,2.1418418289624055e-05,4.283618295096822e-05,0.003046431712819124,0.0011429983715061098,6.310268003289821,0.014102558317844559,328252.88543054665,{},7.999387998775988,0,8,0.06477163982510745,8,0.0,0.0,0.0,0.0,16.0,{},0.9422907829284668,1751407106.9236116,2025-07-01T21:58:26.923662
false_positive_rate,RSID,16,16,"[2, 3]",2,1,500000,sparse,,500000,0.0,0,2.1418418289624055e-05,4.283618295096822e-05,0.0029589193645483593,0.0011800002539530396,3.512942999805091,0.009688087367941592,337961.22056629177,{},3.7772055544111085,0,6,1.149870800553009,8,0.0,0.0,0.0,0.0,16.0,{},0.3020656108856201,1751407107.2418506,2025-07-01T21:58:27.241900
false_positive_rate,RSID,16,16,"[2, 3]",2,1,500000,low_entropy,,500000,0.0,0,2.1418418289624055e-05,4.283618295096822e-05,0.008696027401032994,0.0035820012271869928,4.744141002447577,0.020181203446578318,114995.03783546161,{},11.998503997007997,0,16,1.7327595357168848,8,0.0,0.0,0.0,0.0,16.0,{},0.8375852108001709,1751407108.0949967,2025-07-01T21:58:28.095047
false_positive_rate,RSID,16,16,"[2, 3]",2,10,500000,random,,500000,0.0,0,2.1418418289624055e-05,4.283618295096822e-05,0.023496535258730383,0.003846002073260024,2.336972000193782,0.03897363736546718,42559.46627826498,{},7.999345998691996,0,8,0.06509462000063898,8,0.0,0.0,0.0,0.0,16.0,{},0.9535155296325684,1751407109.0640824,2025-07-01T21:58:29.064147
false_positive_rate,RSID,16,16,"[2, 3]",2,10,500000,sparse,,500000,0.0,0,2.1418418289624055e-05,4.283618295096822e-05,0.02650509254040252,0.005256002623355016,10.759058000985533,0.0977666501303979,37728.59870138803,{},3.7772055544111085,0,6,1.149870800553009,8,0.0,0.0,0.0,0.0,16.0,{},0.2714352607727051,1751407109.39453,2025-07-01T21:58:29.394588
false_positive_rate,RSID,16,16,"[2, 3]",2,10,500000,low_entropy,,500000,0.0,0,2.1418418289624055e-05,4.283618295096822e-05,0.07862902448019238,0.013598000805359334,3.403958002309082,0.049996581852411265,12717.949975990257,{},11.998503997007997,0,16,1.7327595357168848,8,0.0,0.0,0.0,0.0,16.0,{},0.8029468059539795,1751407110.2125618,2025-07-01T21:58:30.212606
false_positive_rate,RSID,16,16,"[2, 3]",2,100,50000,random,,50000,0.0,0,2.1418418289624055e-05,4.283618295096822e-05,0.20105906644118932,0.0552789970242884,0.9550120012136176,0.07387918669610101,4973.66280317682,{},7.9947598951979035,0,8,0.2025514457745807,8,0.0,0.0,0.0,0.0,16.0,{},0.1866617202758789,1751407110.4151466,2025-07-01T21:58:30.415196
false_positive_rate,RSID,16,16,"[2, 3]",2,100,50000,sparse,,50000,0.0,0,2.1418418289624055e-05,4.283618295096822e-05,0.19711719915704862,0.07562000246252865,0.4303049972804729,0.04632100711146365,5073.124031167229,{},3.7758355167103317,0,6,1.152704675181219,8,0.0,0.0,0.0,0.0,16.0,{},0.1459801197052002,1751407110.5776587,2025-07-01T21:58:30.577696
false_positive_rate,RSID,16,16,"[2, 3]",2,100,50000,low_entropy,,50000,0.0,0,2.1418418289624055e-05,4.283618295096822e-05,0.6898655977209955,0.22013399939169176,2.652194998518098,0.1906155013035072,1449.5577157399189,{},11.988779775595514,0,16,1.7514887590230162,8,0.0,0.0,0.0,0.0,16.0,{},0.2026979923248291,1751407110.795604,2025-07-01T21:58:30.795651
false_positive_rate,RSID,16,16,"[2, 3, 4]",3,1,333333,random,,333333,0.0,0,1.4278945526416036e-05,4.283618294099479e-05,0.0034422815358250763,0.0013989993021823466,3.2293059994117357,0.012937750326830161,290505.00070741924,{},7.999123996495987,0,8,0.07906109981216138,8,0.0,0.0,0.0,0.0,16.0,{},0.6580801010131836,1751407111.5122411,2025-07-01T21:58:31.512286
false_positive_rate,RSID,16,16,"[2, 3, 4]",3,1,333333,sparse,,333333,0.0,0,1.4278945526416036e-05,4.283618294099479e-05,0.003743150114514994,0.001677002728683874,2.4641599993628915,0.008301365272901052,267154.6610226108,{},3.7771951087804365,0,6,1.1499828947985988,8,0.0,0.0,0.0,0.0,16.0,{},0.26653122901916504,1751407111.7936091,2025-07-01T21:58:31.793666
false_positive_rate,RSID,16,16,"[2, 3, 4]",3,1,333333,low_entropy,,333333,0.0,0,1.4278945526416036e-05,4.283618294099479e-05,0.012145419863719743,0.00510500103700906,4.775192002853146,0.022145696884384048,82335.5644531611,{},11.999144996579986,0,16,1.7329241130242612,8,0.0,0.0,0.0,0.0,16.0,{},0.6745996475219727,1751407112.483156,2025-07-01T21:58:32.483206
false_positive_rate,RSID,16,16,"[2, 3, 4]",3,10,333333,random,,333333,0.0,0,1.4278945526416036e-05,4.283618294099479e-05,0.029300181828008115,0.007874998118495569,10.178291999181965,0.08333539804769133,34129.481034281416,{},7.999105996423989,0,8,0.07917464234532373,8,0.0,0.0,0.0,0.0,16.0,{},0.6510028839111328,1751407113.150074,2025-07-01T21:58:33.150124
false_positive_rate,RSID,16,16,"[2, 3, 4]",3,10,333333,sparse,,333333,0.0,0,1.4278945526416036e-05,4.283618294099479e-05,0.034761827033298845,0.010388001101091504,10.8039299993834,0.13109618532065456,28767.187611919417,{},3.7771951087804365,0,6,1.1499828947985988,8,0.0,0.0,0.0,0.0,16.0,{},0.23282575607299805,1751407113.3983612,2025-07-01T21:58:33.398412
false_positive_rate,RSID,16,16,"[2, 3, 4]",3,10,333333,low_entropy,,333333,0.0,0,1.4278945526416036e-05,4.283618294099479e-05,0.11110275360286648,0.0316400000883732,3.6177760011923965,0.04527421022710409,9000.677009090798,{},11.999144996579986,0,16,1.7329241130242612,8,0.0,0.0,0.0,0.0,16.0,{},0.634321928024292,1751407114.0936794,2025-07-01T21:58:34.093726
false_positive_rate,RSID,16,16,"[2, 3, 4]",3,100,33333,random,,33333,0.0,0,1.4278945526416036e-05,4.283618294099479e-05,0.22864056820088247,0.04807900040759705,3.3647410018602386,0.17031174391090115,4373.677024461403,{},7.992109684387377,0,8,0.24805459081151437,8,0.0,0.0,0.0,0.0,16.0,{},0.16230154037475586,1751407114.2709453,2025-07-01T21:58:34.270994
false_positive_rate,RSID,16,16,"[2, 3, 4]",3,100,33333,sparse,,33333,0.0,0,1.4278945526416036e-05,4.283618294099479e-05,0.26903437195745605,0.06541100083268248,6.998370998189785,0.45536373597474966,3716.997172978833,{},3.774630985239409,0,6,1.1542291417226933,8,0.0,0.0,0.0,0.0,16.0,{},0.13393807411193848,1751407114.421196,2025-07-01T21:58:34.421246
false_positive_rate,RSID,16,16,"[2, 3, 4]",3,100,33333,low_entropy,,33333,0.0,0,1.4278945526416036e-05,4.283618294099479e-05,0.97382509951868,0.21478300186572596,3.893393000907963,0.29975391560092435,1026.878440999577,{},11.98076923076923,0,16,1.7659368743088226,8,0.0,0.0,0.0,0.0,16.0,{},0.19007229804992676,1751407114.626445,2025-07-01T21:58:34.626502
false_positive_rate,SHA1ID,8,16,[2],1,1,1000000,random,,1000000,0.003874003874003874,3874,0.010966230164287516,0.010966230164287516,0.002712164861332714,0.0009640025382395834,3.807533998042345,0.012734145958306319,368709.1497485946,{},15.937099937099966,0,16,0.26514412439158447,16,15.929,15.0,16.0,0.2568248430350927,8.0,{},1.7389600276947021,1751407116.3668709,2025-07-01T21:58:36.366922
false_positive_rate,SHA1ID,8,16,[2],1,1,1000000,sparse,,1000000,0.004106004106004106,4106,0.010966230164287516,0.010966230164287516,0.0025683326787799563,0.0008700008038431406,11.69298999957391,0.02314568759454165,389357.6592558225,{},3.7763447763447826,0,6,1.1510535757996225,16,2.852,2.0,4.0,0.7590098813586026,8.0,{},0.41413450241088867,1751407116.8314352,2025-07-01T21:58:36.831484
false_positive_rate,SHA1ID,8,16,[2],1,1,1000000,low_entropy,,1000000,0.003841003841003841,3841,0.010966230164287516,0.010966230164287516,0.005292071110283105,0.001925000105984509,9.416070999577641,0.026258912506636044,188961.93553727661,{},11.997897997897988,0,16,1.7322813158838584,16,12.024,6.0,16.0,1.7531183645150719,8.0,{},1.2685439586639404,1751407118.101363,2025-07-01T21:58:38.101416
false_positive_rate,SHA1ID,8,16,[2],1,10,1000000,random,,1000000,0.0388960388960389,38896,0.010966230164287516,0.010966230164287516,0.02042847621318831,0.0011029987945221364,3.925613000319572,0.03747227355040093,48951.27710770788,{},15.93697293697294,0,16,0.2652289813507536,16,15.923,14.0,16.0,0.2703164811845552,8.0,{},1.7164089679718018,1751407119.8189738,2025-07-01T21:58:39.819022
false_positive_rate,SHA1ID,8,16,[2],1,10,1000000,sparse,,1000000,0.040978040978040975,40978,0.010966230164287516,0.010966230164287516,0.02210299808875587,0.0010709991329349577,12.292593000893248,0.14143557974785292,45242.73114373182,{},3.7763447763447826,0,6,1.1510535757996225,16,2.853,2.0,4.0,0.7598624875594269,8.0,{},0.36319947242736816,1751407120.183386,2025-07-01T21:58:40.183434
false_positive_rate,SHA1ID,8,16,[2],1,10,1000000,low_entropy,,1000000,0.037807037807037806,37807,0.010966230164287516,0.010966230164287516,0.046164265076634195,0.002587999915704131,8.548427002097014,0.051295456086224954,21661.77666513194,{},11.997897997897988,0,16,1.7322813158838584,16,12.076,6.0,16.0,1.6900366859923486,8.0,{},1.1723296642303467,1751407121.3570035,2025-07-01T21:58:41.357053
false_positive_rate,SHA1ID,8,16,[2],1,100,100000,random,,100000,0.3219632196321963,32196,0.010966230164287516,0.010966230164287516,0.14230158402384063,0.0023620013962499797,2.8513700017356314,0.162705303761493,7027.3286615872385,{},15.931109311093108,0,16,0.3801306613198599,16,15.932307692307692,15.0,16.0,0.2512171554086178,8.0,{},0.21625614166259766,1751407121.6217065,2025-07-01T21:58:41.621752
false_positive_rate,SHA1ID,8,16,[2],1,100,100000,sparse,,100000,0.3070330703307033,30703,0.010966230164287516,0.010966230164287516,0.1353224462654623,0.0013300013961270452,9.747280000738101,0.38708637457511574,7389.757040293952,{},3.776017760177602,0,6,1.1514519349866015,16,2.8640776699029127,2.0,4.0,0.7722770562256555,8.0,{},0.07855701446533203,1751407121.7014976,2025-07-01T21:58:41.701547
false_positive_rate,SHA1ID,8,16,[2],1,100,100000,low_entropy,,100000,0.3272032720327203,32720,0.010966230164287516,0.010966230164287516,0.33747666302730295,0.0033919968700502068,10.440972000651527,0.4924574837563288,2963.1678559032594,{},11.992609926099261,0,16,1.7392348376696345,16,12.078549848942599,7.0,16.0,1.7878050340179987,8.0,{},0.15220236778259277,1751407121.855038,2025-07-01T21:58:41.855091
false_positive_rate,SHA1ID,16,16,[2],1,1,1000000,random,,1000000,1.6000016000016e-05,16,4.283683657924811e-05,4.283683657924811e-05,0.0027597044706555197,0.0009329996828455478,4.719066000689054,0.01600090347283343,362357.6403318531,{},7.9996339996340025,0,8,0.046452116744170144,8,8.0,8.0,8.0,0.0,16.0,{},1.8374443054199219,1751407123.6938105,2025-07-01T21:58:43.693858
false_positive_rate,SHA1ID,16,16,[2],1,1,1000000,sparse,,1000000,2.1000021000021e-05,21,4.283683657924811e-05,4.283683657924811e-05,0.0026615350962208924,0.0009140021575149149,11.53264100139495,0.02803496788684891,375723.0184264328,{},3.777251777251785,0,6,1.1497462121197908,8,2.4761904761904763,2.0,4.0,0.5870870479018072,16.0,{},0.419034481048584,1751407124.1141033,2025-07-01T21:58:44.114149
false_positive_rate,SHA1ID,16,16,[2],1,1,1000000,low_entropy,,1000000,1.3000013000013e-05,13,4.283683657924811e-05,4.283683657924811e-05,0.005401541915611364,0.0019649996829684824,12.72090299971751,0.024782765398671774,185132.32251513813,{},11.997897997897988,0,16,1.7322813158838584,8,11.846153846153847,8.0,15.0,1.7473564140923918,16.0,{},1.2496047019958496,1751407125.410849,2025-07-01T21:58:45.410899
false_positive_rate,SHA1ID,16,16,[2],1,10,1000000,random,,1000000,0.00014000014000014,140,4.283683657924811e-05,4.283683657924811e-05,0.021120771221607017,0.004846999217988923,9.54365500001586,0.05391257857146395,47346.75592607991,{},7.999631999631993,0,8,0.04647362284160193,8,8.0,8.0,8.0,0.0,16.0,{},1.7207365036010742,1751407127.132844,2025-07-01T21:58:47.132897
false_positive_rate,SHA1ID,16,16,[2],1,10,1000000,sparse,,1000000,0.00021000021000021,210,4.283683657924811e-05,4.283683657924811e-05,0.022707436110412153,0.004051998985232785,9.636241000407608,0.05494153914705477,44038.43723869226,{},3.777251777251785,0,6,1.1497462121197908,8,2.4761904761904763,2.0,4.0,0.5870870479018072,16.0,{},0.360584020614624,1751407127.494663,2025-07-01T21:58:47.494711
false_positive_rate,SHA1ID,16,16,[2],1,10,1000000,low_entropy,,1000000,0.00014000014000014,140,4.283683657924811e-05,4.283683657924811e-05,0.048145889440458556,0.006023998139426112,9.848641999269603,0.07065301600314114,20770.20513322717,{},11.997897997897988,0,16,1.7322813158838584,8,11.214285714285714,9.0,13.0,1.2058530725810095,16.0,{},1.1604971885681152,1751407128.6564693,2025-07-01T21:58:48.656525
false_positive_rate,SHA1ID,16,16,[2],1,100,100000,random,,100000,0.001000010000100001,100,4.283683657924811e-05,4.283683657924811e-05,0.20078188873640102,0.023949000024003908,7.948884001962142,0.32091559284078414,4980.528902748108,{},7.99731997319973,0,8,0.14347973248055715,8,8.0,8.0,8.0,0.0,16.0,{},0.21247482299804688,1751407128.8703723,2025-07-01T21:58:48.870420
false_positive_rate,SHA1ID,16,16,[2],1,100,100000,sparse,,100000,0.005000050000500005,500,4.283683657924811e-05,4.283683657924811e-05,0.18602181733484713,0.026680998416850343,3.7433580000652,0.17828544475776775,5375.713528268341,{},3.7763977639776374,0,6,1.1512306843300646,8,2.6,2.0,4.0,0.8,16.0,{},0.08266901969909668,1751407129.0047295,2025-07-01T21:58:49.004782
false_positive_rate,SHA1ID,16,16,[2],1,100,100000,low_entropy,,100000,0.002000020000200002,200,4.283683657924811e-05,4.283683657924811e-05,0.4287698407736684,0.05604600301012397,11.243378998187836,0.6897194919319342,2332.253589001524,{},11.992609926099261,0,16,1.7392348376696345,8,13.5,13.0,14.0,0.5,16.0,{},0.1741178035736084,1751407129.1802514,2025-07-01T21:58:49.180302
false_positive_rate,SHA256ID,8,16,[2],1,1,1000000,random,,1000000,0.003876003876003876,3876,0.010966230164287516,0.010966230164287516,0.004347667931189284,0.0014459983503911644,8.31746100084274,0.02737850313174658,230008.3667444341,{},15.936598936598946,0,16,0.2662275567988957,16,15.94,14.0,16.0,0.24166091947189142,8.0,{},1.7357301712036133,1751407130.9173226,2025-07-01T21:58:50.917377
false_positive_rate,SHA256ID,8,16,[2],1,1,1000000,sparse,,1000000,0.003155003155003155,3155,0.010966230164287516,0.010966230164287516,0.00407688295108911,0.0013610006135422736,11.129159000120126,0.02850460964201832,245285.43301270332,{},3.7763447763447826,0,6,1.1510535757996225,16,3.297,2.0,4.0,0.7634074927586184,8.0,{},0.5316712856292725,1751407131.4503014,2025-07-01T21:58:51.450353
false_positive_rate,SHA256ID,8,16,[2],1,1,1000000,low_entropy,,1000000,0.003994003994003994,3994,0.010966230164287516,0.010966230164287516,0.007069746477035057,0.0025749977794475853,4.816863998712506,0.024123146835693103,141447.78787306452,{},11.997897997897988,0,16,1.7322813158838584,16,11.949,5.0,16.0,1.7024685019112689,8.0,{},1.4395697116851807,1751407132.8911831,2025-07-01T21:58:52.891230
false_positive_rate,SHA256ID,8,16,[2],1,10,1000000,random,,1000000,0.03759003759003759,37590,0.010966230164287516,0.010966230164287516,0.034110053120311117,0.001649001205805689,4.980522000550991,0.054105213926885186,29316.87020459495,{},15.93683093683095,0,16,0.2658279196617565,16,15.934,14.0,16.0,0.2562108506679606,8.0,{},1.70809006690979,1751407134.6457353,2025-07-01T21:58:54.645780
false_positive_rate,SHA256ID,8,16,[2],1,10,1000000,sparse,,1000000,0.031107031107031106,31107,0.010966230164287516,0.010966230164287516,0.03496389413855947,0.0016330013750120997,11.02334800089011,0.1199729117692391,28600.93318087138,{},3.7763447763447826,0,6,1.1510535757996225,16,3.302,2.0,4.0,0.7660261092156063,8.0,{},0.4431154727935791,1751407135.0901058,2025-07-01T21:58:55.090151
false_positive_rate,SHA256ID,8,16,[2],1,10,1000000,low_entropy,,1000000,0.03911903911903912,39119,0.010966230164287516,0.010966230164287516,0.05970356835857374,0.002836000930983573,12.89369599908241,0.12936786475769516,16749.41762264692,{},11.997897997897988,0,16,1.7322813158838584,16,12.007,6.0,16.0,1.7398134957517717,8.0,{},1.2952160835266113,1751407136.386563,2025-07-01T21:58:56.386604
false_positive_rate,SHA256ID,8,16,[2],1,100,100000,random,,100000,0.3254832548325483,32548,0.010966230164287516,0.010966230164287516,0.28713999319052164,0.0019649996829684824,8.663802000228316,0.4282192487229917,3482.6218002188402,{},15.933139331393317,0,16,0.3780811776940766,16,15.948012232415902,15.0,16.0,0.22200234144197598,8.0,{},0.2133791446685791,1751407136.6010773,2025-07-01T21:58:56.601128
false_positive_rate,SHA256ID,8,16,[2],1,100,100000,sparse,,100000,0.26824268242682425,26824,0.010966230164287516,0.010966230164287516,0.30641278415544093,0.0042909996409434825,2.206919001764618,0.16522844368106906,3263.571403380831,{},3.776017760177602,0,6,1.1514519349866015,16,3.3680297397769516,2.0,4.0,0.7868932270571454,8.0,{},0.07913613319396973,1751407136.6815217,2025-07-01T21:58:56.681578
false_positive_rate,SHA256ID,8,16,[2],1,100,100000,low_entropy,,100000,0.3127531275312753,31275,0.010966230164287516,0.010966230164287516,0.4475763545457312,0.006436999683501199,3.8577699997404125,0.23560290464632772,2234.2556523455146,{},11.992609926099261,0,16,1.7392348376696345,16,11.883280757097792,6.0,16.0,1.934806039409233,8.0,{},0.1704263687133789,1751407136.899718,2025-07-01T21:58:56.899769
false_positive_rate,SHA256ID,16,16,[2],1,1,1000000,random,,1000000,1.000001000001e-05,10,4.283683657924811e-05,4.283683657924811e-05,0.004112707693146085,0.001448999682907015,4.01771700126119,0.011729572487786439,243148.81450644336,{},7.999627999628001,0,8,0.0465166049505106,8,8.0,8.0,8.0,0.0,16.0,{},2.230360507965088,1751407139.131448,2025-07-01T21:58:59.131505
false_positive_rate,SHA256ID,16,16,[2],1,1,1000000,sparse,,1000000,2.7000027000027e-05,27,4.283683657924811e-05,4.283683657924811e-05,0.004045813834566939,0.0014049983292352408,10.684348999348003,0.024708085022516167,247169.05940063833,{},3.777251777251785,0,6,1.1497462121197908,8,2.7037037037037037,2.0,4.0,0.7104935590092918,16.0,{},0.5510711669921875,1751407139.6837778,2025-07-01T21:58:59.683830
false_positive_rate,SHA256ID,16,16,[2],1,1,1000000,low_entropy,,1000000,1.3000013000013e-05,13,4.283683657924811e-05,4.283683657924811e-05,0.007119032590209019,0.002467997546773404,12.450204998458503,0.03318008357971962,140468.52396424266,{},11.997897997897988,0,16,1.7322813158838584,8,12.384615384615385,9.0,14.0,1.6426274233894325,16.0,{},1.4071402549743652,1751407141.092214,2025-07-01T21:59:01.092266
false_positive_rate,SHA256ID,16,16,[2],1,10,1000000,random,,1000000,0.00015000015000015,150,4.283683657924811e-05,4.283683657924811e-05,0.035122361196903575,0.0020129991753492504,5.484368997713318,0.05884575300235668,28471.88987078013,{},7.9996219996220015,0,8,0.04658100310609086,8,8.0,8.0,8.0,0.0,16.0,{},1.7392582893371582,1751407142.8328,2025-07-01T21:59:02.832846
false_positive_rate,SHA256ID,16,16,[2],1,10,1000000,sparse,,1000000,0.00027000027000027,270,4.283683657924811e-05,4.283683657924811e-05,0.03595798804408425,0.0052439972932916135,9.995274998800596,0.04659127004363507,27810.232284798767,{},3.777251777251785,0,6,1.1497462121197908,8,2.7037037037037037,2.0,4.0,0.7104935590092918,16.0,{},0.45679497718811035,1751407143.3382118,2025-07-01T21:59:03.338257
false_positive_rate,SHA256ID,16,16,[2],1,10,1000000,low_entropy,,1000000,9.000009000009e-05,90,4.283683657924811e-05,4.283683657924811e-05,0.061094918933983555,0.0034770018828567117,6.930600000487175,0.07148751267822824,16367.973269275559,{},11.997897997897988,0,16,1.7322813158838584,8,11.555555555555555,10.0,14.0,1.2570787221094177,16.0,{},1.2997910976409912,1751407144.6393585,2025-07-01T21:59:04.639407
false_positive_rate,SHA256ID,16,16,[2],1,100,100000,random,,100000,0.001000010000100001,100,4.283683657924811e-05,4.283683657924811e-05,0.3214761269489941,0.038595000660279766,6.344874000205891,0.3302079188182704,3110.6508887319696,{},7.997349973499734,0,8,0.14337573978095378,8,8.0,8.0,8.0,0.0,16.0,{},0.21041321754455566,1751407144.8511412,2025-07-01T21:59:04.851189
false_positive_rate,SHA256ID,16,16,[2],1,100,100000,sparse,,100000,0.005000050000500005,500,4.283683657924811e-05,4.283683657924811e-05,0.32788711328990416,0.041469997086096555,10.053670001070714,0.5913680072641556,3049.830138081217,{},3.7763977639776374,0,6,1.1512306843300646,8,2.6,2.0,4.0,0.8,16.0,{},0.08842968940734863,1751407144.9408972,2025-07-01T21:59:04.940948
false_positive_rate,SHA256ID,16,16,[2],1,100,100000,low_entropy,,100000,0.001000010000100001,100,4.283683657924811e-05,4.283683657924811e-05,0.6200632685846585,0.006843001756351441,18.466943001840264,1.170496624747221,1612.7386521097692,{},11.992609926099261,0,16,1.7392348376696345,8,10.0,10.0,10.0,0.0,16.0,{},0.19207167625427246,1751407145.1342964,2025-07-01T21:59:05.134343
